Age,State,Income,Ethnicity,Education
55-64,Florida,"$100,000 to $149,999",White,"Some college, no degree"
65+,Massachusetts,"$25,000 to $49,999",White,Associate's degree
45-54,Iowa,"$75,000 to $99,999",White,"Graduate degree, professional degree or PhD"
45-54,Nevada,"$75,000 to $99,999",White,High school graduate (includes equivalency)
65+,Kansas,"Less than $25,000",White,High school graduate (includes equivalency)
55-64,Minnesota,"Less than $25,000",White,"Some college, no degree"
65+,New York,"$100,000 to $149,999",White,"Some college, no degree"
45-54,Alabama,"$25,000 to $49,999",White,Bachelor's degree
65+,California,"$25,000 to $49,999",White,Bachelor's degree
55-64,Wisconsin,"$25,000 to $49,999",White,"Some college, no degree"
18-24,New York,"$50,000 to $74,999",Asian,"Some college, no degree"
65+,Idaho,"$50,000 to $74,999",White,"Graduate degree, professional degree or PhD"
55-64,California,"Less than $25,000",White,"Some college, no degree"
25-34,Virginia,"$100,000 to $149,999",White,Bachelor's degree
25-34,Illinois,"$75,000 to $99,999",HispanicOrLatino,"Some college, no degree"
25-34,Mississippi,"$150,000 or greater",White,Bachelor's degree
65+,New Jersey,"Less than $25,000",White,"Some college, no degree"
65+,Colorado,"$25,000 to $49,999",White,"Some college, no degree"
65+,Connecticut,"$50,000 to $74,999",Other,Associate's degree
35-44,Georgia,"$150,000 or greater",White,"Graduate degree, professional degree or PhD"
65+,Virginia,"Less than $25,000",BlackOrAfricanAmerican,High school graduate (includes equivalency)
65+,Texas,"$50,000 to $74,999",White,High school graduate (includes equivalency)
45-54,Texas,"$25,000 to $49,999",BlackOrAfricanAmerican,"Some college, no degree"
65+,Rhode Island,"$50,000 to $74,999",White,Bachelor's degree
55-64,Virginia,"$150,000 or greater",BlackOrAfricanAmerican,"Some college, no degree"
25-34,Oklahoma,"$100,000 to $149,999",White,Bachelor's degree
35-44,New Jersey,"$100,000 to $149,999",White,Bachelor's degree
35-44,Arizona,"$50,000 to $74,999",White,"Graduate degree, professional degree or PhD"
65+,Florida,"$150,000 or greater",White,"Graduate degree, professional degree or PhD"
65+,Indiana,"$50,000 to $74,999",White,Associate's degree
65+,Maine,"$50,000 to $74,999",White,High school graduate (includes equivalency)
65+,Utah,"Less than $25,000",White,"9th to 12th grade, no diploma"
55-64,Texas,"Less than $25,000",White,"Some college, no degree"
18-24,Oregon,"Less than $25,000",White,No schooling completed
25-34,Georgia,"$25,000 to $49,999",White,"Graduate degree, professional degree or PhD"
45-54,Minnesota,"$100,000 to $149,999",White,"Graduate degree, professional degree or PhD"
25-34,Maryland,"$75,000 to $99,999",BlackOrAfricanAmerican,Bachelor's degree
45-54,Alabama,"Less than $25,000",Other,Associate's degree
65+,Pennsylvania,"$100,000 to $149,999",White,High school graduate (includes equivalency)
18-24,Ohio,"$100,000 to $149,999",BlackOrAfricanAmerican,High school graduate (includes equivalency)
45-54,Massachusetts,"$25,000 to $49,999",White,High school graduate (includes equivalency)
65+,New York,"$25,000 to $49,999",White,High school graduate (includes equivalency)
65+,New York,"$50,000 to $74,999",White,High school graduate (includes equivalency)
65+,North Dakota,"$50,000 to $74,999",White,"Some college, no degree"
65+,North Carolina,"$50,000 to $74,999",White,"Some college, no degree"
35-44,Alabama,"$150,000 or greater",White,"Graduate degree, professional degree or PhD"
45-54,Arkansas,"$150,000 or greater",Other,"Graduate degree, professional degree or PhD"
35-44,Georgia,"$150,000 or greater",White,Associate's degree
25-34,Illinois,"$25,000 to $49,999",White,High school graduate (includes equivalency)
25-34,Georgia,"$25,000 to $49,999",White,"Some college, no degree"
65+,Kansas,"Less than $25,000",White,"Some college, no degree"
65+,Connecticut,"$50,000 to $74,999",White,"Graduate degree, professional degree or PhD"
45-54,Oregon,"$50,000 to $74,999",White,"Some college, no degree"
25-34,Florida,"$25,000 to $49,999",White,"Some college, no degree"
55-64,Dc,"$50,000 to $74,999",BlackOrAfricanAmerican,"Some college, no degree"
55-64,California,"$75,000 to $99,999",White,"Some college, no degree"
35-44,Pennsylvania,"Less than $25,000",White,"Some college, no degree"
35-44,Texas,"Less than $25,000",White,Associate's degree
55-64,North Carolina,"$25,000 to $49,999",White,"Graduate degree, professional degree or PhD"
55-64,Pennsylvania,"Less than $25,000",White,"9th to 12th grade, no diploma"
65+,New York,"$75,000 to $99,999",White,"Graduate degree, professional degree or PhD"
25-34,Utah,"Less than $25,000",White,Associate's degree
25-34,Florida,"Less than $25,000",BlackOrAfricanAmerican,"9th to 12th grade, no diploma"
55-64,California,"Less than $25,000",White,"Graduate degree, professional degree or PhD"
35-44,California,"$50,000 to $74,999",HispanicOrLatino,"Graduate degree, professional degree or PhD"
45-54,Ohio,"Less than $25,000",Other,Bachelor's degree
55-64,Texas,"$150,000 or greater",White,"Graduate degree, professional degree or PhD"
55-64,New York,"$100,000 to $149,999",White,"Graduate degree, professional degree or PhD"
25-34,California,"$75,000 to $99,999",Asian,"Graduate degree, professional degree or PhD"
65+,Minnesota,"$50,000 to $74,999",White,Bachelor's degree
65+,Colorado,"$100,000 to $149,999",White,"Graduate degree, professional degree or PhD"
35-44,Oklahoma,"Less than $25,000",White,High school graduate (includes equivalency)
25-34,New York,"$100,000 to $149,999",BlackOrAfricanAmerican,"Graduate degree, professional degree or PhD"
45-54,California,"$50,000 to $74,999",White,"Graduate degree, professional degree or PhD"
45-54,Connecticut,"$75,000 to $99,999",HispanicOrLatino,Associate's degree
65+,Wisconsin,"$50,000 to $74,999",White,High school graduate (includes equivalency)
55-64,Maryland,"$150,000 or greater",White,"Some college, no degree"
65+,New Jersey,"$150,000 or greater",White,Bachelor's degree
55-64,Virginia,"$50,000 to $74,999",BlackOrAfricanAmerican,Bachelor's degree
18-24,Missouri,"$100,000 to $149,999",White,"Some college, no degree"
35-44,Florida,"Less than $25,000",White,High school graduate (includes equivalency)
65+,Ohio,"Less than $25,000",White,High school graduate (includes equivalency)
35-44,Texas,"$25,000 to $49,999",White,High school graduate (includes equivalency)
45-54,Maryland,"Less than $25,000",White,Bachelor's degree
45-54,Louisiana,"Less than $25,000",BlackOrAfricanAmerican,High school graduate (includes equivalency)
55-64,Florida,"Less than $25,000",HispanicOrLatino,"Some college, no degree"
45-54,New Mexico,"$50,000 to $74,999",White,"Graduate degree, professional degree or PhD"
55-64,Montana,"Less than $25,000",White,"9th to 12th grade, no diploma"
55-64,New Jersey,"$50,000 to $74,999",White,High school graduate (includes equivalency)
45-54,New York,"Less than $25,000",HispanicOrLatino,Bachelor's degree
65+,California,"$75,000 to $99,999",White,"Some college, no degree"
65+,Connecticut,"$75,000 to $99,999",White,"Some college, no degree"
55-64,Hawaii,"$25,000 to $49,999",Other,"Some college, no degree"
45-54,Indiana,"Less than $25,000",White,Associate's degree
45-54,Florida,"$150,000 or greater",BlackOrAfricanAmerican,"Some college, no degree"
35-44,Texas,"Less than $25,000",BlackOrAfricanAmerican,High school graduate (includes equivalency)
55-64,New Hampshire,"$100,000 to $149,999",White,"Some college, no degree"
55-64,Florida,"$25,000 to $49,999",White,Less than 9th grade
65+,Kansas,"$25,000 to $49,999",White,"Some college, no degree"
35-44,Michigan,"$25,000 to $49,999",White,High school graduate (includes equivalency)
35-44,Florida,"$150,000 or greater",White,"Graduate degree, professional degree or PhD"
65+,Alabama,"$50,000 to $74,999",White,"Some college, no degree"
45-54,Texas,"$75,000 to $99,999",BlackOrAfricanAmerican,"Some college, no degree"
65+,California,"Less than $25,000",Other,"Some college, no degree"
65+,Wisconsin,"$50,000 to $74,999",White,Associate's degree
45-54,Tennessee,"$100,000 to $149,999",White,Associate's degree
65+,Texas,"$150,000 or greater",BlackOrAfricanAmerican,"Graduate degree, professional degree or PhD"
65+,Michigan,"$75,000 to $99,999",White,Bachelor's degree
65+,North Carolina,"$25,000 to $49,999",White,Associate's degree
65+,Maine,"$50,000 to $74,999",White,Associate's degree
65+,Texas,"Less than $25,000",HispanicOrLatino,"Graduate degree, professional degree or PhD"
45-54,Oregon,"$25,000 to $49,999",White,High school graduate (includes equivalency)
55-64,Florida,"$25,000 to $49,999",White,"9th to 12th grade, no diploma"
35-44,Indiana,"$50,000 to $74,999",BlackOrAfricanAmerican,"Some college, no degree"
55-64,Illinois,"$25,000 to $49,999",BlackOrAfricanAmerican,High school graduate (includes equivalency)
65+,North Carolina,"$25,000 to $49,999",White,Associate's degree
65+,Texas,"$25,000 to $49,999",White,"Some college, no degree"
45-54,Ohio,"$50,000 to $74,999",White,Associate's degree
35-44,Wisconsin,"$100,000 to $149,999",White,"Some college, no degree"
65+,California,"$100,000 to $149,999",BlackOrAfricanAmerican,"Some college, no degree"
35-44,Georgia,"$150,000 or greater",White,"Graduate degree, professional degree or PhD"
65+,Ohio,"$50,000 to $74,999",White,"Some college, no degree"
35-44,Alabama,"$25,000 to $49,999",White,"Some college, no degree"
18-24,Kentucky,"$25,000 to $49,999",White,High school graduate (includes equivalency)
65+,Pennsylvania,"$75,000 to $99,999",White,Bachelor's degree
65+,Pennsylvania,"$25,000 to $49,999",White,"Some college, no degree"
55-64,New York,"$150,000 or greater",Other,Bachelor's degree
55-64,Texas,"Less than $25,000",White,"Some college, no degree"
55-64,Louisiana,"$100,000 to $149,999",White,"Some college, no degree"
55-64,California,"$50,000 to $74,999",White,"Some college, no degree"
65+,Florida,"$75,000 to $99,999",White,"Some college, no degree"
65+,Washington,"$50,000 to $74,999",White,"Graduate degree, professional degree or PhD"
65+,Texas,"Less than $25,000",Other,High school graduate (includes equivalency)
55-64,Florida,"$150,000 or greater",Other,"Graduate degree, professional degree or PhD"
25-34,California,"$100,000 to $149,999",White,"Graduate degree, professional degree or PhD"
35-44,California,"$150,000 or greater",White,High school graduate (includes equivalency)
25-34,Washington,"Less than $25,000",White,High school graduate (includes equivalency)
18-24,Louisiana,"$25,000 to $49,999",BlackOrAfricanAmerican,Bachelor's degree
65+,Nevada,"Less than $25,000",White,"Some college, no degree"
45-54,Texas,"$100,000 to $149,999",BlackOrAfricanAmerican,"Some college, no degree"
55-64,Colorado,"$75,000 to $99,999",White,High school graduate (includes equivalency)
45-54,North Carolina,"$50,000 to $74,999",White,Bachelor's degree
18-24,Texas,"$150,000 or greater",White,High school graduate (includes equivalency)
65+,New York,"Less than $25,000",White,"9th to 12th grade, no diploma"
25-34,Michigan,"$50,000 to $74,999",White,"Graduate degree, professional degree or PhD"
35-44,Ohio,"$25,000 to $49,999",White,"Some college, no degree"
65+,Pennsylvania,"Less than $25,000",White,"9th to 12th grade, no diploma"
65+,Washington,"$25,000 to $49,999",Asian,Bachelor's degree
55-64,Michigan,"$50,000 to $74,999",White,High school graduate (includes equivalency)
55-64,New Jersey,"$150,000 or greater",White,"Graduate degree, professional degree or PhD"
65+,Pennsylvania,"$75,000 to $99,999",White,Bachelor's degree
55-64,Pennsylvania,"$25,000 to $49,999",White,"Graduate degree, professional degree or PhD"
65+,California,"$75,000 to $99,999",White,High school graduate (includes equivalency)
35-44,North Carolina,"$50,000 to $74,999",BlackOrAfricanAmerican,"Some college, no degree"
65+,Delaware,"Less than $25,000",White,Associate's degree
55-64,Maryland,"$75,000 to $99,999",White,High school graduate (includes equivalency)
65+,New York,"$150,000 or greater",White,"Some college, no degree"
65+,Pennsylvania,"$25,000 to $49,999",White,High school graduate (includes equivalency)
65+,Mississippi,"$50,000 to $74,999",White,Associate's degree
45-54,Florida,"$50,000 to $74,999",White,"Some college, no degree"
55-64,New Mexico,"$150,000 or greater",White,"Some college, no degree"
65+,Ohio,"$25,000 to $49,999",White,High school graduate (includes equivalency)
45-54,South Carolina,"Less than $25,000",White,High school graduate (includes equivalency)
65+,Virginia,"Less than $25,000",White,High school graduate (includes equivalency)
45-54,Michigan,"$25,000 to $49,999",BlackOrAfricanAmerican,"9th to 12th grade, no diploma"
65+,Florida,"$25,000 to $49,999",White,"Graduate degree, professional degree or PhD"
65+,West Virginia,"Less than $25,000",White,High school graduate (includes equivalency)
25-34,Pennsylvania,"$50,000 to $74,999",White,"Graduate degree, professional degree or PhD"
65+,New Jersey,"$25,000 to $49,999",White,Bachelor's degree
55-64,Florida,"Less than $25,000",White,"Some college, no degree"
45-54,Michigan,"$25,000 to $49,999",White,"Some college, no degree"
45-54,Michigan,"$150,000 or greater",White,"Graduate degree, professional degree or PhD"
35-44,Indiana,"$100,000 to $149,999",BlackOrAfricanAmerican,"Some college, no degree"
35-44,Georgia,"$150,000 or greater",White,No schooling completed
65+,California,"Less than $25,000",White,Associate's degree
65+,Tennessee,"$150,000 or greater",White,"Graduate degree, professional degree or PhD"
55-64,Texas,"$75,000 to $99,999",White,"Some college, no degree"
25-34,Idaho,"$25,000 to $49,999",White,Bachelor's degree
35-44,Florida,"$50,000 to $74,999",White,"Graduate degree, professional degree or PhD"
65+,Virginia,"$25,000 to $49,999",White,High school graduate (includes equivalency)
65+,Ohio,"Less than $25,000",White,"Some college, no degree"
55-64,Indiana,"Less than $25,000",White,High school graduate (includes equivalency)
65+,Colorado,"$25,000 to $49,999",White,Associate's degree
65+,Florida,"$25,000 to $49,999",White,High school graduate (includes equivalency)
65+,New York,"$75,000 to $99,999",White,"Some college, no degree"
45-54,North Carolina,"$150,000 or greater",White,"Graduate degree, professional degree or PhD"
35-44,Georgia,"Less than $25,000",BlackOrAfricanAmerican,High school graduate (includes equivalency)
18-24,Rhode Island,"$25,000 to $49,999",White,"Some college, no degree"
55-64,Texas,"$150,000 or greater",HispanicOrLatino,Bachelor's degree
65+,New York,"$50,000 to $74,999",White,Bachelor's degree
55-64,Washington,"$25,000 to $49,999",White,"9th to 12th grade, no diploma"
65+,Texas,"Less than $25,000",White,High school graduate (includes equivalency)
35-44,Georgia,"Less than $25,000",White,"9th to 12th grade, no diploma"
45-54,Texas,"Less than $25,000",HispanicOrLatino,"9th to 12th grade, no diploma"
18-24,New Jersey,"$100,000 to $149,999",White,Bachelor's degree
65+,California,"$50,000 to $74,999",Asian,"Graduate degree, professional degree or PhD"
65+,California,"$75,000 to $99,999",White,High school graduate (includes equivalency)
65+,Ohio,"Less than $25,000",BlackOrAfricanAmerican,Associate's degree
25-34,New York,"$75,000 to $99,999",HispanicOrLatino,Associate's degree
35-44,Illinois,"$150,000 or greater",White,"Graduate degree, professional degree or PhD"
65+,Florida,"$25,000 to $49,999",White,"Some college, no degree"
65+,Pennsylvania,"$150,000 or greater",White,"Some college, no degree"
45-54,Texas,"$75,000 to $99,999",White,"Some college, no degree"
35-44,New Jersey,"$25,000 to $49,999",HispanicOrLatino,No schooling completed
45-54,Indiana,"Less than $25,000",White,High school graduate (includes equivalency)
35-44,Massachusetts,"$100,000 to $149,999",BlackOrAfricanAmerican,"Graduate degree, professional degree or PhD"
65+,New York,"Less than $25,000",White,High school graduate (includes equivalency)
35-44,Louisiana,"$50,000 to $74,999",White,Bachelor's degree
65+,Michigan,"$25,000 to $49,999",White,Bachelor's degree
35-44,Mississippi,"$150,000 or greater",White,High school graduate (includes equivalency)
35-44,New York,"$150,000 or greater",White,"Graduate degree, professional degree or PhD"
65+,Florida,"$50,000 to $74,999",BlackOrAfricanAmerican,Bachelor's degree
55-64,Pennsylvania,"Less than $25,000",BlackOrAfricanAmerican,High school graduate (includes equivalency)
55-64,Florida,"$25,000 to $49,999",White,"Graduate degree, professional degree or PhD"
25-34,Florida,"Less than $25,000",HispanicOrLatino,Associate's degree
55-64,Kentucky,"Less than $25,000",White,High school graduate (includes equivalency)
45-54,Michigan,"$50,000 to $74,999",BlackOrAfricanAmerican,High school graduate (includes equivalency)
65+,Wisconsin,"$50,000 to $74,999",White,"Some college, no degree"
65+,Massachusetts,"$50,000 to $74,999",White,Bachelor's degree
55-64,Kansas,"$75,000 to $99,999",White,Bachelor's degree
55-64,New York,"$50,000 to $74,999",White,Associate's degree
65+,Illinois,"$75,000 to $99,999",White,"Some college, no degree"
55-64,Texas,"$100,000 to $149,999",HispanicOrLatino,"Graduate degree, professional degree or PhD"
18-24,Michigan,"Less than $25,000",White,"Some college, no degree"
25-34,Georgia,"$50,000 to $74,999",HispanicOrLatino,"Graduate degree, professional degree or PhD"
65+,Oklahoma,"$25,000 to $49,999",White,Associate's degree
65+,California,"$25,000 to $49,999",White,Associate's degree
25-34,North Carolina,"$25,000 to $49,999",Other,Bachelor's degree
35-44,Michigan,"Less than $25,000",BlackOrAfricanAmerican,"Some college, no degree"
65+,Washington,"Less than $25,000",White,Bachelor's degree
35-44,Virginia,"$25,000 to $49,999",White,High school graduate (includes equivalency)
55-64,California,"Less than $25,000",White,No schooling completed
65+,Massachusetts,"$150,000 or greater",White,"Graduate degree, professional degree or PhD"
25-34,Michigan,"$25,000 to $49,999",White,"Some college, no degree"
55-64,Arizona,"Less than $25,000",White,Associate's degree
25-34,Alabama,"Less than $25,000",White,High school graduate (includes equivalency)
35-44,California,"$75,000 to $99,999",White,"Graduate degree, professional degree or PhD"
25-34,Georgia,"Less than $25,000",BlackOrAfricanAmerican,High school graduate (includes equivalency)
65+,Oklahoma,"$50,000 to $74,999",White,Bachelor's degree
55-64,Maryland,"$75,000 to $99,999",White,"Some college, no degree"
55-64,Florida,"$25,000 to $49,999",White,"Some college, no degree"
65+,Illinois,"$100,000 to $149,999",White,Bachelor's degree
65+,Ohio,"$25,000 to $49,999",White,High school graduate (includes equivalency)
55-64,Kansas,"$75,000 to $99,999",White,"Some college, no degree"
35-44,Michigan,"Less than $25,000",BlackOrAfricanAmerican,"9th to 12th grade, no diploma"
65+,Texas,"$50,000 to $74,999",White,Bachelor's degree
55-64,Missouri,"$75,000 to $99,999",White,"Some college, no degree"
25-34,Texas,"$100,000 to $149,999",BlackOrAfricanAmerican,Bachelor's degree
55-64,California,"$150,000 or greater",White,Bachelor's degree
65+,Florida,"Less than $25,000",BlackOrAfricanAmerican,"9th to 12th grade, no diploma"
65+,Colorado,"$75,000 to $99,999",White,Bachelor's degree
55-64,New Mexico,"$25,000 to $49,999",White,"Some college, no degree"
55-64,Florida,"Less than $25,000",White,Associate's degree
65+,Iowa,"$150,000 or greater",White,"Graduate degree, professional degree or PhD"
65+,Ohio,"$50,000 to $74,999",White,Bachelor's degree
35-44,California,"$25,000 to $49,999",Other,High school graduate (includes equivalency)
55-64,Florida,"$50,000 to $74,999",White,Associate's degree
55-64,Texas,"$50,000 to $74,999",White,"9th to 12th grade, no diploma"
35-44,New York,"$75,000 to $99,999",White,Associate's degree
55-64,California,"$150,000 or greater",White,Bachelor's degree
45-54,New Jersey,"$50,000 to $74,999",White,"Some college, no degree"
25-34,Wisconsin,"Less than $25,000",White,High school graduate (includes equivalency)
65+,Dc,"$100,000 to $149,999",BlackOrAfricanAmerican,Bachelor's degree
35-44,Georgia,"$150,000 or greater",White,"Graduate degree, professional degree or PhD"
65+,Virginia,"Less than $25,000",White,High school graduate (includes equivalency)
35-44,Colorado,"$75,000 to $99,999",White,"Graduate degree, professional degree or PhD"
25-34,Alabama,"$50,000 to $74,999",White,Bachelor's degree
65+,New York,"$75,000 to $99,999",HispanicOrLatino,"Graduate degree, professional degree or PhD"
35-44,New Jersey,"Less than $25,000",White,High school graduate (includes equivalency)
55-64,New York,"Less than $25,000",White,High school graduate (includes equivalency)
25-34,New York,"$150,000 or greater",White,Bachelor's degree
18-24,Florida,"$25,000 to $49,999",Other,"Some college, no degree"
65+,North Carolina,"$25,000 to $49,999",BlackOrAfricanAmerican,"Graduate degree, professional degree or PhD"
65+,Arizona,"$25,000 to $49,999",White,Bachelor's degree
18-24,Massachusetts,"Less than $25,000",BlackOrAfricanAmerican,"Some college, no degree"
45-54,Idaho,"$100,000 to $149,999",White,Bachelor's degree
55-64,Washington,"$25,000 to $49,999",White,Associate's degree
55-64,Virginia,"$25,000 to $49,999",Other,High school graduate (includes equivalency)
65+,New York,"$25,000 to $49,999",White,"Some college, no degree"
65+,South Carolina,"$50,000 to $74,999",White,No schooling completed
35-44,South Carolina,"$25,000 to $49,999",White,Bachelor's degree
55-64,Minnesota,"$150,000 or greater",White,Bachelor's degree
18-24,Nevada,"Less than $25,000",White,High school graduate (includes equivalency)
65+,Pennsylvania,"Less than $25,000",HispanicOrLatino,Associate's degree
65+,New York,"$50,000 to $74,999",White,High school graduate (includes equivalency)
65+,California,"Less than $25,000",White,Bachelor's degree
65+,Florida,"$50,000 to $74,999",HispanicOrLatino,Associate's degree
45-54,Georgia,"$100,000 to $149,999",HispanicOrLatino,Bachelor's degree
65+,Pennsylvania,"Less than $25,000",White,Bachelor's degree
18-24,Michigan,"$100,000 to $149,999",White,"Some college, no degree"
65+,Washington,"$25,000 to $49,999",Asian,High school graduate (includes equivalency)
45-54,Oregon,"$50,000 to $74,999",White,Associate's degree
25-34,California,"Less than $25,000",White,Associate's degree
45-54,Minnesota,"$50,000 to $74,999",White,Associate's degree
65+,Washington,"$25,000 to $49,999",White,"Some college, no degree"
55-64,Arkansas,"$75,000 to $99,999",White,"Some college, no degree"
55-64,New Jersey,"Less than $25,000",White,High school graduate (includes equivalency)
18-24,Pennsylvania,"$50,000 to $74,999",White,Bachelor's degree
45-54,Illinois,"$75,000 to $99,999",BlackOrAfricanAmerican,Associate's degree
35-44,Texas,"Less than $25,000",BlackOrAfricanAmerican,High school graduate (includes equivalency)
18-24,Florida,"$100,000 to $149,999",BlackOrAfricanAmerican,"Some college, no degree"
65+,Delaware,"$25,000 to $49,999",White,High school graduate (includes equivalency)
65+,Mississippi,"$50,000 to $74,999",Other,Bachelor's degree
65+,Florida,"$50,000 to $74,999",White,"Some college, no degree"
35-44,Georgia,"$100,000 to $149,999",White,"Graduate degree, professional degree or PhD"
45-54,Arizona,"$150,000 or greater",White,"Some college, no degree"
45-54,Illinois,"$50,000 to $74,999",White,"Some college, no degree"
65+,Arizona,"$25,000 to $49,999",HispanicOrLatino,"Some college, no degree"
18-24,Tennessee,"Less than $25,000",White,High school graduate (includes equivalency)
18-24,New York,"$50,000 to $74,999",HispanicOrLatino,"9th to 12th grade, no diploma"
55-64,Pennsylvania,"$50,000 to $74,999",White,High school graduate (includes equivalency)
55-64,Iowa,"Less than $25,000",White,Associate's degree
45-54,California,"Less than $25,000",Other,"Some college, no degree"
55-64,California,"$50,000 to $74,999",HispanicOrLatino,Bachelor's degree
65+,Kansas,"$25,000 to $49,999",White,"Some college, no degree"
65+,New York,"Less than $25,000",White,"Some college, no degree"
65+,Arkansas,"$50,000 to $74,999",White,Bachelor's degree
65+,Pennsylvania,"$50,000 to $74,999",White,"9th to 12th grade, no diploma"
55-64,Florida,"Less than $25,000",White,High school graduate (includes equivalency)
55-64,Colorado,"$75,000 to $99,999",White,Bachelor's degree
25-34,Ohio,"$25,000 to $49,999",White,"Some college, no degree"
65+,California,"Less than $25,000",White,"Some college, no degree"
18-24,Pennsylvania,"Less than $25,000",Other,No schooling completed
65+,Florida,"$50,000 to $74,999",BlackOrAfricanAmerican,"Some college, no degree"
65+,Colorado,"$25,000 to $49,999",White,High school graduate (includes equivalency)
65+,Texas,"$50,000 to $74,999",White,"Some college, no degree"
65+,New Jersey,"$150,000 or greater",White,"Graduate degree, professional degree or PhD"
55-64,Connecticut,"Less than $25,000",White,High school graduate (includes equivalency)
18-24,California,"Less than $25,000",HispanicOrLatino,"Some college, no degree"
65+,Wisconsin,"Less than $25,000",White,High school graduate (includes equivalency)
65+,Maine,"Less than $25,000",White,"Some college, no degree"
65+,South Carolina,"$25,000 to $49,999",White,"Some college, no degree"
55-64,Pennsylvania,"$100,000 to $149,999",BlackOrAfricanAmerican,"Some college, no degree"
25-34,Pennsylvania,"$25,000 to $49,999",HispanicOrLatino,Associate's degree
65+,Oregon,"$50,000 to $74,999",Asian,Associate's degree
25-34,Kansas,"Less than $25,000",White,Less than 9th grade
18-24,Tennessee,"$75,000 to $99,999",Other,Associate's degree
65+,Ohio,"Less than $25,000",White,Associate's degree
18-24,California,"$75,000 to $99,999",Asian,"Some college, no degree"
25-34,Mississippi,"$75,000 to $99,999",BlackOrAfricanAmerican,High school graduate (includes equivalency)
65+,Nevada,"$25,000 to $49,999",White,"Some college, no degree"
35-44,Arkansas,"$25,000 to $49,999",White,"Some college, no degree"
65+,Virginia,"Less than $25,000",White,"Some college, no degree"
65+,California,"$100,000 to $149,999",BlackOrAfricanAmerican,Bachelor's degree
35-44,New Mexico,"Less than $25,000",White,"Some college, no degree"
65+,Florida,"$75,000 to $99,999",White,"Some college, no degree"
65+,Maryland,"$100,000 to $149,999",BlackOrAfricanAmerican,"Some college, no degree"
45-54,New Jersey,"Less than $25,000",BlackOrAfricanAmerican,"Some college, no degree"
65+,Georgia,"$75,000 to $99,999",White,"Graduate degree, professional degree or PhD"
55-64,California,"$75,000 to $99,999",BlackOrAfricanAmerican,"Some college, no degree"
35-44,Pennsylvania,"$75,000 to $99,999",White,No schooling completed
35-44,New York,"$75,000 to $99,999",White,"Graduate degree, professional degree or PhD"
45-54,Oregon,"Less than $25,000",White,Associate's degree
65+,California,"$100,000 to $149,999",White,Associate's degree
45-54,South Carolina,"$25,000 to $49,999",White,High school graduate (includes equivalency)
55-64,Massachusetts,"Less than $25,000",HispanicOrLatino,"Some college, no degree"
55-64,North Dakota,"$75,000 to $99,999",White,"Some college, no degree"
65+,Missouri,"Less than $25,000",White,"Some college, no degree"
25-34,Oregon,"$25,000 to $49,999",White,Bachelor's degree
35-44,Oklahoma,"Less than $25,000",White,"Some college, no degree"
25-34,New York,"$150,000 or greater",BlackOrAfricanAmerican,No schooling completed
35-44,Iowa,"$150,000 or greater",White,Bachelor's degree
35-44,New Mexico,"Less than $25,000",HispanicOrLatino,High school graduate (includes equivalency)
35-44,Texas,"Less than $25,000",White,No schooling completed
65+,Texas,"$25,000 to $49,999",White,"Some college, no degree"
25-34,Pennsylvania,"$25,000 to $49,999",White,High school graduate (includes equivalency)
65+,Pennsylvania,"$50,000 to $74,999",White,High school graduate (includes equivalency)
55-64,New York,"$50,000 to $74,999",White,Associate's degree
65+,Washington,"$50,000 to $74,999",White,"Graduate degree, professional degree or PhD"
55-64,South Carolina,"Less than $25,000",BlackOrAfricanAmerican,Associate's degree
65+,California,"$25,000 to $49,999",White,"Graduate degree, professional degree or PhD"
45-54,New York,"$75,000 to $99,999",White,"Some college, no degree"
25-34,New York,"Less than $25,000",White,"Some college, no degree"
35-44,California,"$150,000 or greater",HispanicOrLatino,No schooling completed
25-34,Kansas,"$75,000 to $99,999",BlackOrAfricanAmerican,"Graduate degree, professional degree or PhD"
55-64,North Carolina,"$75,000 to $99,999",White,"Graduate degree, professional degree or PhD"
65+,Virginia,"Less than $25,000",White,Less than 9th grade
55-64,Indiana,"$25,000 to $49,999",White,High school graduate (includes equivalency)
65+,Michigan,"$25,000 to $49,999",White,Bachelor's degree
55-64,Illinois,"$75,000 to $99,999",White,"Some college, no degree"
25-34,New York,"$50,000 to $74,999",White,Bachelor's degree
65+,New Jersey,"$50,000 to $74,999",White,High school graduate (includes equivalency)
65+,California,"Less than $25,000",Other,Less than 9th grade
55-64,California,"$150,000 or greater",White,"Graduate degree, professional degree or PhD"
45-54,Florida,"$100,000 to $149,999",White,"Graduate degree, professional degree or PhD"
55-64,Pennsylvania,"$25,000 to $49,999",HispanicOrLatino,High school graduate (includes equivalency)
65+,Florida,"$75,000 to $99,999",White,"Graduate degree, professional degree or PhD"
55-64,Ohio,"$50,000 to $74,999",White,Associate's degree
45-54,Indiana,"$50,000 to $74,999",White,Bachelor's degree
45-54,Kentucky,"$100,000 to $149,999",White,"Some college, no degree"
65+,Texas,"$25,000 to $49,999",HispanicOrLatino,"Some college, no degree"
25-34,South Carolina,"$25,000 to $49,999",BlackOrAfricanAmerican,Bachelor's degree
65+,Texas,"$25,000 to $49,999",White,"Graduate degree, professional degree or PhD"
65+,New Jersey,"$50,000 to $74,999",White,High school graduate (includes equivalency)
65+,Arkansas,"$50,000 to $74,999",White,Associate's degree
18-24,Illinois,"$50,000 to $74,999",White,High school graduate (includes equivalency)
65+,Maryland,"Less than $25,000",BlackOrAfricanAmerican,"9th to 12th grade, no diploma"
35-44,Florida,"$75,000 to $99,999",White,Bachelor's degree
65+,Alabama,"Less than $25,000",White,Less than 9th grade
55-64,Georgia,"Less than $25,000",White,High school graduate (includes equivalency)
35-44,Florida,"$25,000 to $49,999",Asian,"Some college, no degree"
65+,Virginia,"Less than $25,000",White,"Some college, no degree"
65+,Nevada,"$25,000 to $49,999",White,"Some college, no degree"
25-34,Florida,"$100,000 to $149,999",White,"Some college, no degree"
25-34,Oklahoma,"$25,000 to $49,999",White,"Some college, no degree"
55-64,North Carolina,"$75,000 to $99,999",White,Bachelor's degree
65+,California,"$50,000 to $74,999",White,Associate's degree
18-24,Pennsylvania,"Less than $25,000",White,High school graduate (includes equivalency)
65+,California,"$100,000 to $149,999",Other,"Graduate degree, professional degree or PhD"
55-64,Colorado,"$25,000 to $49,999",White,High school graduate (includes equivalency)
35-44,North Carolina,"$75,000 to $99,999",White,"Graduate degree, professional degree or PhD"
18-24,Louisiana,"Less than $25,000",BlackOrAfricanAmerican,High school graduate (includes equivalency)
25-34,Maryland,"$150,000 or greater",White,"Graduate degree, professional degree or PhD"
25-34,New Mexico,"$25,000 to $49,999",HispanicOrLatino,"Some college, no degree"
65+,Michigan,"$25,000 to $49,999",White,Bachelor's degree
35-44,Oregon,"$25,000 to $49,999",White,"Some college, no degree"
45-54,Washington,"$50,000 to $74,999",White,"Some college, no degree"
55-64,Wisconsin,"$50,000 to $74,999",White,"Some college, no degree"
18-24,Florida,"Less than $25,000",White,"Some college, no degree"
55-64,Nevada,"$50,000 to $74,999",White,High school graduate (includes equivalency)
25-34,Indiana,"$75,000 to $99,999",BlackOrAfricanAmerican,High school graduate (includes equivalency)
35-44,Florida,"$50,000 to $74,999",White,"9th to 12th grade, no diploma"
65+,California,"$25,000 to $49,999",White,"Some college, no degree"
65+,Washington,"Less than $25,000",White,"Some college, no degree"
45-54,Nebraska,"Less than $25,000",White,High school graduate (includes equivalency)
55-64,Pennsylvania,"$100,000 to $149,999",White,"Some college, no degree"
55-64,Texas,"Less than $25,000",White,Bachelor's degree
55-64,North Carolina,"Less than $25,000",White,High school graduate (includes equivalency)
45-54,Florida,"$50,000 to $74,999",BlackOrAfricanAmerican,High school graduate (includes equivalency)
45-54,New York,"$150,000 or greater",White,"Graduate degree, professional degree or PhD"
55-64,Maryland,"$50,000 to $74,999",White,"Some college, no degree"
65+,Pennsylvania,"$25,000 to $49,999",Other,"Some college, no degree"
18-24,Massachusetts,"$75,000 to $99,999",White,High school graduate (includes equivalency)
65+,Florida,"$75,000 to $99,999",BlackOrAfricanAmerican,High school graduate (includes equivalency)
45-54,Michigan,"$100,000 to $149,999",White,"Some college, no degree"
65+,California,"Less than $25,000",Asian,High school graduate (includes equivalency)
65+,Texas,"Less than $25,000",White,"Some college, no degree"
45-54,Texas,"Less than $25,000",BlackOrAfricanAmerican,High school graduate (includes equivalency)
55-64,California,"$100,000 to $149,999",White,Bachelor's degree
35-44,Wisconsin,"Less than $25,000",White,High school graduate (includes equivalency)
35-44,Massachusetts,"Less than $25,000",White,"9th to 12th grade, no diploma"
25-34,Florida,"Less than $25,000",Other,Associate's degree
55-64,Alabama,"$100,000 to $149,999",Other,Associate's degree
55-64,Texas,"Less than $25,000",Other,Less than 9th grade
65+,Virginia,"Less than $25,000",BlackOrAfricanAmerican,High school graduate (includes equivalency)
35-44,Texas,"$25,000 to $49,999",White,Associate's degree
65+,Tennessee,"$50,000 to $74,999",Other,"Graduate degree, professional degree or PhD"
18-24,California,"Less than $25,000",White,High school graduate (includes equivalency)
55-64,Florida,"Less than $25,000",White,High school graduate (includes equivalency)
65+,Illinois,"$50,000 to $74,999",White,"Some college, no degree"
35-44,Florida,"$150,000 or greater",White,"Graduate degree, professional degree or PhD"
25-34,Wisconsin,"$50,000 to $74,999",White,"Some college, no degree"
65+,Massachusetts,"$25,000 to $49,999",White,"Some college, no degree"
65+,North Carolina,"$50,000 to $74,999",BlackOrAfricanAmerican,"Graduate degree, professional degree or PhD"
35-44,Pennsylvania,"$100,000 to $149,999",White,Bachelor's degree
35-44,Massachusetts,"$25,000 to $49,999",White,"Graduate degree, professional degree or PhD"
65+,Washington,"$25,000 to $49,999",White,"9th to 12th grade, no diploma"
45-54,Georgia,"Less than $25,000",White,"9th to 12th grade, no diploma"
55-64,Washington,"$100,000 to $149,999",White,Bachelor's degree
55-64,Oregon,"$25,000 to $49,999",White,High school graduate (includes equivalency)
55-64,New York,"Less than $25,000",HispanicOrLatino,Associate's degree
65+,Colorado,"$75,000 to $99,999",White,"Graduate degree, professional degree or PhD"
65+,Texas,"Less than $25,000",HispanicOrLatino,"9th to 12th grade, no diploma"
35-44,Arkansas,"$25,000 to $49,999",BlackOrAfricanAmerican,Bachelor's degree
45-54,North Carolina,"$150,000 or greater",White,"Graduate degree, professional degree or PhD"
18-24,Arkansas,"Less than $25,000",White,"Some college, no degree"
18-24,Pennsylvania,"$25,000 to $49,999",Other,"9th to 12th grade, no diploma"
55-64,New Hampshire,"$50,000 to $74,999",White,"Graduate degree, professional degree or PhD"
45-54,Ohio,"$75,000 to $99,999",White,Associate's degree
55-64,Georgia,"Less than $25,000",BlackOrAfricanAmerican,High school graduate (includes equivalency)
65+,Texas,"$75,000 to $99,999",White,"Some college, no degree"
35-44,Georgia,"$150,000 or greater",White,"Graduate degree, professional degree or PhD"
35-44,Florida,"Less than $25,000",BlackOrAfricanAmerican,No schooling completed
25-34,Pennsylvania,"Less than $25,000",Other,"Graduate degree, professional degree or PhD"
55-64,Nevada,"Less than $25,000",White,High school graduate (includes equivalency)
65+,California,"Less than $25,000",White,Bachelor's degree
35-44,Massachusetts,"$100,000 to $149,999",White,"Graduate degree, professional degree or PhD"
55-64,Georgia,"$100,000 to $149,999",White,"Some college, no degree"
18-24,Michigan,"$75,000 to $99,999",BlackOrAfricanAmerican,High school graduate (includes equivalency)
18-24,Nebraska,"Less than $25,000",Other,High school graduate (includes equivalency)
18-24,Massachusetts,"$50,000 to $74,999",BlackOrAfricanAmerican,"9th to 12th grade, no diploma"
55-64,Louisiana,"Less than $25,000",BlackOrAfricanAmerican,"Graduate degree, professional degree or PhD"
65+,Kentucky,"$75,000 to $99,999",White,"Some college, no degree"
35-44,North Carolina,"$75,000 to $99,999",BlackOrAfricanAmerican,Bachelor's degree
65+,New York,"$50,000 to $74,999",White,Associate's degree
45-54,Texas,"Less than $25,000",HispanicOrLatino,High school graduate (includes equivalency)
65+,New Jersey,"$25,000 to $49,999",White,Associate's degree
65+,New York,"$25,000 to $49,999",White,"Some college, no degree"
65+,Florida,"Less than $25,000",HispanicOrLatino,"Graduate degree, professional degree or PhD"
45-54,California,"$25,000 to $49,999",Asian,Bachelor's degree
65+,North Carolina,"Less than $25,000",White,Associate's degree
65+,Indiana,"Less than $25,000",White,High school graduate (includes equivalency)
45-54,Oregon,"$75,000 to $99,999",White,"Some college, no degree"
65+,Minnesota,"Less than $25,000",White,Associate's degree
65+,New York,"$25,000 to $49,999",White,High school graduate (includes equivalency)
65+,Virginia,"Less than $25,000",White,"9th to 12th grade, no diploma"
55-64,Oklahoma,"Less than $25,000",White,High school graduate (includes equivalency)
18-24,Missouri,"Less than $25,000",White,High school graduate (includes equivalency)
55-64,Arkansas,"Less than $25,000",White,"Some college, no degree"
25-34,Washington,"$75,000 to $99,999",White,"Some college, no degree"
65+,Alabama,"$25,000 to $49,999",White,High school graduate (includes equivalency)
65+,Illinois,"$75,000 to $99,999",White,"Some college, no degree"
45-54,New York,"$50,000 to $74,999",White,Associate's degree
55-64,Pennsylvania,"$25,000 to $49,999",White,Associate's degree
55-64,New York,"$50,000 to $74,999",White,"Graduate degree, professional degree or PhD"
35-44,Florida,"Less than $25,000",White,High school graduate (includes equivalency)
35-44,Massachusetts,"$150,000 or greater",HispanicOrLatino,No schooling completed
65+,Arizona,"$25,000 to $49,999",White,"Some college, no degree"
65+,Wisconsin,"$25,000 to $49,999",White,"Some college, no degree"
65+,Texas,"$50,000 to $74,999",White,Associate's degree
55-64,Florida,"Less than $25,000",White,"Some college, no degree"
65+,California,"Less than $25,000",White,High school graduate (includes equivalency)
55-64,New York,"$50,000 to $74,999",Other,"Some college, no degree"
55-64,Colorado,"$100,000 to $149,999",White,Associate's degree
45-54,Texas,"$50,000 to $74,999",BlackOrAfricanAmerican,Bachelor's degree
45-54,California,"$100,000 to $149,999",Other,"Graduate degree, professional degree or PhD"
55-64,California,"$25,000 to $49,999",BlackOrAfricanAmerican,Associate's degree
65+,Florida,"Less than $25,000",BlackOrAfricanAmerican,Bachelor's degree
65+,California,"$75,000 to $99,999",White,"Graduate degree, professional degree or PhD"
65+,Arizona,"$50,000 to $74,999",White,"Graduate degree, professional degree or PhD"
18-24,Pennsylvania,"$50,000 to $74,999",BlackOrAfricanAmerican,"Some college, no degree"
55-64,Kentucky,"$75,000 to $99,999",White,"Graduate degree, professional degree or PhD"
55-64,Tennessee,"Less than $25,000",White,"9th to 12th grade, no diploma"
45-54,Texas,"Less than $25,000",White,"9th to 12th grade, no diploma"
45-54,Illinois,"$100,000 to $149,999",White,High school graduate (includes equivalency)
18-24,California,"$75,000 to $99,999",HispanicOrLatino,"Some college, no degree"
65+,California,"$25,000 to $49,999",White,Associate's degree
45-54,Indiana,"$100,000 to $149,999",White,High school graduate (includes equivalency)
55-64,Georgia,"$25,000 to $49,999",BlackOrAfricanAmerican,Associate's degree
35-44,Michigan,"$150,000 or greater",White,"Graduate degree, professional degree or PhD"
65+,Pennsylvania,"Less than $25,000",White,Bachelor's degree
35-44,Georgia,"Less than $25,000",White,High school graduate (includes equivalency)
35-44,New York,"$150,000 or greater",White,Bachelor's degree
35-44,Oregon,"$25,000 to $49,999",White,High school graduate (includes equivalency)
65+,New York,"$75,000 to $99,999",White,Bachelor's degree
25-34,Louisiana,"$25,000 to $49,999",White,Bachelor's degree
18-24,Pennsylvania,"$100,000 to $149,999",White,High school graduate (includes equivalency)
18-24,South Carolina,"Less than $25,000",BlackOrAfricanAmerican,High school graduate (includes equivalency)
25-34,Illinois,"$25,000 to $49,999",White,"Some college, no degree"
18-24,New York,"$50,000 to $74,999",Asian,Bachelor's degree
25-34,Texas,"$50,000 to $74,999",Other,High school graduate (includes equivalency)
65+,Florida,"$150,000 or greater",White,Associate's degree
45-54,Oklahoma,"$25,000 to $49,999",White,High school graduate (includes equivalency)
25-34,New York,"$50,000 to $74,999",White,"Graduate degree, professional degree or PhD"
18-24,Kansas,"$50,000 to $74,999",White,High school graduate (includes equivalency)
45-54,Michigan,"Less than $25,000",BlackOrAfricanAmerican,Less than 9th grade
65+,California,"$25,000 to $49,999",White,"Some college, no degree"
65+,Georgia,"$100,000 to $149,999",White,Bachelor's degree
25-34,Florida,"$50,000 to $74,999",Asian,Bachelor's degree
55-64,New York,"Less than $25,000",BlackOrAfricanAmerican,No schooling completed
45-54,Michigan,"$25,000 to $49,999",White,Associate's degree
35-44,Illinois,"Less than $25,000",White,High school graduate (includes equivalency)
18-24,South Carolina,"Less than $25,000",White,"9th to 12th grade, no diploma"
65+,Washington,"Less than $25,000",Asian,"9th to 12th grade, no diploma"
35-44,Texas,"$150,000 or greater",Other,"Some college, no degree"
25-34,Florida,"$100,000 to $149,999",BlackOrAfricanAmerican,Bachelor's degree
35-44,Oregon,"$25,000 to $49,999",White,"Graduate degree, professional degree or PhD"
35-44,Georgia,"$150,000 or greater",White,"Graduate degree, professional degree or PhD"
65+,New York,"$50,000 to $74,999",Other,High school graduate (includes equivalency)
18-24,Minnesota,"$25,000 to $49,999",White,High school graduate (includes equivalency)
45-54,California,"$25,000 to $49,999",White,Associate's degree
65+,Pennsylvania,"Less than $25,000",White,Bachelor's degree
55-64,Idaho,"$75,000 to $99,999",White,Associate's degree
18-24,Washington,"$25,000 to $49,999",Asian,"Some college, no degree"
45-54,New York,"$25,000 to $49,999",White,High school graduate (includes equivalency)
55-64,Texas,"$150,000 or greater",White,"Graduate degree, professional degree or PhD"
35-44,Iowa,"$75,000 to $99,999",White,High school graduate (includes equivalency)
65+,Massachusetts,"$25,000 to $49,999",White,"Some college, no degree"
65+,Hawaii,"$100,000 to $149,999",Other,High school graduate (includes equivalency)
55-64,Michigan,"Less than $25,000",White,"Some college, no degree"
45-54,Nevada,"$75,000 to $99,999",White,"Graduate degree, professional degree or PhD"
65+,New Mexico,"$25,000 to $49,999",Other,Bachelor's degree
65+,Iowa,"Less than $25,000",White,Bachelor's degree
65+,Georgia,"$150,000 or greater",White,"Some college, no degree"
55-64,Connecticut,"$100,000 to $149,999",HispanicOrLatino,"Graduate degree, professional degree or PhD"
45-54,Pennsylvania,"$25,000 to $49,999",White,Associate's degree
45-54,Virginia,"Less than $25,000",Other,High school graduate (includes equivalency)
25-34,New York,"Less than $25,000",White,"9th to 12th grade, no diploma"
35-44,Arkansas,"Less than $25,000",BlackOrAfricanAmerican,High school graduate (includes equivalency)
35-44,Georgia,"$100,000 to $149,999",White,"Graduate degree, professional degree or PhD"
45-54,Florida,"$25,000 to $49,999",White,Associate's degree
65+,Ohio,"Less than $25,000",White,High school graduate (includes equivalency)
35-44,New Jersey,"$100,000 to $149,999",White,Bachelor's degree
65+,Louisiana,"$50,000 to $74,999",White,"Some college, no degree"
18-24,Florida,"Less than $25,000",White,"Some college, no degree"
18-24,Texas,"$50,000 to $74,999",Other,High school graduate (includes equivalency)
55-64,North Carolina,"Less than $25,000",BlackOrAfricanAmerican,High school graduate (includes equivalency)
65+,Florida,"Less than $25,000",BlackOrAfricanAmerican,"9th to 12th grade, no diploma"
45-54,Washington,"$50,000 to $74,999",Other,"Some college, no degree"
65+,Virginia,"Less than $25,000",BlackOrAfricanAmerican,"Some college, no degree"
18-24,Florida,"$100,000 to $149,999",HispanicOrLatino,High school graduate (includes equivalency)
45-54,New Hampshire,"$75,000 to $99,999",White,Bachelor's degree
35-44,Michigan,"Less than $25,000",HispanicOrLatino,High school graduate (includes equivalency)
55-64,Florida,"$100,000 to $149,999",White,"Some college, no degree"
35-44,Texas,"$50,000 to $74,999",White,High school graduate (includes equivalency)
65+,Pennsylvania,"$25,000 to $49,999",White,Bachelor's degree
55-64,Illinois,"$75,000 to $99,999",Other,Associate's degree
45-54,Maryland,"$150,000 or greater",BlackOrAfricanAmerican,"Graduate degree, professional degree or PhD"
18-24,Missouri,"Less than $25,000",White,High school graduate (includes equivalency)
65+,Minnesota,"$25,000 to $49,999",White,"Some college, no degree"
35-44,Georgia,"$150,000 or greater",White,"Graduate degree, professional degree or PhD"
35-44,Texas,"$150,000 or greater",White,"Graduate degree, professional degree or PhD"
65+,Florida,"$100,000 to $149,999",White,Associate's degree
55-64,Alabama,"$150,000 or greater",BlackOrAfricanAmerican,"Graduate degree, professional degree or PhD"
25-34,Arizona,"$50,000 to $74,999",White,"Some college, no degree"
55-64,Washington,"Less than $25,000",White,"9th to 12th grade, no diploma"
55-64,California,"$75,000 to $99,999",White,Bachelor's degree
18-24,Maryland,"$25,000 to $49,999",White,"Some college, no degree"
55-64,North Carolina,"$25,000 to $49,999",White,"Some college, no degree"
18-24,Texas,"Less than $25,000",HispanicOrLatino,High school graduate (includes equivalency)
55-64,Missouri,"Less than $25,000",White,"Some college, no degree"
65+,Michigan,"$100,000 to $149,999",White,"Some college, no degree"
35-44,Washington,"$100,000 to $149,999",White,Bachelor's degree
45-54,California,"Less than $25,000",Asian,"Some college, no degree"
65+,Illinois,"Less than $25,000",BlackOrAfricanAmerican,High school graduate (includes equivalency)
55-64,Washington,"$100,000 to $149,999",White,"Graduate degree, professional degree or PhD"
65+,Virginia,"Less than $25,000",White,High school graduate (includes equivalency)
55-64,Texas,"$25,000 to $49,999",Other,Bachelor's degree
65+,Washington,"$25,000 to $49,999",White,High school graduate (includes equivalency)
65+,California,"Less than $25,000",White,"Some college, no degree"
55-64,New York,"Less than $25,000",White,High school graduate (includes equivalency)
25-34,New Jersey,"$25,000 to $49,999",HispanicOrLatino,Bachelor's degree
55-64,Maryland,"$100,000 to $149,999",White,Bachelor's degree
18-24,Massachusetts,"Less than $25,000",White,"Some college, no degree"
65+,Florida,"$150,000 or greater",White,"Some college, no degree"
45-54,Oregon,"$50,000 to $74,999",White,High school graduate (includes equivalency)
45-54,New York,"Less than $25,000",BlackOrAfricanAmerican,High school graduate (includes equivalency)
25-34,Nebraska,"$100,000 to $149,999",White,Bachelor's degree
45-54,Oregon,"$50,000 to $74,999",White,"Some college, no degree"
65+,West Virginia,"Less than $25,000",White,No schooling completed
65+,Ohio,"$100,000 to $149,999",White,Associate's degree
25-34,Texas,"Less than $25,000",HispanicOrLatino,High school graduate (includes equivalency)
18-24,Massachusetts,"$100,000 to $149,999",HispanicOrLatino,High school graduate (includes equivalency)
55-64,Colorado,"Less than $25,000",White,Associate's degree
65+,Missouri,"$50,000 to $74,999",White,Bachelor's degree
65+,North Carolina,"$25,000 to $49,999",White,"Some college, no degree"
65+,Ohio,"$25,000 to $49,999",White,High school graduate (includes equivalency)
55-64,Utah,"Less than $25,000",White,High school graduate (includes equivalency)
25-34,Arkansas,"$25,000 to $49,999",White,"Some college, no degree"
65+,Washington,"$75,000 to $99,999",White,Bachelor's degree
55-64,Arizona,"$25,000 to $49,999",White,"Some college, no degree"
18-24,Michigan,"Less than $25,000",HispanicOrLatino,Less than 9th grade
65+,Michigan,"Less than $25,000",Other,Associate's degree
18-24,Ohio,"$150,000 or greater",White,Bachelor's degree
45-54,New York,"$150,000 or greater",White,"Graduate degree, professional degree or PhD"
25-34,Louisiana,"$25,000 to $49,999",HispanicOrLatino,High school graduate (includes equivalency)
35-44,California,"$100,000 to $149,999",White,High school graduate (includes equivalency)
65+,Oregon,"$100,000 to $149,999",White,"Graduate degree, professional degree or PhD"
55-64,South Carolina,"$25,000 to $49,999",White,"9th to 12th grade, no diploma"
55-64,New York,"$50,000 to $74,999",White,Associate's degree
65+,Florida,"$25,000 to $49,999",White,"Some college, no degree"
55-64,Ohio,"Less than $25,000",White,"Some college, no degree"
25-34,California,"Less than $25,000",White,High school graduate (includes equivalency)
65+,Ohio,"Less than $25,000",White,High school graduate (includes equivalency)
45-54,Virginia,"$50,000 to $74,999",White,High school graduate (includes equivalency)
65+,Michigan,"Less than $25,000",White,"Some college, no degree"
65+,Arizona,"$150,000 or greater",White,"Graduate degree, professional degree or PhD"
55-64,Minnesota,"$50,000 to $74,999",White,High school graduate (includes equivalency)
55-64,Missouri,"$150,000 or greater",White,Associate's degree
25-34,Texas,"$150,000 or greater",White,"Graduate degree, professional degree or PhD"
45-54,Georgia,"$100,000 to $149,999",White,"Some college, no degree"
55-64,Michigan,"$50,000 to $74,999",Other,"Graduate degree, professional degree or PhD"
65+,Oregon,"$25,000 to $49,999",Other,"Some college, no degree"
45-54,Florida,"$75,000 to $99,999",White,Associate's degree
45-54,Arizona,"$150,000 or greater",White,"Graduate degree, professional degree or PhD"
65+,Illinois,"Less than $25,000",Other,Less than 9th grade
45-54,Minnesota,"$50,000 to $74,999",White,Associate's degree
45-54,Florida,"Less than $25,000",White,"Some college, no degree"
35-44,Ohio,"$100,000 to $149,999",White,"Graduate degree, professional degree or PhD"
55-64,Indiana,"$25,000 to $49,999",White,Associate's degree
45-54,Texas,"Less than $25,000",BlackOrAfricanAmerican,"9th to 12th grade, no diploma"
35-44,Florida,"Less than $25,000",BlackOrAfricanAmerican,Associate's degree
65+,Florida,"$25,000 to $49,999",White,Associate's degree
55-64,Florida,"Less than $25,000",White,High school graduate (includes equivalency)
25-34,California,"$100,000 to $149,999",HispanicOrLatino,"Graduate degree, professional degree or PhD"
45-54,Texas,"$75,000 to $99,999",White,"Some college, no degree"
35-44,Kentucky,"$25,000 to $49,999",White,"Some college, no degree"
55-64,Wyoming,"$25,000 to $49,999",White,"Some college, no degree"
25-34,New York,"$25,000 to $49,999",White,"9th to 12th grade, no diploma"
45-54,New Jersey,"$25,000 to $49,999",White,"Some college, no degree"
65+,Mississippi,"$150,000 or greater",White,Bachelor's degree
65+,Idaho,"$25,000 to $49,999",White,Associate's degree
18-24,Arkansas,"Less than $25,000",White,"Some college, no degree"
55-64,Texas,"Less than $25,000",HispanicOrLatino,"Graduate degree, professional degree or PhD"
45-54,New York,"$50,000 to $74,999",White,Associate's degree
25-34,Missouri,"Less than $25,000",White,"Some college, no degree"
65+,New Mexico,"$25,000 to $49,999",White,Associate's degree
65+,Tennessee,"$75,000 to $99,999",White,Bachelor's degree
55-64,Wisconsin,"$150,000 or greater",White,Associate's degree
35-44,Idaho,"$25,000 to $49,999",White,"Some college, no degree"
65+,Massachusetts,"$50,000 to $74,999",White,High school graduate (includes equivalency)
55-64,Arizona,"$25,000 to $49,999",White,High school graduate (includes equivalency)
65+,Iowa,"Less than $25,000",White,"9th to 12th grade, no diploma"
65+,Kentucky,"$100,000 to $149,999",White,"Graduate degree, professional degree or PhD"
65+,New York,"$150,000 or greater",White,High school graduate (includes equivalency)
35-44,California,"Less than $25,000",HispanicOrLatino,High school graduate (includes equivalency)
65+,New Jersey,"$25,000 to $49,999",White,"Graduate degree, professional degree or PhD"
65+,Washington,"Less than $25,000",White,High school graduate (includes equivalency)
55-64,Illinois,"$50,000 to $74,999",White,High school graduate (includes equivalency)
55-64,Wisconsin,"$150,000 or greater",White,Associate's degree
45-54,Maryland,"$25,000 to $49,999",White,High school graduate (includes equivalency)
18-24,New York,"Less than $25,000",HispanicOrLatino,"Graduate degree, professional degree or PhD"
55-64,Georgia,"$50,000 to $74,999",White,Bachelor's degree
45-54,Ohio,"$25,000 to $49,999",White,"Graduate degree, professional degree or PhD"
65+,Kentucky,"Less than $25,000",White,High school graduate (includes equivalency)
35-44,New York,"$100,000 to $149,999",White,Associate's degree
45-54,Arizona,"$50,000 to $74,999",White,"Some college, no degree"
45-54,Indiana,"Less than $25,000",White,High school graduate (includes equivalency)
65+,Texas,"$25,000 to $49,999",White,"Some college, no degree"
18-24,Washington,"$25,000 to $49,999",White,High school graduate (includes equivalency)
18-24,Texas,"$25,000 to $49,999",HispanicOrLatino,High school graduate (includes equivalency)
65+,California,"$25,000 to $49,999",White,"Some college, no degree"
18-24,Florida,"$50,000 to $74,999",White,Bachelor's degree
65+,Massachusetts,"$25,000 to $49,999",White,Associate's degree
55-64,Texas,"$150,000 or greater",White,Bachelor's degree
45-54,Connecticut,"Less than $25,000",White,Associate's degree
65+,Ohio,"$25,000 to $49,999",White,Associate's degree
45-54,Massachusetts,"$75,000 to $99,999",White,"Some college, no degree"
65+,Massachusetts,"$75,000 to $99,999",White,Associate's degree
55-64,Michigan,"Less than $25,000",White,Bachelor's degree
65+,Texas,"Less than $25,000",White,Bachelor's degree
65+,Indiana,"$25,000 to $49,999",White,"Graduate degree, professional degree or PhD"
65+,New York,"$25,000 to $49,999",White,High school graduate (includes equivalency)
45-54,New Jersey,"Less than $25,000",BlackOrAfricanAmerican,"Some college, no degree"
35-44,Massachusetts,"$100,000 to $149,999",White,"Graduate degree, professional degree or PhD"
55-64,Georgia,"$25,000 to $49,999",White,"Some college, no degree"
65+,Minnesota,"$75,000 to $99,999",White,High school graduate (includes equivalency)
45-54,Texas,"$100,000 to $149,999",BlackOrAfricanAmerican,High school graduate (includes equivalency)
35-44,Ohio,"$100,000 to $149,999",White,"Graduate degree, professional degree or PhD"
65+,California,"Less than $25,000",White,Bachelor's degree
25-34,Texas,"$50,000 to $74,999",White,High school graduate (includes equivalency)
25-34,North Carolina,"$25,000 to $49,999",White,"Some college, no degree"
65+,Georgia,"Less than $25,000",BlackOrAfricanAmerican,"9th to 12th grade, no diploma"
55-64,Ohio,"$25,000 to $49,999",White,High school graduate (includes equivalency)
65+,New York,"Less than $25,000",White,High school graduate (includes equivalency)
55-64,California,"Less than $25,000",HispanicOrLatino,"Some college, no degree"
45-54,Arizona,"$50,000 to $74,999",White,Bachelor's degree
18-24,Texas,"Less than $25,000",BlackOrAfricanAmerican,"Some college, no degree"
45-54,Illinois,"$150,000 or greater",White,"Graduate degree, professional degree or PhD"
18-24,Virginia,"Less than $25,000",White,High school graduate (includes equivalency)
35-44,Texas,"$25,000 to $49,999",White,Bachelor's degree
55-64,Iowa,"$75,000 to $99,999",White,Associate's degree
65+,South Carolina,"Less than $25,000",White,"Some college, no degree"
18-24,Kentucky,"$75,000 to $99,999",Asian,Associate's degree
55-64,New York,"$25,000 to $49,999",White,Associate's degree
55-64,Wisconsin,"$150,000 or greater",White,Bachelor's degree
45-54,Texas,"Less than $25,000",White,"Some college, no degree"
45-54,Indiana,"$50,000 to $74,999",White,"9th to 12th grade, no diploma"
18-24,Georgia,"$50,000 to $74,999",White,Bachelor's degree
45-54,West Virginia,"$50,000 to $74,999",White,High school graduate (includes equivalency)
65+,Ohio,"$25,000 to $49,999",White,"Some college, no degree"
45-54,Kentucky,"$75,000 to $99,999",White,"Some college, no degree"
65+,Arizona,"$100,000 to $149,999",White,Bachelor's degree
65+,Nevada,"$50,000 to $74,999",White,"Some college, no degree"
35-44,New York,"$100,000 to $149,999",White,"Graduate degree, professional degree or PhD"
45-54,Montana,"$25,000 to $49,999",White,Associate's degree
45-54,California,"Less than $25,000",Other,High school graduate (includes equivalency)
55-64,Alabama,"$25,000 to $49,999",White,"9th to 12th grade, no diploma"
35-44,Florida,"$75,000 to $99,999",White,"9th to 12th grade, no diploma"
65+,Illinois,"Less than $25,000",White,High school graduate (includes equivalency)
18-24,Washington,"$100,000 to $149,999",Asian,"Graduate degree, professional degree or PhD"
65+,Florida,"Less than $25,000",White,High school graduate (includes equivalency)
25-34,North Carolina,"$25,000 to $49,999",White,"Graduate degree, professional degree or PhD"
55-64,Virginia,"Less than $25,000",BlackOrAfricanAmerican,No schooling completed
55-64,California,"Less than $25,000",White,Associate's degree
45-54,Maryland,"Less than $25,000",Other,No schooling completed
45-54,Georgia,"$50,000 to $74,999",BlackOrAfricanAmerican,Less than 9th grade
45-54,North Carolina,"$75,000 to $99,999",White,Bachelor's degree
65+,Wisconsin,"$50,000 to $74,999",White,"Graduate degree, professional degree or PhD"
45-54,Missouri,"$75,000 to $99,999",HispanicOrLatino,"Graduate degree, professional degree or PhD"
25-34,Ohio,"$75,000 to $99,999",White,"Some college, no degree"
35-44,Kentucky,"Less than $25,000",White,"Some college, no degree"
55-64,Texas,"$25,000 to $49,999",White,Associate's degree
65+,New York,"$150,000 or greater",White,Associate's degree
55-64,Oklahoma,"Less than $25,000",White,"Some college, no degree"
25-34,Minnesota,"Less than $25,000",White,High school graduate (includes equivalency)
45-54,South Carolina,"Less than $25,000",Other,"Some college, no degree"
35-44,Oklahoma,"$100,000 to $149,999",White,"Graduate degree, professional degree or PhD"
25-34,Texas,"$75,000 to $99,999",White,High school graduate (includes equivalency)
18-24,Iowa,"$25,000 to $49,999",HispanicOrLatino,High school graduate (includes equivalency)
45-54,Oklahoma,"Less than $25,000",White,Associate's degree
55-64,Pennsylvania,"$150,000 or greater",White,"Graduate degree, professional degree or PhD"
65+,Wisconsin,"$75,000 to $99,999",White,"Some college, no degree"
55-64,Wisconsin,"$75,000 to $99,999",White,"Some college, no degree"
55-64,Illinois,"$25,000 to $49,999",White,"Some college, no degree"
45-54,Oregon,"$25,000 to $49,999",White,High school graduate (includes equivalency)
35-44,North Carolina,"$25,000 to $49,999",BlackOrAfricanAmerican,Associate's degree
18-24,Texas,"$25,000 to $49,999",HispanicOrLatino,High school graduate (includes equivalency)
55-64,South Dakota,"$25,000 to $49,999",White,Bachelor's degree
55-64,Tennessee,"Less than $25,000",White,High school graduate (includes equivalency)
55-64,South Carolina,"Less than $25,000",White,"9th to 12th grade, no diploma"
35-44,Texas,"$150,000 or greater",White,Associate's degree
45-54,Virginia,"$25,000 to $49,999",White,"Some college, no degree"
18-24,Tennessee,"Less than $25,000",Other,"9th to 12th grade, no diploma"
65+,Ohio,"$25,000 to $49,999",White,High school graduate (includes equivalency)
55-64,Florida,"Less than $25,000",White,High school graduate (includes equivalency)
35-44,Maine,"$75,000 to $99,999",White,High school graduate (includes equivalency)
55-64,Louisiana,"Less than $25,000",White,Bachelor's degree
35-44,California,"$100,000 to $149,999",White,"Some college, no degree"
18-24,Louisiana,"Less than $25,000",BlackOrAfricanAmerican,No schooling completed
35-44,California,"$150,000 or greater",White,Associate's degree
65+,Pennsylvania,"$25,000 to $49,999",White,Associate's degree
65+,Michigan,"$50,000 to $74,999",White,Associate's degree
55-64,New York,"$75,000 to $99,999",BlackOrAfricanAmerican,Associate's degree
55-64,Illinois,"$150,000 or greater",White,High school graduate (includes equivalency)
55-64,Colorado,"$150,000 or greater",White,"Some college, no degree"
45-54,New Jersey,"Less than $25,000",BlackOrAfricanAmerican,"Some college, no degree"
45-54,New York,"Less than $25,000",Other,High school graduate (includes equivalency)
55-64,Ohio,"$25,000 to $49,999",White,High school graduate (includes equivalency)
45-54,New York,"Less than $25,000",White,High school graduate (includes equivalency)
65+,California,"$25,000 to $49,999",BlackOrAfricanAmerican,Associate's degree
45-54,New York,"$25,000 to $49,999",White,Bachelor's degree
65+,Arizona,"Less than $25,000",Other,High school graduate (includes equivalency)
65+,Michigan,"Less than $25,000",White,High school graduate (includes equivalency)
45-54,New York,"$25,000 to $49,999",BlackOrAfricanAmerican,High school graduate (includes equivalency)
55-64,New Jersey,"Less than $25,000",BlackOrAfricanAmerican,High school graduate (includes equivalency)
65+,Texas,"$25,000 to $49,999",White,"9th to 12th grade, no diploma"
65+,Texas,"Less than $25,000",BlackOrAfricanAmerican,Associate's degree
45-54,Indiana,"$75,000 to $99,999",White,"Some college, no degree"
55-64,West Virginia,"$75,000 to $99,999",White,Bachelor's degree
45-54,Utah,"$50,000 to $74,999",BlackOrAfricanAmerican,Bachelor's degree
65+,Illinois,"$50,000 to $74,999",White,High school graduate (includes equivalency)
65+,Florida,"$50,000 to $74,999",White,Bachelor's degree
35-44,Illinois,"$75,000 to $99,999",White,Bachelor's degree
55-64,North Carolina,"$75,000 to $99,999",White,"Graduate degree, professional degree or PhD"
45-54,Nevada,"$100,000 to $149,999",HispanicOrLatino,High school graduate (includes equivalency)
65+,New Mexico,"$75,000 to $99,999",Other,High school graduate (includes equivalency)
55-64,California,"$100,000 to $149,999",White,Bachelor's degree
65+,Arizona,"Less than $25,000",Other,"Some college, no degree"
45-54,California,"$150,000 or greater",White,"Graduate degree, professional degree or PhD"
55-64,Wisconsin,"$75,000 to $99,999",White,Associate's degree
35-44,Georgia,"$50,000 to $74,999",Asian,Bachelor's degree
35-44,Ohio,"$75,000 to $99,999",White,"Some college, no degree"
65+,Wisconsin,"Less than $25,000",White,"Graduate degree, professional degree or PhD"
65+,Pennsylvania,"Less than $25,000",BlackOrAfricanAmerican,High school graduate (includes equivalency)
18-24,Florida,"$25,000 to $49,999",BlackOrAfricanAmerican,Associate's degree
55-64,Tennessee,"Less than $25,000",White,High school graduate (includes equivalency)
65+,Missouri,"Less than $25,000",White,"9th to 12th grade, no diploma"
45-54,Texas,"Less than $25,000",BlackOrAfricanAmerican,"9th to 12th grade, no diploma"
45-54,Florida,"$25,000 to $49,999",BlackOrAfricanAmerican,"Graduate degree, professional degree or PhD"
65+,New Mexico,"$25,000 to $49,999",White,Associate's degree
55-64,Florida,"$50,000 to $74,999",White,"Graduate degree, professional degree or PhD"
45-54,Wisconsin,"$50,000 to $74,999",Other,Associate's degree
65+,California,"$75,000 to $99,999",White,Bachelor's degree
25-34,Massachusetts,"Less than $25,000",White,High school graduate (includes equivalency)
25-34,Texas,"$50,000 to $74,999",White,Associate's degree
25-34,Minnesota,"$50,000 to $74,999",White,High school graduate (includes equivalency)
25-34,Washington,"$50,000 to $74,999",White,"Some college, no degree"
65+,Louisiana,"$75,000 to $99,999",White,"Some college, no degree"
35-44,Texas,"Less than $25,000",Other,"Some college, no degree"
65+,California,"Less than $25,000",White,"Some college, no degree"
65+,Florida,"$150,000 or greater",White,"Graduate degree, professional degree or PhD"
35-44,Utah,"$25,000 to $49,999",White,"Some college, no degree"
55-64,South Carolina,"$25,000 to $49,999",White,Bachelor's degree
18-24,North Carolina,"$75,000 to $99,999",Asian,"Some college, no degree"
45-54,Connecticut,"$25,000 to $49,999",HispanicOrLatino,High school graduate (includes equivalency)
55-64,Dc,"Less than $25,000",BlackOrAfricanAmerican,High school graduate (includes equivalency)
45-54,Virginia,"$50,000 to $74,999",Other,High school graduate (includes equivalency)
35-44,Michigan,"Less than $25,000",BlackOrAfricanAmerican,"Some college, no degree"
55-64,Michigan,"Less than $25,000",BlackOrAfricanAmerican,"Some college, no degree"
65+,California,"Less than $25,000",White,Bachelor's degree
35-44,Georgia,"$50,000 to $74,999",White,"Graduate degree, professional degree or PhD"
55-64,California,"Less than $25,000",BlackOrAfricanAmerican,High school graduate (includes equivalency)
25-34,Florida,"$25,000 to $49,999",White,High school graduate (includes equivalency)
65+,Oklahoma,"$25,000 to $49,999",White,"Some college, no degree"
65+,Alabama,"Less than $25,000",BlackOrAfricanAmerican,High school graduate (includes equivalency)
65+,Oregon,"$25,000 to $49,999",HispanicOrLatino,"Graduate degree, professional degree or PhD"
65+,Washington,"$25,000 to $49,999",White,"Some college, no degree"
65+,North Carolina,"$150,000 or greater",White,Bachelor's degree
35-44,North Carolina,"$50,000 to $74,999",BlackOrAfricanAmerican,"Graduate degree, professional degree or PhD"
55-64,Wisconsin,"$75,000 to $99,999",White,Associate's degree
35-44,Massachusetts,"$150,000 or greater",White,"Graduate degree, professional degree or PhD"
55-64,Tennessee,"$150,000 or greater",White,"Graduate degree, professional degree or PhD"
65+,Texas,"$50,000 to $74,999",White,Associate's degree
18-24,Georgia,"Less than $25,000",BlackOrAfricanAmerican,High school graduate (includes equivalency)
35-44,New Jersey,"$100,000 to $149,999",White,Bachelor's degree
55-64,Arkansas,"$25,000 to $49,999",White,High school graduate (includes equivalency)
35-44,New York,"$150,000 or greater",White,Bachelor's degree
18-24,California,"$100,000 to $149,999",White,"Some college, no degree"
65+,Arizona,"$75,000 to $99,999",White,Associate's degree
65+,Nebraska,"Less than $25,000",White,"Some college, no degree"
65+,Maryland,"$25,000 to $49,999",BlackOrAfricanAmerican,"Some college, no degree"
55-64,Kentucky,"Less than $25,000",White,"Some college, no degree"
55-64,Georgia,"Less than $25,000",BlackOrAfricanAmerican,High school graduate (includes equivalency)
35-44,New York,"Less than $25,000",Other,"Some college, no degree"
55-64,California,"Less than $25,000",White,High school graduate (includes equivalency)
55-64,Indiana,"Less than $25,000",White,"9th to 12th grade, no diploma"
18-24,California,"Less than $25,000",Other,High school graduate (includes equivalency)
65+,New York,"$75,000 to $99,999",White,Bachelor's degree
65+,Florida,"$25,000 to $49,999",White,High school graduate (includes equivalency)
65+,New Jersey,"$25,000 to $49,999",White,"Graduate degree, professional degree or PhD"
55-64,Michigan,"$25,000 to $49,999",BlackOrAfricanAmerican,"Some college, no degree"
55-64,Florida,"$25,000 to $49,999",BlackOrAfricanAmerican,High school graduate (includes equivalency)
55-64,Nevada,"$100,000 to $149,999",White,Bachelor's degree
35-44,Ohio,"$150,000 or greater",White,"Graduate degree, professional degree or PhD"
45-54,Alabama,"$50,000 to $74,999",White,Bachelor's degree
65+,Alabama,"$100,000 to $149,999",White,"Some college, no degree"
55-64,Illinois,"$50,000 to $74,999",White,"Some college, no degree"
55-64,Florida,"$100,000 to $149,999",White,Associate's degree
65+,Nebraska,"$150,000 or greater",White,Bachelor's degree
55-64,Kansas,"Less than $25,000",White,"Some college, no degree"
65+,Iowa,"Less than $25,000",White,Less than 9th grade
45-54,Pennsylvania,"Less than $25,000",BlackOrAfricanAmerican,High school graduate (includes equivalency)
18-24,Idaho,"Less than $25,000",White,"Some college, no degree"
65+,Pennsylvania,"$25,000 to $49,999",White,High school graduate (includes equivalency)
55-64,New Jersey,"$50,000 to $74,999",Other,"Some college, no degree"
65+,California,"$75,000 to $99,999",Asian,Bachelor's degree
25-34,Texas,"Less than $25,000",HispanicOrLatino,High school graduate (includes equivalency)
65+,Virginia,"Less than $25,000",White,"Some college, no degree"
65+,Virginia,"Less than $25,000",White,High school graduate (includes equivalency)
45-54,New York,"$150,000 or greater",White,"Graduate degree, professional degree or PhD"
35-44,Illinois,"$25,000 to $49,999",White,High school graduate (includes equivalency)
45-54,Oregon,"$25,000 to $49,999",Asian,High school graduate (includes equivalency)
65+,Missouri,"Less than $25,000",White,High school graduate (includes equivalency)
18-24,Ohio,"$25,000 to $49,999",White,High school graduate (includes equivalency)
65+,Idaho,"Less than $25,000",White,High school graduate (includes equivalency)
65+,Maryland,"$25,000 to $49,999",White,"9th to 12th grade, no diploma"
65+,Virginia,"$150,000 or greater",White,Bachelor's degree
65+,Massachusetts,"$50,000 to $74,999",White,"Graduate degree, professional degree or PhD"
35-44,New Jersey,"$25,000 to $49,999",White,Bachelor's degree
35-44,Texas,"$100,000 to $149,999",White,"Some college, no degree"
55-64,Massachusetts,"$25,000 to $49,999",White,Bachelor's degree
25-34,Maryland,"$50,000 to $74,999",White,Bachelor's degree
55-64,Texas,"Less than $25,000",White,"Some college, no degree"
45-54,Indiana,"Less than $25,000",White,"Graduate degree, professional degree or PhD"
65+,Wisconsin,"$25,000 to $49,999",White,"Some college, no degree"
18-24,Texas,"$75,000 to $99,999",White,"9th to 12th grade, no diploma"
65+,Georgia,"Less than $25,000",White,"Some college, no degree"
65+,Indiana,"$25,000 to $49,999",White,Bachelor's degree
18-24,Kentucky,"$25,000 to $49,999",White,Associate's degree
55-64,Ohio,"$75,000 to $99,999",White,Bachelor's degree
55-64,Connecticut,"$25,000 to $49,999",BlackOrAfricanAmerican,High school graduate (includes equivalency)
45-54,Texas,"$25,000 to $49,999",HispanicOrLatino,Bachelor's degree
55-64,Illinois,"$100,000 to $149,999",White,"Some college, no degree"
65+,Florida,"$50,000 to $74,999",White,"Some college, no degree"
55-64,South Carolina,"Less than $25,000",Other,"Graduate degree, professional degree or PhD"
65+,Washington,"$25,000 to $49,999",White,Bachelor's degree
65+,Georgia,"$100,000 to $149,999",White,Bachelor's degree
45-54,Illinois,"$75,000 to $99,999",White,"Some college, no degree"
35-44,California,"$50,000 to $74,999",HispanicOrLatino,"Some college, no degree"
45-54,Oregon,"$25,000 to $49,999",White,"9th to 12th grade, no diploma"
18-24,Nevada,"$150,000 or greater",BlackOrAfricanAmerican,Less than 9th grade
55-64,Arizona,"Less than $25,000",White,High school graduate (includes equivalency)
18-24,North Carolina,"Less than $25,000",BlackOrAfricanAmerican,"Some college, no degree"
65+,Florida,"$100,000 to $149,999",White,Bachelor's degree
55-64,Texas,"Less than $25,000",BlackOrAfricanAmerican,"Graduate degree, professional degree or PhD"
65+,Ohio,"$50,000 to $74,999",White,Bachelor's degree
55-64,North Carolina,"$150,000 or greater",BlackOrAfricanAmerican,High school graduate (includes equivalency)
55-64,Pennsylvania,"Less than $25,000",White,Associate's degree
55-64,North Carolina,"Less than $25,000",White,"Some college, no degree"
45-54,Maryland,"$150,000 or greater",White,"Some college, no degree"
35-44,California,"Less than $25,000",White,Bachelor's degree
65+,California,"$25,000 to $49,999",White,"Some college, no degree"
25-34,North Carolina,"$50,000 to $74,999",White,"Some college, no degree"
45-54,Texas,"$150,000 or greater",White,"Some college, no degree"
55-64,Pennsylvania,"$50,000 to $74,999",White,Associate's degree
35-44,Georgia,"$25,000 to $49,999",BlackOrAfricanAmerican,No schooling completed
65+,Oklahoma,"Less than $25,000",White,Associate's degree
35-44,Pennsylvania,"$100,000 to $149,999",White,"Graduate degree, professional degree or PhD"
25-34,California,"$25,000 to $49,999",Asian,Associate's degree
25-34,Texas,"Less than $25,000",HispanicOrLatino,"Some college, no degree"
55-64,Wisconsin,"Less than $25,000",White,"9th to 12th grade, no diploma"
55-64,Florida,"$25,000 to $49,999",White,High school graduate (includes equivalency)
55-64,Kentucky,"Less than $25,000",White,"Some college, no degree"
55-64,Washington,"Less than $25,000",White,Associate's degree
25-34,New York,"$100,000 to $149,999",White,Bachelor's degree
65+,Pennsylvania,"Less than $25,000",White,High school graduate (includes equivalency)
45-54,Kentucky,"$100,000 to $149,999",White,"Graduate degree, professional degree or PhD"
55-64,Kentucky,"$50,000 to $74,999",White,Bachelor's degree
18-24,Louisiana,"Less than $25,000",White,No schooling completed
35-44,New York,"$50,000 to $74,999",White,Bachelor's degree
45-54,New York,"$100,000 to $149,999",White,"Graduate degree, professional degree or PhD"
55-64,Virginia,"Less than $25,000",White,No schooling completed
35-44,Virginia,"$150,000 or greater",White,Associate's degree
65+,Florida,"Less than $25,000",White,"Some college, no degree"
55-64,New York,"$50,000 to $74,999",White,Associate's degree
45-54,Minnesota,"Less than $25,000",White,"Some college, no degree"
25-34,Virginia,"$75,000 to $99,999",Other,Associate's degree
65+,Nevada,"Less than $25,000",White,High school graduate (includes equivalency)
55-64,Ohio,"Less than $25,000",White,Associate's degree
65+,Indiana,"$50,000 to $74,999",White,"Graduate degree, professional degree or PhD"
55-64,Texas,"$75,000 to $99,999",White,"Some college, no degree"
55-64,New Jersey,"$100,000 to $149,999",White,Associate's degree
55-64,Texas,"$75,000 to $99,999",White,"Graduate degree, professional degree or PhD"
45-54,Massachusetts,"$50,000 to $74,999",White,Associate's degree
65+,Ohio,"Less than $25,000",HispanicOrLatino,High school graduate (includes equivalency)
65+,Georgia,"$25,000 to $49,999",White,Bachelor's degree
45-54,Texas,"$25,000 to $49,999",White,"9th to 12th grade, no diploma"
18-24,California,"$25,000 to $49,999",Other,High school graduate (includes equivalency)
55-64,Washington,"$75,000 to $99,999",HispanicOrLatino,Bachelor's degree
18-24,Virginia,"Less than $25,000",White,High school graduate (includes equivalency)
25-34,Washington,"$150,000 or greater",White,"Some college, no degree"
25-34,Florida,"$25,000 to $49,999",BlackOrAfricanAmerican,"Some college, no degree"
45-54,Minnesota,"$75,000 to $99,999",White,High school graduate (includes equivalency)
18-24,Wisconsin,"$100,000 to $149,999",HispanicOrLatino,High school graduate (includes equivalency)
55-64,Delaware,"$150,000 or greater",White,High school graduate (includes equivalency)
45-54,Illinois,"$25,000 to $49,999",BlackOrAfricanAmerican,"Some college, no degree"
25-34,Arizona,"$50,000 to $74,999",BlackOrAfricanAmerican,"Graduate degree, professional degree or PhD"
55-64,Texas,"Less than $25,000",HispanicOrLatino,High school graduate (includes equivalency)
55-64,West Virginia,"Less than $25,000",White,No schooling completed
65+,California,"$50,000 to $74,999",White,Associate's degree
65+,Texas,"$25,000 to $49,999",BlackOrAfricanAmerican,High school graduate (includes equivalency)
65+,New Hampshire,"$50,000 to $74,999",White,"Some college, no degree"
65+,Oregon,"$25,000 to $49,999",White,Associate's degree
65+,Ohio,"$25,000 to $49,999",White,"Graduate degree, professional degree or PhD"
35-44,Georgia,"$150,000 or greater",White,Bachelor's degree
25-34,Connecticut,"Less than $25,000",White,"Some college, no degree"
65+,California,"$100,000 to $149,999",White,High school graduate (includes equivalency)
55-64,California,"$25,000 to $49,999",BlackOrAfricanAmerican,Bachelor's degree
18-24,Maryland,"$150,000 or greater",Other,High school graduate (includes equivalency)
45-54,New York,"$25,000 to $49,999",White,"Some college, no degree"
55-64,Colorado,"$50,000 to $74,999",White,Associate's degree
65+,New York,"$25,000 to $49,999",White,"Some college, no degree"
55-64,Florida,"Less than $25,000",White,Associate's degree
65+,Illinois,"Less than $25,000",White,High school graduate (includes equivalency)
65+,Louisiana,"$25,000 to $49,999",White,High school graduate (includes equivalency)
18-24,Missouri,"Less than $25,000",White,High school graduate (includes equivalency)
55-64,North Carolina,"$50,000 to $74,999",White,"Graduate degree, professional degree or PhD"
65+,Florida,"$25,000 to $49,999",White,"Some college, no degree"
18-24,Florida,"$150,000 or greater",White,Associate's degree
45-54,Florida,"$100,000 to $149,999",White,"Some college, no degree"
55-64,California,"Less than $25,000",HispanicOrLatino,"Some college, no degree"
18-24,Texas,"$100,000 to $149,999",White,"Some college, no degree"
55-64,Ohio,"$100,000 to $149,999",White,"Some college, no degree"
35-44,North Carolina,"$25,000 to $49,999",BlackOrAfricanAmerican,Bachelor's degree
65+,Nevada,"$150,000 or greater",White,"Some college, no degree"
45-54,Tennessee,"$75,000 to $99,999",White,"Some college, no degree"
35-44,Missouri,"$25,000 to $49,999",Other,"Some college, no degree"
65+,California,"$75,000 to $99,999",White,High school graduate (includes equivalency)
55-64,Oklahoma,"Less than $25,000",White,Associate's degree
35-44,Pennsylvania,"$100,000 to $149,999",White,"Graduate degree, professional degree or PhD"
18-24,Massachusetts,"$150,000 or greater",White,Bachelor's degree
18-24,California,"$150,000 or greater",Asian,High school graduate (includes equivalency)
55-64,Georgia,"Less than $25,000",Other,High school graduate (includes equivalency)
35-44,Georgia,"$150,000 or greater",White,"Graduate degree, professional degree or PhD"
65+,Texas,"Less than $25,000",White,"Graduate degree, professional degree or PhD"
55-64,California,"$100,000 to $149,999",White,Bachelor's degree
35-44,South Carolina,"$25,000 to $49,999",White,Bachelor's degree
18-24,South Carolina,"$75,000 to $99,999",BlackOrAfricanAmerican,Bachelor's degree
55-64,Kansas,"Less than $25,000",Other,"Some college, no degree"
25-34,Arizona,"$50,000 to $74,999",HispanicOrLatino,"Some college, no degree"
65+,Texas,"Less than $25,000",White,High school graduate (includes equivalency)
55-64,California,"$25,000 to $49,999",White,"Some college, no degree"
35-44,California,"$150,000 or greater",White,Bachelor's degree
65+,North Carolina,"Less than $25,000",White,"Some college, no degree"
65+,New Jersey,"$50,000 to $74,999",White,High school graduate (includes equivalency)
25-34,South Carolina,"Less than $25,000",White,High school graduate (includes equivalency)
45-54,Florida,"$75,000 to $99,999",HispanicOrLatino,Bachelor's degree
65+,Washington,"$50,000 to $74,999",White,"9th to 12th grade, no diploma"
35-44,Mississippi,"Less than $25,000",White,High school graduate (includes equivalency)
45-54,Arizona,"$25,000 to $49,999",White,"Some college, no degree"
18-24,Ohio,"$50,000 to $74,999",BlackOrAfricanAmerican,High school graduate (includes equivalency)
65+,Colorado,"$100,000 to $149,999",White,Bachelor's degree
35-44,Ohio,"$150,000 or greater",White,"Graduate degree, professional degree or PhD"
55-64,Montana,"Less than $25,000",White,"9th to 12th grade, no diploma"
65+,California,"$75,000 to $99,999",BlackOrAfricanAmerican,"Graduate degree, professional degree or PhD"
45-54,Georgia,"Less than $25,000",White,High school graduate (includes equivalency)
55-64,Indiana,"$100,000 to $149,999",White,High school graduate (includes equivalency)
35-44,Georgia,"$75,000 to $99,999",White,"Graduate degree, professional degree or PhD"
65+,Texas,"Less than $25,000",White,High school graduate (includes equivalency)
35-44,Florida,"$25,000 to $49,999",Other,High school graduate (includes equivalency)
55-64,Ohio,"$150,000 or greater",White,Bachelor's degree
45-54,New Jersey,"Less than $25,000",BlackOrAfricanAmerican,"Some college, no degree"
25-34,Pennsylvania,"$75,000 to $99,999",White,Bachelor's degree
55-64,New York,"$50,000 to $74,999",White,Associate's degree
55-64,Pennsylvania,"Less than $25,000",White,"Some college, no degree"
25-34,California,"$100,000 to $149,999",White,High school graduate (includes equivalency)
18-24,North Carolina,"Less than $25,000",White,High school graduate (includes equivalency)
65+,Rhode Island,"$50,000 to $74,999",White,"Some college, no degree"
65+,Oklahoma,"$25,000 to $49,999",White,"Some college, no degree"
25-34,Washington,"Less than $25,000",Asian,"Some college, no degree"
25-34,Colorado,"Less than $25,000",BlackOrAfricanAmerican,"9th to 12th grade, no diploma"
65+,California,"Less than $25,000",White,"9th to 12th grade, no diploma"
45-54,Georgia,"$150,000 or greater",Other,"Graduate degree, professional degree or PhD"
55-64,Illinois,"$100,000 to $149,999",Other,"Some college, no degree"
65+,Connecticut,"$25,000 to $49,999",White,Associate's degree
45-54,Minnesota,"$100,000 to $149,999",White,"Graduate degree, professional degree or PhD"
45-54,Oklahoma,"$25,000 to $49,999",White,Less than 9th grade
65+,Mississippi,"$50,000 to $74,999",White,Bachelor's degree
45-54,Alabama,"Less than $25,000",White,Bachelor's degree
35-44,New Hampshire,"Less than $25,000",White,Associate's degree
55-64,New York,"$150,000 or greater",BlackOrAfricanAmerican,High school graduate (includes equivalency)
65+,Utah,"$25,000 to $49,999",White,"Some college, no degree"
65+,Alabama,"$25,000 to $49,999",White,"9th to 12th grade, no diploma"
45-54,New York,"Less than $25,000",BlackOrAfricanAmerican,"Some college, no degree"
65+,South Carolina,"$25,000 to $49,999",White,"Graduate degree, professional degree or PhD"
65+,Texas,"$25,000 to $49,999",White,"Graduate degree, professional degree or PhD"
65+,Indiana,"$25,000 to $49,999",White,"Some college, no degree"
65+,Colorado,"$50,000 to $74,999",White,"Some college, no degree"
65+,Illinois,"$25,000 to $49,999",White,"Some college, no degree"
35-44,Illinois,"$50,000 to $74,999",White,Associate's degree
45-54,Illinois,"$50,000 to $74,999",BlackOrAfricanAmerican,High school graduate (includes equivalency)
35-44,Georgia,"$150,000 or greater",White,"Graduate degree, professional degree or PhD"
35-44,Michigan,"$25,000 to $49,999",White,Less than 9th grade
35-44,Tennessee,"Less than $25,000",White,High school graduate (includes equivalency)
35-44,California,"Less than $25,000",White,High school graduate (includes equivalency)
55-64,New York,"$50,000 to $74,999",White,Bachelor's degree
65+,Texas,"Less than $25,000",White,High school graduate (includes equivalency)
55-64,California,"Less than $25,000",White,"Some college, no degree"
55-64,Colorado,"$100,000 to $149,999",White,Bachelor's degree
55-64,Arizona,"$50,000 to $74,999",White,"Some college, no degree"
65+,Maryland,"Less than $25,000",White,"Some college, no degree"
55-64,Florida,"$25,000 to $49,999",White,"Graduate degree, professional degree or PhD"
55-64,Massachusetts,"$75,000 to $99,999",White,"Some college, no degree"
55-64,North Carolina,"$25,000 to $49,999",BlackOrAfricanAmerican,High school graduate (includes equivalency)
25-34,Virginia,"Less than $25,000",BlackOrAfricanAmerican,High school graduate (includes equivalency)
45-54,South Dakota,"$50,000 to $74,999",White,High school graduate (includes equivalency)
35-44,New York,"Less than $25,000",White,No schooling completed
65+,Texas,"$50,000 to $74,999",White,"Some college, no degree"
55-64,Tennessee,"$25,000 to $49,999",White,Less than 9th grade
18-24,Tennessee,"Less than $25,000",White,Less than 9th grade
55-64,Arizona,"Less than $25,000",Other,High school graduate (includes equivalency)
55-64,New Mexico,"Less than $25,000",White,Bachelor's degree
65+,Texas,"$25,000 to $49,999",White,"Graduate degree, professional degree or PhD"
35-44,Arkansas,"Less than $25,000",White,"Graduate degree, professional degree or PhD"
25-34,Illinois,"$25,000 to $49,999",White,"Some college, no degree"
65+,Florida,"$75,000 to $99,999",White,Associate's degree
45-54,Missouri,"Less than $25,000",White,"Some college, no degree"
25-34,North Carolina,"$100,000 to $149,999",White,"Graduate degree, professional degree or PhD"
35-44,Louisiana,"Less than $25,000",BlackOrAfricanAmerican,High school graduate (includes equivalency)
55-64,Alabama,"Less than $25,000",White,"Graduate degree, professional degree or PhD"
55-64,Wisconsin,"$25,000 to $49,999",White,Associate's degree
55-64,North Carolina,"Less than $25,000",White,Associate's degree
18-24,Dc,"$50,000 to $74,999",White,Bachelor's degree
18-24,California,"$25,000 to $49,999",White,High school graduate (includes equivalency)
65+,Pennsylvania,"Less than $25,000",White,"Some college, no degree"
25-34,Pennsylvania,"$25,000 to $49,999",White,"Some college, no degree"
45-54,California,"$25,000 to $49,999",White,"Some college, no degree"
65+,Michigan,"Less than $25,000",White,High school graduate (includes equivalency)
65+,Wisconsin,"$50,000 to $74,999",White,High school graduate (includes equivalency)
55-64,North Carolina,"$25,000 to $49,999",BlackOrAfricanAmerican,High school graduate (includes equivalency)
65+,Georgia,"Less than $25,000",Asian,"9th to 12th grade, no diploma"
25-34,Texas,"$25,000 to $49,999",HispanicOrLatino,Bachelor's degree
25-34,Pennsylvania,"$150,000 or greater",White,Bachelor's degree
55-64,Florida,"Less than $25,000",White,Less than 9th grade
65+,Virginia,"$150,000 or greater",White,"Some college, no degree"
18-24,Pennsylvania,"Less than $25,000",White,Associate's degree
55-64,Florida,"$100,000 to $149,999",White,Associate's degree
45-54,Alabama,"Less than $25,000",BlackOrAfricanAmerican,Associate's degree
35-44,New York,"$150,000 or greater",White,"Graduate degree, professional degree or PhD"
45-54,Oregon,"$75,000 to $99,999",White,High school graduate (includes equivalency)
55-64,Florida,"$25,000 to $49,999",White,Bachelor's degree
55-64,Illinois,"Less than $25,000",White,High school graduate (includes equivalency)
65+,Ohio,"Less than $25,000",HispanicOrLatino,High school graduate (includes equivalency)
65+,Kansas,"Less than $25,000",White,"9th to 12th grade, no diploma"
65+,Florida,"$50,000 to $74,999",White,High school graduate (includes equivalency)
35-44,Illinois,"Less than $25,000",White,"Some college, no degree"
55-64,California,"$50,000 to $74,999",White,Associate's degree
65+,Texas,"Less than $25,000",BlackOrAfricanAmerican,"Some college, no degree"
55-64,Texas,"$75,000 to $99,999",White,"Some college, no degree"
65+,West Virginia,"Less than $25,000",White,High school graduate (includes equivalency)
55-64,Michigan,"$75,000 to $99,999",White,"Graduate degree, professional degree or PhD"
55-64,Georgia,"$25,000 to $49,999",White,Associate's degree
55-64,Connecticut,"$75,000 to $99,999",White,Bachelor's degree
45-54,California,"$75,000 to $99,999",HispanicOrLatino,High school graduate (includes equivalency)
65+,Georgia,"Less than $25,000",White,"Some college, no degree"
45-54,Illinois,"Less than $25,000",White,High school graduate (includes equivalency)
45-54,Florida,"$25,000 to $49,999",BlackOrAfricanAmerican,Associate's degree
65+,Kansas,"$150,000 or greater",White,"Graduate degree, professional degree or PhD"
65+,Louisiana,"Less than $25,000",White,"Some college, no degree"
35-44,Nevada,"$100,000 to $149,999",BlackOrAfricanAmerican,Associate's degree
65+,Oklahoma,"Less than $25,000",White,High school graduate (includes equivalency)
45-54,North Carolina,"$100,000 to $149,999",White,Bachelor's degree
55-64,South Carolina,"$25,000 to $49,999",White,"Some college, no degree"
25-34,Oregon,"$75,000 to $99,999",White,"Some college, no degree"
65+,New York,"$75,000 to $99,999",White,"Some college, no degree"
55-64,Texas,"$75,000 to $99,999",White,Bachelor's degree
55-64,Ohio,"$150,000 or greater",White,Bachelor's degree
45-54,New York,"Less than $25,000",White,High school graduate (includes equivalency)
65+,North Carolina,"$50,000 to $74,999",White,Bachelor's degree
18-24,Massachusetts,"$50,000 to $74,999",White,"9th to 12th grade, no diploma"
65+,Mississippi,"$50,000 to $74,999",White,"Graduate degree, professional degree or PhD"
35-44,Florida,"Less than $25,000",White,Less than 9th grade
25-34,California,"$100,000 to $149,999",Other,Bachelor's degree
55-64,Texas,"$25,000 to $49,999",White,Bachelor's degree
25-34,California,"Less than $25,000",White,High school graduate (includes equivalency)
18-24,Texas,"Less than $25,000",HispanicOrLatino,High school graduate (includes equivalency)
55-64,Georgia,"Less than $25,000",White,"Some college, no degree"
45-54,Michigan,"$150,000 or greater",White,"Graduate degree, professional degree or PhD"
45-54,North Dakota,"$100,000 to $149,999",White,"Some college, no degree"
55-64,Hawaii,"$75,000 to $99,999",HispanicOrLatino,High school graduate (includes equivalency)
65+,North Carolina,"$25,000 to $49,999",White,"Some college, no degree"
65+,New York,"$75,000 to $99,999",White,"9th to 12th grade, no diploma"
65+,California,"$25,000 to $49,999",White,Associate's degree
18-24,Maryland,"Less than $25,000",White,High school graduate (includes equivalency)
45-54,Illinois,"$75,000 to $99,999",White,Bachelor's degree
25-34,Minnesota,"Less than $25,000",Other,High school graduate (includes equivalency)
55-64,North Carolina,"Less than $25,000",White,High school graduate (includes equivalency)
65+,Maryland,"$25,000 to $49,999",White,"Some college, no degree"
45-54,California,"$150,000 or greater",Other,High school graduate (includes equivalency)
55-64,Ohio,"$50,000 to $74,999",White,High school graduate (includes equivalency)
35-44,Georgia,"$150,000 or greater",White,"Graduate degree, professional degree or PhD"
65+,Indiana,"$100,000 to $149,999",White,"Some college, no degree"
55-64,Idaho,"$50,000 to $74,999",White,Bachelor's degree
55-64,Mississippi,"$100,000 to $149,999",BlackOrAfricanAmerican,Bachelor's degree
55-64,Michigan,"Less than $25,000",BlackOrAfricanAmerican,High school graduate (includes equivalency)
25-34,Texas,"Less than $25,000",White,High school graduate (includes equivalency)
45-54,Ohio,"Less than $25,000",BlackOrAfricanAmerican,"9th to 12th grade, no diploma"
25-34,Arkansas,"$75,000 to $99,999",BlackOrAfricanAmerican,High school graduate (includes equivalency)
45-54,Illinois,"$50,000 to $74,999",White,"Some college, no degree"
25-34,Ohio,"Less than $25,000",White,Associate's degree
18-24,Missouri,"Less than $25,000",White,Associate's degree
18-24,Minnesota,"$100,000 to $149,999",Asian,"Some college, no degree"
35-44,Kentucky,"$50,000 to $74,999",White,"Some college, no degree"
45-54,Illinois,"$50,000 to $74,999",White,Bachelor's degree
35-44,New York,"$25,000 to $49,999",BlackOrAfricanAmerican,"Some college, no degree"
55-64,California,"Less than $25,000",Other,High school graduate (includes equivalency)
55-64,Minnesota,"$100,000 to $149,999",White,"Graduate degree, professional degree or PhD"
45-54,Minnesota,"$25,000 to $49,999",White,Associate's degree
45-54,Missouri,"$25,000 to $49,999",White,"Graduate degree, professional degree or PhD"
25-34,Virginia,"$25,000 to $49,999",White,Associate's degree
18-24,Maryland,"Less than $25,000",BlackOrAfricanAmerican,High school graduate (includes equivalency)
65+,Pennsylvania,"$75,000 to $99,999",White,"Graduate degree, professional degree or PhD"
65+,Oklahoma,"Less than $25,000",White,"Some college, no degree"
35-44,Texas,"$25,000 to $49,999",White,High school graduate (includes equivalency)
55-64,Minnesota,"$150,000 or greater",White,"Graduate degree, professional degree or PhD"
65+,New Jersey,"Less than $25,000",BlackOrAfricanAmerican,High school graduate (includes equivalency)
35-44,Alabama,"Less than $25,000",Other,"Some college, no degree"
65+,Oregon,"$50,000 to $74,999",White,High school graduate (includes equivalency)
35-44,Indiana,"Less than $25,000",White,High school graduate (includes equivalency)
45-54,Ohio,"$100,000 to $149,999",White,Bachelor's degree
55-64,California,"$75,000 to $99,999",White,High school graduate (includes equivalency)
55-64,Michigan,"Less than $25,000",White,Associate's degree
55-64,California,"$25,000 to $49,999",White,"Graduate degree, professional degree or PhD"
45-54,Illinois,"$25,000 to $49,999",White,High school graduate (includes equivalency)
45-54,Michigan,"Less than $25,000",Other,"Graduate degree, professional degree or PhD"
65+,Massachusetts,"$75,000 to $99,999",White,High school graduate (includes equivalency)
45-54,Ohio,"Less than $25,000",White,No schooling completed
35-44,South Dakota,"$25,000 to $49,999",White,"Some college, no degree"
65+,Washington,"$100,000 to $149,999",White,"Some college, no degree"
55-64,Illinois,"Less than $25,000",Other,Associate's degree
65+,Indiana,"$100,000 to $149,999",White,"Graduate degree, professional degree or PhD"
65+,Oklahoma,"$25,000 to $49,999",White,Associate's degree
65+,Louisiana,"$150,000 or greater",White,High school graduate (includes equivalency)
45-54,Pennsylvania,"$100,000 to $149,999",White,Associate's degree
45-54,Ohio,"$25,000 to $49,999",White,High school graduate (includes equivalency)
65+,California,"Less than $25,000",White,"Graduate degree, professional degree or PhD"
45-54,Tennessee,"Less than $25,000",White,High school graduate (includes equivalency)
65+,Missouri,"Less than $25,000",HispanicOrLatino,"Some college, no degree"
55-64,Oregon,"$100,000 to $149,999",White,"Graduate degree, professional degree or PhD"
35-44,Iowa,"Less than $25,000",White,High school graduate (includes equivalency)
25-34,Pennsylvania,"$50,000 to $74,999",White,"Some college, no degree"
35-44,Alabama,"$25,000 to $49,999",White,High school graduate (includes equivalency)
45-54,Georgia,"Less than $25,000",White,High school graduate (includes equivalency)
65+,Nevada,"$75,000 to $99,999",Other,Associate's degree
65+,Illinois,"$25,000 to $49,999",White,High school graduate (includes equivalency)
65+,Minnesota,"$25,000 to $49,999",BlackOrAfricanAmerican,"Some college, no degree"
35-44,New York,"$100,000 to $149,999",White,Bachelor's degree
65+,Maine,"$50,000 to $74,999",White,Bachelor's degree
55-64,North Carolina,"$75,000 to $99,999",White,"Graduate degree, professional degree or PhD"
65+,North Carolina,"$25,000 to $49,999",Other,"Some college, no degree"
45-54,Ohio,"$75,000 to $99,999",White,"Some college, no degree"
65+,Illinois,"Less than $25,000",Other,"9th to 12th grade, no diploma"
55-64,Tennessee,"$50,000 to $74,999",White,Associate's degree
65+,Idaho,"$50,000 to $74,999",White,Bachelor's degree
45-54,Massachusetts,"$150,000 or greater",White,"Graduate degree, professional degree or PhD"
18-24,Georgia,"$25,000 to $49,999",BlackOrAfricanAmerican,Bachelor's degree
25-34,Ohio,"Less than $25,000",White,"9th to 12th grade, no diploma"
45-54,California,"$75,000 to $99,999",White,"Graduate degree, professional degree or PhD"
45-54,California,"$100,000 to $149,999",Other,"Some college, no degree"
35-44,Arkansas,"$150,000 or greater",White,No schooling completed
65+,Oklahoma,"Less than $25,000",White,Associate's degree
45-54,Ohio,"Less than $25,000",White,"Some college, no degree"
35-44,Virginia,"Less than $25,000",White,High school graduate (includes equivalency)
35-44,Arkansas,"$25,000 to $49,999",White,Associate's degree
65+,California,"$100,000 to $149,999",White,"Graduate degree, professional degree or PhD"
25-34,Alabama,"$75,000 to $99,999",BlackOrAfricanAmerican,"Some college, no degree"
65+,Florida,"$50,000 to $74,999",White,Bachelor's degree
35-44,Florida,"$75,000 to $99,999",HispanicOrLatino,Associate's degree
55-64,Missouri,"$50,000 to $74,999",BlackOrAfricanAmerican,Bachelor's degree
65+,Maryland,"Less than $25,000",White,High school graduate (includes equivalency)
55-64,California,"$50,000 to $74,999",Other,"Some college, no degree"
55-64,Alabama,"$100,000 to $149,999",White,"Some college, no degree"
55-64,California,"Less than $25,000",White,"9th to 12th grade, no diploma"
55-64,Missouri,"$50,000 to $74,999",White,Bachelor's degree
65+,Tennessee,"Less than $25,000",White,"Some college, no degree"
65+,Missouri,"Less than $25,000",White,"Some college, no degree"
65+,California,"$50,000 to $74,999",White,"Some college, no degree"
45-54,Florida,"Less than $25,000",White,"Some college, no degree"
65+,Missouri,"$25,000 to $49,999",White,High school graduate (includes equivalency)
35-44,Louisiana,"$150,000 or greater",White,"Graduate degree, professional degree or PhD"
65+,Florida,"$150,000 or greater",Other,Bachelor's degree
25-34,Virginia,"$150,000 or greater",HispanicOrLatino,No schooling completed
45-54,Pennsylvania,"$100,000 to $149,999",White,"Graduate degree, professional degree or PhD"
55-64,Indiana,"$75,000 to $99,999",White,Bachelor's degree
65+,California,"Less than $25,000",White,"Some college, no degree"
65+,South Carolina,"$25,000 to $49,999",BlackOrAfricanAmerican,"Some college, no degree"
55-64,Texas,"$25,000 to $49,999",BlackOrAfricanAmerican,High school graduate (includes equivalency)
65+,Missouri,"Less than $25,000",Other,"Graduate degree, professional degree or PhD"
55-64,Indiana,"$50,000 to $74,999",White,"Graduate degree, professional degree or PhD"
65+,California,"$75,000 to $99,999",White,"Some college, no degree"
55-64,Iowa,"Less than $25,000",White,"Some college, no degree"
65+,Illinois,"$75,000 to $99,999",White,"Some college, no degree"
65+,Wisconsin,"Less than $25,000",White,High school graduate (includes equivalency)
55-64,North Carolina,"$25,000 to $49,999",White,Bachelor's degree
65+,Virginia,"$75,000 to $99,999",White,"Graduate degree, professional degree or PhD"
45-54,West Virginia,"$25,000 to $49,999",White,High school graduate (includes equivalency)
25-34,Kentucky,"Less than $25,000",White,No schooling completed
65+,South Carolina,"Less than $25,000",White,"9th to 12th grade, no diploma"
55-64,Alabama,"Less than $25,000",Other,"9th to 12th grade, no diploma"
55-64,Ohio,"$100,000 to $149,999",White,"Some college, no degree"
35-44,Georgia,"Less than $25,000",White,High school graduate (includes equivalency)
65+,Florida,"$25,000 to $49,999",White,"Some college, no degree"
35-44,Montana,"Less than $25,000",White,"Some college, no degree"
25-34,Illinois,"$75,000 to $99,999",White,"Graduate degree, professional degree or PhD"
18-24,Indiana,"$150,000 or greater",White,High school graduate (includes equivalency)
45-54,Massachusetts,"$50,000 to $74,999",White,Associate's degree
45-54,New York,"$25,000 to $49,999",White,Associate's degree
65+,Indiana,"$75,000 to $99,999",White,"Graduate degree, professional degree or PhD"
65+,North Carolina,"$25,000 to $49,999",BlackOrAfricanAmerican,"9th to 12th grade, no diploma"
25-34,Arkansas,"Less than $25,000",White,High school graduate (includes equivalency)
25-34,Illinois,"$150,000 or greater",White,Bachelor's degree
25-34,Michigan,"$25,000 to $49,999",White,"Graduate degree, professional degree or PhD"
65+,Massachusetts,"$75,000 to $99,999",White,Bachelor's degree
18-24,New York,"$50,000 to $74,999",White,High school graduate (includes equivalency)
35-44,Colorado,"$50,000 to $74,999",White,"Some college, no degree"
25-34,New Hampshire,"$50,000 to $74,999",White,Bachelor's degree
55-64,Ohio,"$50,000 to $74,999",White,"Graduate degree, professional degree or PhD"
55-64,South Carolina,"$75,000 to $99,999",White,"Some college, no degree"
65+,Tennessee,"Less than $25,000",White,Less than 9th grade
45-54,Washington,"$50,000 to $74,999",White,High school graduate (includes equivalency)
55-64,Iowa,"$50,000 to $74,999",White,High school graduate (includes equivalency)
65+,New York,"$75,000 to $99,999",White,"Graduate degree, professional degree or PhD"
65+,Florida,"Less than $25,000",White,"Some college, no degree"
35-44,Massachusetts,"$100,000 to $149,999",White,"Graduate degree, professional degree or PhD"
65+,Texas,"$50,000 to $74,999",White,"Some college, no degree"
65+,Virginia,"$50,000 to $74,999",Other,Bachelor's degree
18-24,Florida,"Less than $25,000",Asian,Bachelor's degree
25-34,Arizona,"$100,000 to $149,999",Other,"Some college, no degree"
65+,Texas,"$75,000 to $99,999",White,Bachelor's degree
65+,Idaho,"$25,000 to $49,999",White,"Graduate degree, professional degree or PhD"
55-64,Indiana,"$50,000 to $74,999",White,High school graduate (includes equivalency)
55-64,Pennsylvania,"$75,000 to $99,999",White,"Some college, no degree"
35-44,Tennessee,"$75,000 to $99,999",Asian,Associate's degree
65+,New York,"$50,000 to $74,999",White,Bachelor's degree
25-34,Ohio,"$25,000 to $49,999",White,High school graduate (includes equivalency)
65+,Ohio,"$75,000 to $99,999",White,"Some college, no degree"
55-64,Florida,"Less than $25,000",White,"Some college, no degree"
55-64,California,"$75,000 to $99,999",White,High school graduate (includes equivalency)
25-34,New York,"Less than $25,000",HispanicOrLatino,Bachelor's degree
65+,Montana,"Less than $25,000",White,Bachelor's degree
65+,Alabama,"Less than $25,000",Other,High school graduate (includes equivalency)
55-64,California,"$100,000 to $149,999",White,Associate's degree
65+,Massachusetts,"Less than $25,000",White,High school graduate (includes equivalency)
45-54,Illinois,"$75,000 to $99,999",White,Associate's degree
35-44,Connecticut,"Less than $25,000",White,"Some college, no degree"
55-64,Hawaii,"Less than $25,000",Asian,"Some college, no degree"
65+,Texas,"$25,000 to $49,999",White,High school graduate (includes equivalency)
55-64,Pennsylvania,"$75,000 to $99,999",White,Associate's degree
65+,New York,"Less than $25,000",Other,High school graduate (includes equivalency)
65+,California,"$25,000 to $49,999",White,Bachelor's degree
45-54,South Dakota,"$75,000 to $99,999",White,Bachelor's degree
25-34,California,"$50,000 to $74,999",White,"Graduate degree, professional degree or PhD"
65+,New York,"$150,000 or greater",White,"9th to 12th grade, no diploma"
18-24,Georgia,"Less than $25,000",White,Bachelor's degree
35-44,Texas,"$25,000 to $49,999",White,"Some college, no degree"
25-34,West Virginia,"$25,000 to $49,999",BlackOrAfricanAmerican,High school graduate (includes equivalency)
55-64,Virginia,"$25,000 to $49,999",BlackOrAfricanAmerican,High school graduate (includes equivalency)
18-24,Florida,"$100,000 to $149,999",BlackOrAfricanAmerican,Bachelor's degree
55-64,Michigan,"$25,000 to $49,999",White,"9th to 12th grade, no diploma"
65+,Pennsylvania,"Less than $25,000",White,"Graduate degree, professional degree or PhD"
65+,Michigan,"Less than $25,000",White,No schooling completed
18-24,California,"Less than $25,000",Other,Bachelor's degree
35-44,Ohio,"Less than $25,000",White,"Some college, no degree"
45-54,California,"$25,000 to $49,999",HispanicOrLatino,"Some college, no degree"
65+,Massachusetts,"$25,000 to $49,999",White,"Graduate degree, professional degree or PhD"
55-64,Texas,"$50,000 to $74,999",White,Bachelor's degree
55-64,Texas,"Less than $25,000",White,High school graduate (includes equivalency)
35-44,Virginia,"Less than $25,000",White,High school graduate (includes equivalency)
55-64,Kentucky,"$75,000 to $99,999",Other,"9th to 12th grade, no diploma"
65+,Arizona,"Less than $25,000",White,"9th to 12th grade, no diploma"
65+,Virginia,"Less than $25,000",BlackOrAfricanAmerican,"Some college, no degree"
65+,Florida,"Less than $25,000",White,High school graduate (includes equivalency)
25-34,Texas,"$25,000 to $49,999",White,"Some college, no degree"
35-44,Tennessee,"$25,000 to $49,999",White,Bachelor's degree
55-64,California,"Less than $25,000",White,High school graduate (includes equivalency)
35-44,Pennsylvania,"$75,000 to $99,999",White,"Graduate degree, professional degree or PhD"
45-54,Connecticut,"$150,000 or greater",White,Bachelor's degree
65+,Florida,"Less than $25,000",Other,High school graduate (includes equivalency)
45-54,New Mexico,"Less than $25,000",White,"Some college, no degree"
55-64,Iowa,"Less than $25,000",Asian,"9th to 12th grade, no diploma"
18-24,Tennessee,"$25,000 to $49,999",White,"Some college, no degree"
55-64,Maryland,"Less than $25,000",BlackOrAfricanAmerican,High school graduate (includes equivalency)
18-24,New York,"Less than $25,000",BlackOrAfricanAmerican,High school graduate (includes equivalency)
65+,Connecticut,"$50,000 to $74,999",White,"Graduate degree, professional degree or PhD"
25-34,Iowa,"$150,000 or greater",White,Bachelor's degree
65+,West Virginia,"$100,000 to $149,999",Other,"Graduate degree, professional degree or PhD"
35-44,Delaware,"Less than $25,000",BlackOrAfricanAmerican,"9th to 12th grade, no diploma"
35-44,Illinois,"$50,000 to $74,999",White,Bachelor's degree
55-64,Virginia,"$25,000 to $49,999",White,High school graduate (includes equivalency)
65+,Wisconsin,"$25,000 to $49,999",White,"Some college, no degree"
45-54,Maryland,"Less than $25,000",White,High school graduate (includes equivalency)
25-34,Texas,"$75,000 to $99,999",White,Bachelor's degree
55-64,Arkansas,"Less than $25,000",White,"Some college, no degree"
65+,California,"$25,000 to $49,999",White,"Some college, no degree"
65+,Idaho,"$50,000 to $74,999",White,"Some college, no degree"
65+,Florida,"Less than $25,000",HispanicOrLatino,"Some college, no degree"
65+,Massachusetts,"$150,000 or greater",White,"Graduate degree, professional degree or PhD"
65+,New Jersey,"$100,000 to $149,999",White,Bachelor's degree
25-34,South Carolina,"$50,000 to $74,999",White,Bachelor's degree
45-54,New York,"$50,000 to $74,999",White,Associate's degree
45-54,Indiana,"$50,000 to $74,999",White,Bachelor's degree
55-64,Michigan,"$25,000 to $49,999",White,High school graduate (includes equivalency)
18-24,Pennsylvania,"Less than $25,000",White,"Some college, no degree"
55-64,New York,"Less than $25,000",White,"9th to 12th grade, no diploma"
25-34,Mississippi,"$25,000 to $49,999",White,Bachelor's degree
55-64,Missouri,"Less than $25,000",White,Associate's degree
35-44,Maine,"$75,000 to $99,999",White,Associate's degree
25-34,Arkansas,"$25,000 to $49,999",White,High school graduate (includes equivalency)
55-64,Minnesota,"$50,000 to $74,999",White,Bachelor's degree
55-64,Connecticut,"$75,000 to $99,999",White,Bachelor's degree
65+,Alabama,,White,"Graduate degree, professional degree or PhD"
45-54,Texas,"Less than $25,000",White,"Some college, no degree"
35-44,Texas,"Less than $25,000",Other,Associate's degree
65+,Illinois,"$150,000 or greater",BlackOrAfricanAmerican,"Some college, no degree"
55-64,Massachusetts,"$100,000 to $149,999",White,High school graduate (includes equivalency)
55-64,Massachusetts,"Less than $25,000",BlackOrAfricanAmerican,"Some college, no degree"
55-64,New York,"$25,000 to $49,999",White,Bachelor's degree
45-54,Pennsylvania,"Less than $25,000",BlackOrAfricanAmerican,"Some college, no degree"
65+,Minnesota,"$50,000 to $74,999",White,Associate's degree
55-64,Virginia,"$25,000 to $49,999",HispanicOrLatino,"Graduate degree, professional degree or PhD"
18-24,North Carolina,"Less than $25,000",BlackOrAfricanAmerican,"9th to 12th grade, no diploma"
18-24,Oklahoma,"$25,000 to $49,999",HispanicOrLatino,"Some college, no degree"
25-34,New Jersey,"$75,000 to $99,999",White,Bachelor's degree
55-64,Tennessee,"$50,000 to $74,999",White,High school graduate (includes equivalency)
25-34,Texas,"Less than $25,000",White,"Some college, no degree"
65+,Connecticut,"$25,000 to $49,999",White,"Some college, no degree"
35-44,New Jersey,"$75,000 to $99,999",Other,"Graduate degree, professional degree or PhD"
55-64,Tennessee,"Less than $25,000",White,"Some college, no degree"
18-24,Idaho,"$25,000 to $49,999",White,"Some college, no degree"
65+,Indiana,"$25,000 to $49,999",White,"Graduate degree, professional degree or PhD"
45-54,Texas,"$25,000 to $49,999",White,High school graduate (includes equivalency)
55-64,Texas,"Less than $25,000",HispanicOrLatino,"9th to 12th grade, no diploma"
55-64,Nebraska,"Less than $25,000",White,High school graduate (includes equivalency)
65+,Kentucky,"$100,000 to $149,999",White,High school graduate (includes equivalency)
35-44,Minnesota,"Less than $25,000",White,Associate's degree
65+,Oregon,"$75,000 to $99,999",White,Associate's degree
25-34,New York,"$75,000 to $99,999",HispanicOrLatino,"Graduate degree, professional degree or PhD"
55-64,Pennsylvania,"Less than $25,000",White,"9th to 12th grade, no diploma"
65+,New Jersey,"$25,000 to $49,999",White,Associate's degree
65+,New York,"$150,000 or greater",White,High school graduate (includes equivalency)
35-44,Oregon,"Less than $25,000",White,High school graduate (includes equivalency)
65+,Wisconsin,"$50,000 to $74,999",White,High school graduate (includes equivalency)
55-64,Oklahoma,"$25,000 to $49,999",White,"Some college, no degree"
55-64,New York,"$150,000 or greater",White,"Graduate degree, professional degree or PhD"
65+,Nebraska,"$25,000 to $49,999",White,Bachelor's degree
55-64,Pennsylvania,"$50,000 to $74,999",White,"Some college, no degree"
45-54,Florida,"Less than $25,000",BlackOrAfricanAmerican,Associate's degree
65+,Illinois,"$25,000 to $49,999",BlackOrAfricanAmerican,"Some college, no degree"
35-44,Florida,"$75,000 to $99,999",BlackOrAfricanAmerican,Associate's degree
55-64,Massachusetts,"$75,000 to $99,999",HispanicOrLatino,"9th to 12th grade, no diploma"
55-64,Virginia,"Less than $25,000",White,High school graduate (includes equivalency)
45-54,Missouri,"Less than $25,000",Other,"Some college, no degree"
55-64,Ohio,"$25,000 to $49,999",White,High school graduate (includes equivalency)
18-24,Connecticut,"$50,000 to $74,999",White,"Some college, no degree"
18-24,Illinois,"$150,000 or greater",BlackOrAfricanAmerican,High school graduate (includes equivalency)
55-64,South Carolina,"Less than $25,000",White,"Some college, no degree"
65+,New Hampshire,"$100,000 to $149,999",White,Bachelor's degree
55-64,Massachusetts,"$100,000 to $149,999",White,Bachelor's degree
55-64,Missouri,"$75,000 to $99,999",White,Bachelor's degree
25-34,Georgia,"$50,000 to $74,999",BlackOrAfricanAmerican,High school graduate (includes equivalency)
65+,New Jersey,"$75,000 to $99,999",White,Bachelor's degree
55-64,Utah,"$50,000 to $74,999",White,Bachelor's degree
65+,Texas,"$50,000 to $74,999",White,"Graduate degree, professional degree or PhD"
35-44,Arkansas,"Less than $25,000",White,"9th to 12th grade, no diploma"
55-64,South Carolina,"$150,000 or greater",BlackOrAfricanAmerican,"Some college, no degree"
18-24,Pennsylvania,"$50,000 to $74,999",White,High school graduate (includes equivalency)
55-64,Massachusetts,"$100,000 to $149,999",White,Bachelor's degree
35-44,Nebraska,"$25,000 to $49,999",White,"Some college, no degree"
18-24,California,"$75,000 to $99,999",BlackOrAfricanAmerican,"Some college, no degree"
55-64,Louisiana,"$100,000 to $149,999",White,High school graduate (includes equivalency)
55-64,Texas,"Less than $25,000",BlackOrAfricanAmerican,High school graduate (includes equivalency)
55-64,Illinois,"$50,000 to $74,999",White,Bachelor's degree
65+,Kentucky,"Less than $25,000",BlackOrAfricanAmerican,High school graduate (includes equivalency)
65+,Illinois,"$25,000 to $49,999",White,"Graduate degree, professional degree or PhD"
55-64,Wisconsin,"Less than $25,000",White,Associate's degree
55-64,California,"$100,000 to $149,999",White,"Some college, no degree"
65+,Massachusetts,"Less than $25,000",White,High school graduate (includes equivalency)
55-64,Missouri,"$150,000 or greater",White,Bachelor's degree
35-44,Indiana,"Less than $25,000",White,High school graduate (includes equivalency)
65+,New York,"Less than $25,000",HispanicOrLatino,"Some college, no degree"
65+,Ohio,"$50,000 to $74,999",White,Bachelor's degree
65+,Texas,"$75,000 to $99,999",White,"Some college, no degree"
45-54,New York,"Less than $25,000",White,"9th to 12th grade, no diploma"
55-64,California,"$100,000 to $149,999",White,"Graduate degree, professional degree or PhD"
65+,Pennsylvania,"$25,000 to $49,999",White,"Some college, no degree"
65+,Florida,"Less than $25,000",White,Associate's degree
35-44,Kansas,"Less than $25,000",Asian,No schooling completed
18-24,North Carolina,"$150,000 or greater",White,"Some college, no degree"
35-44,Missouri,"$150,000 or greater",White,Associate's degree
55-64,Colorado,"$50,000 to $74,999",White,Bachelor's degree
55-64,Colorado,"$100,000 to $149,999",Asian,Associate's degree
18-24,Minnesota,"$100,000 to $149,999",BlackOrAfricanAmerican,"Some college, no degree"
65+,Wisconsin,"$25,000 to $49,999",White,High school graduate (includes equivalency)
65+,Wyoming,"Less than $25,000",White,High school graduate (includes equivalency)
18-24,Colorado,"Less than $25,000",HispanicOrLatino,"9th to 12th grade, no diploma"
65+,Illinois,"$25,000 to $49,999",BlackOrAfricanAmerican,High school graduate (includes equivalency)
65+,Colorado,"$25,000 to $49,999",White,Bachelor's degree
35-44,Virginia,"$75,000 to $99,999",White,"Some college, no degree"
18-24,New York,"Less than $25,000",White,High school graduate (includes equivalency)
18-24,Georgia,"Less than $25,000",White,"9th to 12th grade, no diploma"
55-64,Georgia,"$50,000 to $74,999",White,Associate's degree
55-64,California,"$25,000 to $49,999",White,"Some college, no degree"
25-34,Pennsylvania,"$25,000 to $49,999",White,"Some college, no degree"
35-44,New York,"$75,000 to $99,999",White,Bachelor's degree
65+,Massachusetts,"$25,000 to $49,999",White,High school graduate (includes equivalency)
45-54,Utah,"$25,000 to $49,999",White,"Some college, no degree"
55-64,Wisconsin,"$50,000 to $74,999",White,Bachelor's degree
25-34,California,"Less than $25,000",HispanicOrLatino,Bachelor's degree
55-64,New Hampshire,"$25,000 to $49,999",White,High school graduate (includes equivalency)
35-44,Virginia,"$25,000 to $49,999",White,Bachelor's degree
45-54,Missouri,"$25,000 to $49,999",White,Associate's degree
65+,North Carolina,"$150,000 or greater",White,"Graduate degree, professional degree or PhD"
25-34,New York,"$50,000 to $74,999",BlackOrAfricanAmerican,Bachelor's degree
55-64,Iowa,"Less than $25,000",White,High school graduate (includes equivalency)
55-64,Tennessee,"$25,000 to $49,999",Other,"Some college, no degree"
55-64,Indiana,"Less than $25,000",White,"Some college, no degree"
65+,Oregon,"$25,000 to $49,999",BlackOrAfricanAmerican,"Some college, no degree"
65+,Missouri,"Less than $25,000",White,High school graduate (includes equivalency)
35-44,Georgia,"Less than $25,000",White,"Some college, no degree"
65+,Texas,"$150,000 or greater",White,High school graduate (includes equivalency)
45-54,Kentucky,"$75,000 to $99,999",White,"Some college, no degree"
35-44,Florida,"$25,000 to $49,999",White,Associate's degree
55-64,Colorado,"Less than $25,000",White,High school graduate (includes equivalency)
45-54,Colorado,"$50,000 to $74,999",White,Associate's degree
65+,Connecticut,"$25,000 to $49,999",HispanicOrLatino,Bachelor's degree
65+,California,"$100,000 to $149,999",White,Bachelor's degree
65+,Texas,"$50,000 to $74,999",White,Associate's degree
65+,New York,"$50,000 to $74,999",White,High school graduate (includes equivalency)
25-34,New York,"$25,000 to $49,999",White,Bachelor's degree
18-24,North Carolina,"Less than $25,000",BlackOrAfricanAmerican,High school graduate (includes equivalency)
65+,Louisiana,"$50,000 to $74,999",White,High school graduate (includes equivalency)
25-34,Colorado,"$50,000 to $74,999",BlackOrAfricanAmerican,Bachelor's degree
55-64,California,"$75,000 to $99,999",White,Bachelor's degree
35-44,Arizona,"$25,000 to $49,999",White,Bachelor's degree
55-64,New York,"$100,000 to $149,999",White,High school graduate (includes equivalency)
55-64,California,"Less than $25,000",White,High school graduate (includes equivalency)
55-64,North Carolina,"$25,000 to $49,999",White,"Some college, no degree"
55-64,Massachusetts,"Less than $25,000",White,"Some college, no degree"
65+,California,"Less than $25,000",White,"Graduate degree, professional degree or PhD"
65+,Arizona,"Less than $25,000",Other,"9th to 12th grade, no diploma"
35-44,Georgia,"$25,000 to $49,999",White,"Graduate degree, professional degree or PhD"
55-64,South Carolina,"$25,000 to $49,999",BlackOrAfricanAmerican,Associate's degree
45-54,Iowa,"Less than $25,000",White,"Some college, no degree"
45-54,Arizona,"Less than $25,000",White,High school graduate (includes equivalency)
18-24,Oregon,"$150,000 or greater",White,"Some college, no degree"
18-24,Florida,"$25,000 to $49,999",BlackOrAfricanAmerican,"Some college, no degree"
55-64,New Jersey,"$150,000 or greater",BlackOrAfricanAmerican,"Some college, no degree"
65+,California,"$75,000 to $99,999",White,Bachelor's degree
65+,Minnesota,"$150,000 or greater",White,"Graduate degree, professional degree or PhD"
55-64,Ohio,"$25,000 to $49,999",BlackOrAfricanAmerican,"Some college, no degree"
65+,Texas,"Less than $25,000",HispanicOrLatino,Associate's degree
55-64,Ohio,"$100,000 to $149,999",White,"Some college, no degree"
55-64,Nebraska,"$100,000 to $149,999",White,Associate's degree
35-44,New York,"$100,000 to $149,999",White,"Graduate degree, professional degree or PhD"
65+,Missouri,"Less than $25,000",White,"Graduate degree, professional degree or PhD"
65+,Virginia,"$75,000 to $99,999",Other,Bachelor's degree
25-34,North Carolina,"$25,000 to $49,999",White,High school graduate (includes equivalency)
65+,Massachusetts,"$150,000 or greater",White,Bachelor's degree
65+,California,"$150,000 or greater",White,Bachelor's degree
45-54,Michigan,"$25,000 to $49,999",White,High school graduate (includes equivalency)
25-34,Colorado,"$100,000 to $149,999",White,Bachelor's degree
55-64,Washington,"$25,000 to $49,999",White,High school graduate (includes equivalency)
55-64,Texas,"$150,000 or greater",Other,"Graduate degree, professional degree or PhD"
65+,Arizona,"Less than $25,000",White,"Some college, no degree"
18-24,Michigan,"Less than $25,000",Asian,"9th to 12th grade, no diploma"
65+,Oregon,"Less than $25,000",Other,High school graduate (includes equivalency)
55-64,North Carolina,"$75,000 to $99,999",Other,"Graduate degree, professional degree or PhD"
55-64,Texas,"Less than $25,000",BlackOrAfricanAmerican,"9th to 12th grade, no diploma"
35-44,Texas,"$25,000 to $49,999",White,Bachelor's degree
65+,California,"$100,000 to $149,999",White,"Graduate degree, professional degree or PhD"
18-24,Texas,"$25,000 to $49,999",White,Associate's degree
45-54,Illinois,"$50,000 to $74,999",White,High school graduate (includes equivalency)
35-44,Georgia,"$150,000 or greater",HispanicOrLatino,Bachelor's degree
65+,Nevada,"$150,000 or greater",White,Bachelor's degree
18-24,New York,"$50,000 to $74,999",White,High school graduate (includes equivalency)
55-64,Oklahoma,"Less than $25,000",BlackOrAfricanAmerican,High school graduate (includes equivalency)
45-54,Texas,"$25,000 to $49,999",White,High school graduate (includes equivalency)
55-64,Florida,"$50,000 to $74,999",White,High school graduate (includes equivalency)
65+,New Jersey,"$75,000 to $99,999",White,High school graduate (includes equivalency)
65+,California,"Less than $25,000",White,"Some college, no degree"
65+,South Dakota,"$50,000 to $74,999",White,High school graduate (includes equivalency)
65+,Minnesota,"$50,000 to $74,999",White,"9th to 12th grade, no diploma"
55-64,Arkansas,"$25,000 to $49,999",White,Associate's degree
18-24,California,"Less than $25,000",HispanicOrLatino,High school graduate (includes equivalency)
65+,North Carolina,"$50,000 to $74,999",White,High school graduate (includes equivalency)
65+,Maryland,"$25,000 to $49,999",White,Bachelor's degree
55-64,California,"$75,000 to $99,999",White,Bachelor's degree
25-34,Pennsylvania,"$100,000 to $149,999",HispanicOrLatino,Associate's degree
18-24,Rhode Island,"Less than $25,000",BlackOrAfricanAmerican,"Some college, no degree"
65+,Virginia,"Less than $25,000",White,"Some college, no degree"
45-54,Tennessee,"$50,000 to $74,999",White,"Some college, no degree"
35-44,Texas,"$100,000 to $149,999",White,Bachelor's degree
55-64,New Mexico,"$25,000 to $49,999",White,"Some college, no degree"
65+,Connecticut,"$25,000 to $49,999",White,High school graduate (includes equivalency)
18-24,Tennessee,"$50,000 to $74,999",BlackOrAfricanAmerican,"Some college, no degree"
65+,California,"Less than $25,000",White,"9th to 12th grade, no diploma"
35-44,California,"Less than $25,000",Other,"9th to 12th grade, no diploma"
65+,Virginia,"$25,000 to $49,999",White,Associate's degree
45-54,New Jersey,"$25,000 to $49,999",BlackOrAfricanAmerican,"Some college, no degree"
65+,California,"$100,000 to $149,999",White,Bachelor's degree
65+,Colorado,"Less than $25,000",Other,High school graduate (includes equivalency)
25-34,Georgia,"$150,000 or greater",White,High school graduate (includes equivalency)
55-64,Pennsylvania,"$50,000 to $74,999",White,Associate's degree
35-44,New York,"$25,000 to $49,999",White,"Graduate degree, professional degree or PhD"
55-64,Florida,"Less than $25,000",White,"Some college, no degree"
65+,Washington,"$25,000 to $49,999",White,"Some college, no degree"
65+,South Carolina,"$25,000 to $49,999",White,"Graduate degree, professional degree or PhD"
65+,Virginia,"Less than $25,000",White,"9th to 12th grade, no diploma"
45-54,California,"Less than $25,000",Other,High school graduate (includes equivalency)
65+,New York,"$25,000 to $49,999",White,"Some college, no degree"
18-24,Texas,"Less than $25,000",HispanicOrLatino,Associate's degree
55-64,Georgia,"Less than $25,000",White,"Some college, no degree"
65+,Pennsylvania,"$25,000 to $49,999",White,High school graduate (includes equivalency)
45-54,Virginia,"Less than $25,000",White,"Some college, no degree"
65+,Michigan,"$50,000 to $74,999",White,Bachelor's degree
55-64,Illinois,"$100,000 to $149,999",White,"Graduate degree, professional degree or PhD"
65+,Colorado,"$25,000 to $49,999",White,Associate's degree
65+,Rhode Island,"$50,000 to $74,999",White,Associate's degree
65+,Massachusetts,"$100,000 to $149,999",White,"Graduate degree, professional degree or PhD"
55-64,New York,"$50,000 to $74,999",BlackOrAfricanAmerican,High school graduate (includes equivalency)
55-64,Alabama,"Less than $25,000",Other,"9th to 12th grade, no diploma"
18-24,Ohio,"$75,000 to $99,999",BlackOrAfricanAmerican,Bachelor's degree
65+,Pennsylvania,"$25,000 to $49,999",White,High school graduate (includes equivalency)
65+,California,"$50,000 to $74,999",Other,"Some college, no degree"
65+,New York,"$100,000 to $149,999",White,Associate's degree
65+,Wisconsin,"Less than $25,000",BlackOrAfricanAmerican,"Graduate degree, professional degree or PhD"
65+,Illinois,"$150,000 or greater",White,"Some college, no degree"
55-64,Wisconsin,"$25,000 to $49,999",White,"Some college, no degree"
55-64,Texas,"Less than $25,000",White,"9th to 12th grade, no diploma"
65+,Arizona,"Less than $25,000",White,Associate's degree
55-64,Michigan,"Less than $25,000",White,"9th to 12th grade, no diploma"
35-44,Missouri,"Less than $25,000",BlackOrAfricanAmerican,"Some college, no degree"
45-54,Maine,"$75,000 to $99,999",White,"Some college, no degree"
55-64,California,"$100,000 to $149,999",White,"Graduate degree, professional degree or PhD"
35-44,California,"Less than $25,000",White,Bachelor's degree
65+,North Carolina,"$50,000 to $74,999",White,Bachelor's degree
25-34,Georgia,"$25,000 to $49,999",Asian,High school graduate (includes equivalency)
55-64,California,"Less than $25,000",Asian,"9th to 12th grade, no diploma"
45-54,Pennsylvania,"Less than $25,000",BlackOrAfricanAmerican,High school graduate (includes equivalency)
65+,Michigan,"Less than $25,000",White,Associate's degree
55-64,Texas,"Less than $25,000",BlackOrAfricanAmerican,High school graduate (includes equivalency)
55-64,California,"Less than $25,000",White,"Some college, no degree"
65+,Arizona,"$50,000 to $74,999",White,"Some college, no degree"
65+,Florida,"$75,000 to $99,999",HispanicOrLatino,Bachelor's degree
65+,Ohio,"$100,000 to $149,999",White,"Graduate degree, professional degree or PhD"
55-64,Texas,"Less than $25,000",White,Associate's degree
55-64,Tennessee,"Less than $25,000",White,"Some college, no degree"
25-34,New Mexico,"$25,000 to $49,999",HispanicOrLatino,"Some college, no degree"
65+,Washington,"$150,000 or greater",White,"Graduate degree, professional degree or PhD"
65+,Nebraska,"$50,000 to $74,999",White,Bachelor's degree
65+,California,"$75,000 to $99,999",BlackOrAfricanAmerican,Associate's degree
65+,Texas,"$150,000 or greater",White,Bachelor's degree
35-44,California,"Less than $25,000",White,"Graduate degree, professional degree or PhD"
65+,California,"Less than $25,000",White,"Some college, no degree"
65+,Illinois,"Less than $25,000",BlackOrAfricanAmerican,"9th to 12th grade, no diploma"
25-34,Missouri,"$25,000 to $49,999",White,Associate's degree
55-64,Florida,"$150,000 or greater",White,"Graduate degree, professional degree or PhD"
55-64,Nevada,"$25,000 to $49,999",White,"Graduate degree, professional degree or PhD"
45-54,California,"Less than $25,000",Other,Associate's degree
65+,South Carolina,"$25,000 to $49,999",Other,Associate's degree
18-24,Washington,"$25,000 to $49,999",White,High school graduate (includes equivalency)
25-34,Wisconsin,"Less than $25,000",BlackOrAfricanAmerican,High school graduate (includes equivalency)
18-24,Florida,"$25,000 to $49,999",HispanicOrLatino,"Some college, no degree"
18-24,Alabama,"Less than $25,000",White,Associate's degree
18-24,Delaware,"$150,000 or greater",Other,High school graduate (includes equivalency)
55-64,Texas,"$25,000 to $49,999",White,Bachelor's degree
65+,Kentucky,"Less than $25,000",White,No schooling completed
65+,Utah,"$100,000 to $149,999",BlackOrAfricanAmerican,"Some college, no degree"
55-64,Dc,"Less than $25,000",White,High school graduate (includes equivalency)
35-44,Utah,"Less than $25,000",White,Associate's degree
45-54,New York,"$75,000 to $99,999",White,Bachelor's degree
65+,Georgia,"Less than $25,000",White,Bachelor's degree
65+,Missouri,"$100,000 to $149,999",White,Bachelor's degree
65+,Florida,"Less than $25,000",White,Associate's degree
55-64,California,"$150,000 or greater",White,Bachelor's degree
65+,Illinois,"$25,000 to $49,999",HispanicOrLatino,"Some college, no degree"
65+,Arizona,"$25,000 to $49,999",White,"Graduate degree, professional degree or PhD"
65+,Mississippi,"$25,000 to $49,999",White,Associate's degree
25-34,Tennessee,"$75,000 to $99,999",White,Bachelor's degree
55-64,North Carolina,"Less than $25,000",White,Associate's degree
45-54,Texas,"Less than $25,000",BlackOrAfricanAmerican,No schooling completed
45-54,Indiana,"Less than $25,000",White,High school graduate (includes equivalency)
35-44,Pennsylvania,"$150,000 or greater",White,Associate's degree
45-54,Michigan,"$25,000 to $49,999",BlackOrAfricanAmerican,"Some college, no degree"
65+,Missouri,"$50,000 to $74,999",White,"Some college, no degree"
65+,Indiana,"$25,000 to $49,999",White,High school graduate (includes equivalency)
45-54,Wisconsin,"Less than $25,000",Other,"9th to 12th grade, no diploma"
55-64,Florida,"Less than $25,000",HispanicOrLatino,Associate's degree
35-44,Virginia,"$25,000 to $49,999",White,Associate's degree
45-54,Massachusetts,"Less than $25,000",Other,"9th to 12th grade, no diploma"
65+,Utah,"$50,000 to $74,999",White,High school graduate (includes equivalency)
65+,Georgia,"Less than $25,000",White,High school graduate (includes equivalency)
35-44,California,"Less than $25,000",White,"Some college, no degree"
45-54,Indiana,"Less than $25,000",White,High school graduate (includes equivalency)
25-34,New York,"$50,000 to $74,999",White,Bachelor's degree
25-34,Florida,"$50,000 to $74,999",BlackOrAfricanAmerican,Associate's degree
25-34,New York,"$100,000 to $149,999",White,Bachelor's degree
55-64,Illinois,"$150,000 or greater",White,High school graduate (includes equivalency)
55-64,Louisiana,"$25,000 to $49,999",White,"Some college, no degree"
45-54,Florida,"$75,000 to $99,999",Other,"Some college, no degree"
65+,Missouri,"$25,000 to $49,999",HispanicOrLatino,"Some college, no degree"
65+,California,"$50,000 to $74,999",White,"9th to 12th grade, no diploma"
55-64,Virginia,"$150,000 or greater",White,Bachelor's degree
25-34,Illinois,"$75,000 to $99,999",White,Bachelor's degree
55-64,California,"$25,000 to $49,999",White,High school graduate (includes equivalency)
55-64,Florida,"Less than $25,000",White,"Some college, no degree"
18-24,Florida,"Less than $25,000",HispanicOrLatino,Associate's degree
65+,California,"$50,000 to $74,999",HispanicOrLatino,High school graduate (includes equivalency)
65+,Illinois,"Less than $25,000",White,High school graduate (includes equivalency)
35-44,New York,"$25,000 to $49,999",BlackOrAfricanAmerican,"Some college, no degree"
55-64,Texas,"$25,000 to $49,999",White,High school graduate (includes equivalency)
65+,California,"$75,000 to $99,999",White,High school graduate (includes equivalency)
55-64,Ohio,"$50,000 to $74,999",White,"Graduate degree, professional degree or PhD"
18-24,Florida,"Less than $25,000",BlackOrAfricanAmerican,"9th to 12th grade, no diploma"
45-54,Maryland,"$100,000 to $149,999",BlackOrAfricanAmerican,"Graduate degree, professional degree or PhD"
65+,Florida,"Less than $25,000",White,Associate's degree
45-54,New York,"$50,000 to $74,999",White,High school graduate (includes equivalency)
45-54,Oklahoma,"$150,000 or greater",White,"9th to 12th grade, no diploma"
45-54,Texas,"$25,000 to $49,999",White,Bachelor's degree
18-24,Colorado,"Less than $25,000",Other,"9th to 12th grade, no diploma"
35-44,North Carolina,"$150,000 or greater",White,"Graduate degree, professional degree or PhD"
25-34,Kentucky,"Less than $25,000",White,High school graduate (includes equivalency)
65+,Arizona,"$75,000 to $99,999",HispanicOrLatino,"Some college, no degree"
55-64,Virginia,"$25,000 to $49,999",HispanicOrLatino,"9th to 12th grade, no diploma"
45-54,Texas,"$25,000 to $49,999",White,High school graduate (includes equivalency)
55-64,Washington,"$25,000 to $49,999",White,High school graduate (includes equivalency)
65+,Illinois,"$50,000 to $74,999",White,"Graduate degree, professional degree or PhD"
18-24,Virginia,"$25,000 to $49,999",White,High school graduate (includes equivalency)
55-64,Georgia,"$150,000 or greater",White,"Some college, no degree"
65+,North Carolina,"Less than $25,000",BlackOrAfricanAmerican,"Some college, no degree"
25-34,Washington,"$75,000 to $99,999",White,Bachelor's degree
65+,Missouri,"$25,000 to $49,999",White,"Some college, no degree"
55-64,New York,"$25,000 to $49,999",White,High school graduate (includes equivalency)
25-34,Pennsylvania,"$100,000 to $149,999",White,"Graduate degree, professional degree or PhD"
65+,Oklahoma,"$100,000 to $149,999",White,"Graduate degree, professional degree or PhD"
65+,California,"Less than $25,000",BlackOrAfricanAmerican,High school graduate (includes equivalency)
65+,North Carolina,"$50,000 to $74,999",BlackOrAfricanAmerican,"Graduate degree, professional degree or PhD"
35-44,Texas,"$25,000 to $49,999",White,"9th to 12th grade, no diploma"
55-64,Missouri,"$100,000 to $149,999",White,Bachelor's degree
55-64,California,"$25,000 to $49,999",White,Bachelor's degree
55-64,Texas,"$25,000 to $49,999",White,High school graduate (includes equivalency)
65+,West Virginia,"Less than $25,000",White,Associate's degree
45-54,Virginia,"$25,000 to $49,999",BlackOrAfricanAmerican,High school graduate (includes equivalency)
25-34,Tennessee,"$100,000 to $149,999",White,"Graduate degree, professional degree or PhD"
35-44,North Carolina,"$25,000 to $49,999",Other,"Some college, no degree"
65+,Texas,"Less than $25,000",HispanicOrLatino,High school graduate (includes equivalency)
18-24,New York,"Less than $25,000",White,High school graduate (includes equivalency)
45-54,Ohio,"$150,000 or greater",Other,"Graduate degree, professional degree or PhD"
25-34,Ohio,"Less than $25,000",White,High school graduate (includes equivalency)
18-24,Oklahoma,"Less than $25,000",Asian,"9th to 12th grade, no diploma"
55-64,Washington,"$25,000 to $49,999",White,High school graduate (includes equivalency)
55-64,California,"$25,000 to $49,999",White,High school graduate (includes equivalency)
25-34,Tennessee,"$50,000 to $74,999",White,"Some college, no degree"
45-54,Washington,"$100,000 to $149,999",White,Bachelor's degree
18-24,California,"$100,000 to $149,999",White,"Some college, no degree"
18-24,Michigan,"$25,000 to $49,999",Other,High school graduate (includes equivalency)
35-44,Massachusetts,"$75,000 to $99,999",White,Bachelor's degree
65+,New York,"Less than $25,000",White,High school graduate (includes equivalency)
65+,South Carolina,"$25,000 to $49,999",BlackOrAfricanAmerican,High school graduate (includes equivalency)
35-44,California,"$25,000 to $49,999",HispanicOrLatino,Associate's degree
65+,New Jersey,"$150,000 or greater",White,"Graduate degree, professional degree or PhD"
65+,Pennsylvania,"Less than $25,000",White,High school graduate (includes equivalency)
55-64,New York,"$25,000 to $49,999",White,"Some college, no degree"
35-44,New York,"$100,000 to $149,999",White,"Graduate degree, professional degree or PhD"
65+,California,"$150,000 or greater",White,Bachelor's degree
45-54,North Carolina,"$150,000 or greater",White,"Graduate degree, professional degree or PhD"
65+,Kentucky,"$100,000 to $149,999",White,Bachelor's degree
35-44,Texas,"Less than $25,000",HispanicOrLatino,"9th to 12th grade, no diploma"
55-64,Texas,"Less than $25,000",BlackOrAfricanAmerican,High school graduate (includes equivalency)
35-44,California,"$50,000 to $74,999",White,"Some college, no degree"
25-34,California,"$25,000 to $49,999",White,"9th to 12th grade, no diploma"
55-64,Pennsylvania,"Less than $25,000",White,High school graduate (includes equivalency)
45-54,South Carolina,"$25,000 to $49,999",White,"Some college, no degree"
65+,North Carolina,"$25,000 to $49,999",White,"Some college, no degree"
65+,Illinois,"$25,000 to $49,999",White,"Some college, no degree"
45-54,New Mexico,"$150,000 or greater",White,"Graduate degree, professional degree or PhD"
45-54,Wyoming,"$100,000 to $149,999",White,"Some college, no degree"
45-54,Georgia,"$25,000 to $49,999",White,Bachelor's degree
18-24,Arizona,"$100,000 to $149,999",White,"9th to 12th grade, no diploma"
18-24,Georgia,"$25,000 to $49,999",White,"Some college, no degree"
35-44,California,"$100,000 to $149,999",White,"Graduate degree, professional degree or PhD"
55-64,Wisconsin,"$50,000 to $74,999",White,High school graduate (includes equivalency)
18-24,California,"Less than $25,000",Asian,High school graduate (includes equivalency)
55-64,Tennessee,"$25,000 to $49,999",White,High school graduate (includes equivalency)
65+,Georgia,"Less than $25,000",White,High school graduate (includes equivalency)
18-24,California,"Less than $25,000",HispanicOrLatino,High school graduate (includes equivalency)
55-64,Tennessee,"Less than $25,000",White,High school graduate (includes equivalency)
35-44,New York,"Less than $25,000",Other,High school graduate (includes equivalency)
65+,Colorado,"$25,000 to $49,999",White,"Graduate degree, professional degree or PhD"
25-34,Virginia,"$25,000 to $49,999",White,"Some college, no degree"
25-34,Illinois,"Less than $25,000",White,High school graduate (includes equivalency)
18-24,West Virginia,"$50,000 to $74,999",White,"Some college, no degree"
65+,Pennsylvania,"Less than $25,000",White,High school graduate (includes equivalency)
18-24,New York,"$25,000 to $49,999",White,"Some college, no degree"
65+,Indiana,"Less than $25,000",White,High school graduate (includes equivalency)
65+,California,"Less than $25,000",White,Bachelor's degree
45-54,Wisconsin,"Less than $25,000",White,"Some college, no degree"
55-64,New York,"Less than $25,000",White,Associate's degree
55-64,California,"$25,000 to $49,999",Asian,"Graduate degree, professional degree or PhD"
55-64,Nebraska,"Less than $25,000",White,"Some college, no degree"
18-24,Illinois,"$50,000 to $74,999",White,High school graduate (includes equivalency)
18-24,Michigan,"Less than $25,000",White,High school graduate (includes equivalency)
35-44,New Jersey,"$100,000 to $149,999",White,"Graduate degree, professional degree or PhD"
55-64,Wisconsin,"$150,000 or greater",White,"Some college, no degree"
55-64,Utah,"Less than $25,000",White,No schooling completed
65+,Florida,"$25,000 to $49,999",BlackOrAfricanAmerican,"Some college, no degree"
55-64,Colorado,"$100,000 to $149,999",White,"Graduate degree, professional degree or PhD"
55-64,North Dakota,"$25,000 to $49,999",White,"Some college, no degree"
25-34,Tennessee,"$50,000 to $74,999",White,"Graduate degree, professional degree or PhD"
45-54,Virginia,"$50,000 to $74,999",White,"Graduate degree, professional degree or PhD"
65+,Michigan,"$50,000 to $74,999",White,High school graduate (includes equivalency)
65+,Kentucky,"$25,000 to $49,999",White,No schooling completed
55-64,Texas,"$25,000 to $49,999",White,"Some college, no degree"
65+,Maryland,"$50,000 to $74,999",White,High school graduate (includes equivalency)
65+,California,"$75,000 to $99,999",White,Bachelor's degree
45-54,California,"$150,000 or greater",Other,High school graduate (includes equivalency)
65+,New York,"Less than $25,000",White,Bachelor's degree
35-44,Pennsylvania,"$150,000 or greater",White,"Graduate degree, professional degree or PhD"
65+,Texas,"$100,000 to $149,999",White,"Graduate degree, professional degree or PhD"
45-54,Alabama,"Less than $25,000",White,"9th to 12th grade, no diploma"
35-44,Illinois,"$150,000 or greater",White,"Graduate degree, professional degree or PhD"
55-64,Colorado,"$50,000 to $74,999",HispanicOrLatino,"Some college, no degree"
55-64,Florida,"$75,000 to $99,999",Other,Associate's degree
35-44,Wisconsin,"Less than $25,000",White,High school graduate (includes equivalency)
55-64,Alabama,"$100,000 to $149,999",White,"Graduate degree, professional degree or PhD"
25-34,New York,"$50,000 to $74,999",White,High school graduate (includes equivalency)
55-64,Pennsylvania,"$75,000 to $99,999",Other,Bachelor's degree
65+,Texas,"Less than $25,000",White,High school graduate (includes equivalency)
65+,Pennsylvania,"$50,000 to $74,999",HispanicOrLatino,"Graduate degree, professional degree or PhD"
55-64,Georgia,"Less than $25,000",White,Associate's degree
65+,Pennsylvania,"$50,000 to $74,999",White,Associate's degree
35-44,New Jersey,"$100,000 to $149,999",White,Bachelor's degree
55-64,Florida,"Less than $25,000",White,"9th to 12th grade, no diploma"
65+,Tennessee,"$25,000 to $49,999",White,Bachelor's degree
45-54,California,"Less than $25,000",HispanicOrLatino,Less than 9th grade
55-64,New York,"$75,000 to $99,999",BlackOrAfricanAmerican,"Some college, no degree"
55-64,Arkansas,"$100,000 to $149,999",White,Associate's degree
35-44,Michigan,"$100,000 to $149,999",HispanicOrLatino,"Graduate degree, professional degree or PhD"
65+,Ohio,"Less than $25,000",White,High school graduate (includes equivalency)
18-24,Georgia,"$50,000 to $74,999",BlackOrAfricanAmerican,Bachelor's degree
65+,New Jersey,"$75,000 to $99,999",White,Bachelor's degree
35-44,Alabama,"$100,000 to $149,999",White,Bachelor's degree
35-44,Arizona,"Less than $25,000",HispanicOrLatino,"9th to 12th grade, no diploma"
65+,Maine,"$25,000 to $49,999",Other,High school graduate (includes equivalency)
65+,Florida,"$50,000 to $74,999",White,Bachelor's degree
65+,Pennsylvania,"$25,000 to $49,999",White,High school graduate (includes equivalency)
65+,Pennsylvania,"$50,000 to $74,999",White,"Graduate degree, professional degree or PhD"
55-64,Maryland,"$100,000 to $149,999",White,"Some college, no degree"
65+,Massachusetts,"$100,000 to $149,999",White,"Some college, no degree"
65+,Pennsylvania,"Less than $25,000",White,"Graduate degree, professional degree or PhD"
55-64,Michigan,"$100,000 to $149,999",White,Bachelor's degree
25-34,Missouri,"Less than $25,000",White,High school graduate (includes equivalency)
65+,California,"$100,000 to $149,999",White,Bachelor's degree
55-64,Illinois,"$50,000 to $74,999",HispanicOrLatino,High school graduate (includes equivalency)
65+,California,"Less than $25,000",HispanicOrLatino,High school graduate (includes equivalency)
65+,Massachusetts,"Less than $25,000",HispanicOrLatino,High school graduate (includes equivalency)
55-64,Louisiana,"$75,000 to $99,999",White,"Graduate degree, professional degree or PhD"
65+,Ohio,"$50,000 to $74,999",White,"Graduate degree, professional degree or PhD"
55-64,New York,"$25,000 to $49,999",White,Associate's degree
65+,Virginia,"$50,000 to $74,999",White,High school graduate (includes equivalency)
25-34,Kentucky,"$50,000 to $74,999",White,"Graduate degree, professional degree or PhD"
25-34,North Carolina,"$100,000 to $149,999",White,Associate's degree
45-54,Virginia,"Less than $25,000",White,"9th to 12th grade, no diploma"
65+,California,"$25,000 to $49,999",White,"Some college, no degree"
65+,Washington,"$100,000 to $149,999",Other,"Graduate degree, professional degree or PhD"
55-64,California,"$75,000 to $99,999",White,"Graduate degree, professional degree or PhD"
65+,California,"$25,000 to $49,999",White,High school graduate (includes equivalency)
35-44,Georgia,"Less than $25,000",White,"Some college, no degree"
55-64,Maine,"Less than $25,000",White,Associate's degree
65+,Tennessee,"Less than $25,000",White,"Some college, no degree"
65+,Washington,"Less than $25,000",White,High school graduate (includes equivalency)
55-64,Indiana,"$50,000 to $74,999",White,"Some college, no degree"
55-64,Michigan,"Less than $25,000",White,Bachelor's degree
65+,Illinois,"$150,000 or greater",HispanicOrLatino,Bachelor's degree
65+,Illinois,"$75,000 to $99,999",White,"9th to 12th grade, no diploma"
65+,Utah,"Less than $25,000",White,"9th to 12th grade, no diploma"
45-54,South Dakota,"$25,000 to $49,999",White,Associate's degree
25-34,Colorado,"$50,000 to $74,999",White,"Some college, no degree"
65+,Washington,"$50,000 to $74,999",Other,Associate's degree
65+,Missouri,"$50,000 to $74,999",BlackOrAfricanAmerican,Associate's degree
65+,Florida,"Less than $25,000",White,"Some college, no degree"
35-44,Maryland,"$25,000 to $49,999",White,"Some college, no degree"
65+,California,"$75,000 to $99,999",White,"Graduate degree, professional degree or PhD"
45-54,Kansas,"$25,000 to $49,999",White,Bachelor's degree
55-64,Georgia,"Less than $25,000",White,High school graduate (includes equivalency)
35-44,Washington,"$75,000 to $99,999",White,Associate's degree
18-24,Missouri,"$50,000 to $74,999",HispanicOrLatino,Associate's degree
25-34,New York,"$25,000 to $49,999",BlackOrAfricanAmerican,"9th to 12th grade, no diploma"
65+,California,"$25,000 to $49,999",Other,"Some college, no degree"
65+,Illinois,"Less than $25,000",White,No schooling completed
65+,Tennessee,"Less than $25,000",HispanicOrLatino,"9th to 12th grade, no diploma"
18-24,South Carolina,"$100,000 to $149,999",White,High school graduate (includes equivalency)
35-44,New York,"Less than $25,000",BlackOrAfricanAmerican,"9th to 12th grade, no diploma"
35-44,Wisconsin,"$25,000 to $49,999",White,Bachelor's degree
65+,Texas,"$25,000 to $49,999",White,"Graduate degree, professional degree or PhD"
55-64,Nebraska,"Less than $25,000",White,"9th to 12th grade, no diploma"
55-64,Georgia,"$50,000 to $74,999",BlackOrAfricanAmerican,High school graduate (includes equivalency)
65+,Kansas,"Less than $25,000",White,Associate's degree
45-54,Minnesota,"$75,000 to $99,999",Asian,Bachelor's degree
65+,Texas,"$25,000 to $49,999",BlackOrAfricanAmerican,"Some college, no degree"
65+,Pennsylvania,"Less than $25,000",White,"9th to 12th grade, no diploma"
55-64,New York,"$150,000 or greater",White,"Some college, no degree"
45-54,Texas,"Less than $25,000",White,"Graduate degree, professional degree or PhD"
65+,Illinois,"Less than $25,000",White,"9th to 12th grade, no diploma"
65+,New York,"Less than $25,000",BlackOrAfricanAmerican,"Graduate degree, professional degree or PhD"
55-64,Pennsylvania,"$25,000 to $49,999",BlackOrAfricanAmerican,Associate's degree
55-64,Montana,"$25,000 to $49,999",White,Associate's degree
18-24,New York,"$25,000 to $49,999",HispanicOrLatino,Bachelor's degree
65+,New Hampshire,"$50,000 to $74,999",White,"Some college, no degree"
18-24,California,"$50,000 to $74,999",White,High school graduate (includes equivalency)
35-44,Georgia,"$150,000 or greater",White,"Graduate degree, professional degree or PhD"
18-24,Colorado,"$25,000 to $49,999",White,"9th to 12th grade, no diploma"
55-64,California,"Less than $25,000",White,"9th to 12th grade, no diploma"
18-24,Florida,"$150,000 or greater",White,"Some college, no degree"
18-24,Florida,"$25,000 to $49,999",White,High school graduate (includes equivalency)
65+,Florida,"$100,000 to $149,999",White,"Some college, no degree"
65+,Washington,"$50,000 to $74,999",White,Associate's degree
65+,South Carolina,"$25,000 to $49,999",White,Associate's degree
55-64,Louisiana,"$75,000 to $99,999",White,"9th to 12th grade, no diploma"
55-64,Missouri,"$25,000 to $49,999",White,"Some college, no degree"
35-44,Florida,"Less than $25,000",White,High school graduate (includes equivalency)
55-64,Florida,"Less than $25,000",White,"Some college, no degree"
35-44,Connecticut,"$75,000 to $99,999",White,"Some college, no degree"
25-34,Texas,"$25,000 to $49,999",Other,"Some college, no degree"
65+,California,"$150,000 or greater",BlackOrAfricanAmerican,"Some college, no degree"
55-64,California,"$100,000 to $149,999",HispanicOrLatino,Associate's degree
35-44,North Dakota,"$100,000 to $149,999",White,Bachelor's degree
55-64,Iowa,"$50,000 to $74,999",Other,Associate's degree
45-54,Florida,"Less than $25,000",White,High school graduate (includes equivalency)
65+,Illinois,"$75,000 to $99,999",White,High school graduate (includes equivalency)
65+,Florida,"$25,000 to $49,999",White,"Graduate degree, professional degree or PhD"
18-24,New Jersey,"$25,000 to $49,999",HispanicOrLatino,High school graduate (includes equivalency)
18-24,Rhode Island,"$150,000 or greater",White,Bachelor's degree
65+,Wyoming,"$75,000 to $99,999",White,"Graduate degree, professional degree or PhD"
55-64,New Hampshire,"$50,000 to $74,999",Other,High school graduate (includes equivalency)
55-64,Virginia,"$150,000 or greater",White,Bachelor's degree
35-44,California,"$75,000 to $99,999",White,High school graduate (includes equivalency)
35-44,Florida,"Less than $25,000",White,"Some college, no degree"
25-34,California,"$150,000 or greater",White,Bachelor's degree
55-64,Iowa,"Less than $25,000",White,Associate's degree
18-24,Pennsylvania,"Less than $25,000",Asian,"9th to 12th grade, no diploma"
65+,Nevada,"$25,000 to $49,999",White,High school graduate (includes equivalency)
65+,Georgia,"$100,000 to $149,999",White,High school graduate (includes equivalency)
45-54,Colorado,"$150,000 or greater",Asian,"Some college, no degree"
18-24,Texas,"Less than $25,000",HispanicOrLatino,"Some college, no degree"
45-54,New Jersey,"$50,000 to $74,999",White,"Some college, no degree"
55-64,West Virginia,"$25,000 to $49,999",BlackOrAfricanAmerican,"Some college, no degree"
65+,Michigan,"$50,000 to $74,999",BlackOrAfricanAmerican,Associate's degree
65+,Indiana,"$25,000 to $49,999",White,"Some college, no degree"
35-44,Massachusetts,"$25,000 to $49,999",White,"Some college, no degree"
18-24,Texas,"$75,000 to $99,999",HispanicOrLatino,Bachelor's degree
65+,Michigan,"$25,000 to $49,999",White,Bachelor's degree
18-24,Michigan,"Less than $25,000",White,High school graduate (includes equivalency)
55-64,Georgia,"$25,000 to $49,999",BlackOrAfricanAmerican,"Some college, no degree"
55-64,Ohio,"$25,000 to $49,999",White,"Some college, no degree"
65+,Michigan,"Less than $25,000",BlackOrAfricanAmerican,"Some college, no degree"
65+,Kentucky,"Less than $25,000",White,High school graduate (includes equivalency)
65+,Ohio,"Less than $25,000",White,High school graduate (includes equivalency)
65+,Florida,"$100,000 to $149,999",White,"Graduate degree, professional degree or PhD"
35-44,Pennsylvania,"$150,000 or greater",White,"Graduate degree, professional degree or PhD"
65+,Washington,"$25,000 to $49,999",White,High school graduate (includes equivalency)
18-24,Florida,"Less than $25,000",BlackOrAfricanAmerican,High school graduate (includes equivalency)
55-64,North Carolina,"$25,000 to $49,999",BlackOrAfricanAmerican,Associate's degree
65+,Indiana,"$25,000 to $49,999",White,"Some college, no degree"
45-54,Arkansas,"Less than $25,000",White,"Some college, no degree"
65+,Michigan,"Less than $25,000",White,"Graduate degree, professional degree or PhD"
45-54,Wisconsin,"$50,000 to $74,999",White,"Graduate degree, professional degree or PhD"
18-24,Florida,"$150,000 or greater",White,High school graduate (includes equivalency)
65+,Oregon,"$75,000 to $99,999",White,"Some college, no degree"
55-64,North Carolina,"$75,000 to $99,999",White,"Some college, no degree"
18-24,Michigan,"$25,000 to $49,999",White,"9th to 12th grade, no diploma"
55-64,Illinois,"Less than $25,000",White,"Graduate degree, professional degree or PhD"
45-54,Ohio,"$150,000 or greater",White,High school graduate (includes equivalency)
45-54,Mississippi,"$75,000 to $99,999",White,"Graduate degree, professional degree or PhD"
65+,California,"$25,000 to $49,999",White,"Some college, no degree"
65+,Arizona,"Less than $25,000",White,No schooling completed
65+,Colorado,"$100,000 to $149,999",White,Associate's degree
65+,Wisconsin,"Less than $25,000",White,"9th to 12th grade, no diploma"
35-44,Georgia,"$25,000 to $49,999",White,High school graduate (includes equivalency)
35-44,New York,"$100,000 to $149,999",White,Bachelor's degree
65+,New York,"Less than $25,000",White,High school graduate (includes equivalency)
65+,California,"$25,000 to $49,999",White,High school graduate (includes equivalency)
65+,Colorado,"$25,000 to $49,999",White,High school graduate (includes equivalency)
55-64,Illinois,"$150,000 or greater",White,Bachelor's degree
45-54,Michigan,"$25,000 to $49,999",Other,"Some college, no degree"
25-34,Arizona,"Less than $25,000",White,Bachelor's degree
55-64,Michigan,"$25,000 to $49,999",White,"Some college, no degree"
45-54,Nebraska,"$75,000 to $99,999",White,Bachelor's degree
65+,Florida,"$150,000 or greater",White,"Some college, no degree"
35-44,Texas,"$100,000 to $149,999",White,"Graduate degree, professional degree or PhD"
55-64,South Dakota,"$50,000 to $74,999",BlackOrAfricanAmerican,"Some college, no degree"
65+,Ohio,"$25,000 to $49,999",White,"9th to 12th grade, no diploma"
55-64,California,"$50,000 to $74,999",White,High school graduate (includes equivalency)
65+,Texas,"Less than $25,000",White,"9th to 12th grade, no diploma"
18-24,South Carolina,"Less than $25,000",White,High school graduate (includes equivalency)
65+,Alabama,"Less than $25,000",BlackOrAfricanAmerican,Associate's degree
45-54,North Carolina,"$50,000 to $74,999",White,"Some college, no degree"
25-34,Virginia,"$25,000 to $49,999",White,Bachelor's degree
45-54,New Jersey,"$50,000 to $74,999",White,"Some college, no degree"
45-54,Maine,"$75,000 to $99,999",White,"Graduate degree, professional degree or PhD"
18-24,Nevada,"$25,000 to $49,999",HispanicOrLatino,"Some college, no degree"
25-34,Tennessee,"Less than $25,000",White,"9th to 12th grade, no diploma"
35-44,Indiana,"$50,000 to $74,999",White,Bachelor's degree
65+,Missouri,"Less than $25,000",White,Bachelor's degree
35-44,Texas,"Less than $25,000",HispanicOrLatino,"9th to 12th grade, no diploma"
65+,California,"$100,000 to $149,999",White,"Some college, no degree"
45-54,North Carolina,"$25,000 to $49,999",White,"9th to 12th grade, no diploma"
65+,New Jersey,"$50,000 to $74,999",White,Bachelor's degree
55-64,Georgia,"$75,000 to $99,999",HispanicOrLatino,Bachelor's degree
65+,Virginia,"$25,000 to $49,999",White,High school graduate (includes equivalency)
35-44,Georgia,"$150,000 or greater",White,"Graduate degree, professional degree or PhD"
65+,Massachusetts,"$50,000 to $74,999",White,High school graduate (includes equivalency)
55-64,Virginia,"$150,000 or greater",White,"Some college, no degree"
65+,California,"$100,000 to $149,999",White,"9th to 12th grade, no diploma"
55-64,Illinois,"$100,000 to $149,999",BlackOrAfricanAmerican,"Some college, no degree"
35-44,Kansas,"$50,000 to $74,999",White,"Graduate degree, professional degree or PhD"
55-64,California,"Less than $25,000",White,"Some college, no degree"
55-64,North Carolina,"Less than $25,000",BlackOrAfricanAmerican,No schooling completed
65+,California,"$100,000 to $149,999",White,No schooling completed
55-64,New Jersey,"$25,000 to $49,999",BlackOrAfricanAmerican,High school graduate (includes equivalency)
25-34,Mississippi,"Less than $25,000",White,High school graduate (includes equivalency)
65+,Texas,"Less than $25,000",White,Bachelor's degree
55-64,Oklahoma,"$25,000 to $49,999",White,Associate's degree
65+,Georgia,"$75,000 to $99,999",HispanicOrLatino,High school graduate (includes equivalency)
65+,Tennessee,"$25,000 to $49,999",White,Bachelor's degree
55-64,New York,"Less than $25,000",White,"Some college, no degree"
65+,Florida,"$50,000 to $74,999",Other,"Some college, no degree"
18-24,Texas,"$150,000 or greater",BlackOrAfricanAmerican,No schooling completed
35-44,Florida,"$75,000 to $99,999",White,"Graduate degree, professional degree or PhD"
55-64,Arkansas,"$150,000 or greater",HispanicOrLatino,High school graduate (includes equivalency)
25-34,Connecticut,"$25,000 to $49,999",White,"Graduate degree, professional degree or PhD"
18-24,Texas,"$150,000 or greater",White,High school graduate (includes equivalency)
65+,Texas,"$150,000 or greater",White,High school graduate (includes equivalency)
35-44,California,"Less than $25,000",HispanicOrLatino,Associate's degree
65+,Missouri,"$25,000 to $49,999",White,"Some college, no degree"
35-44,Maryland,"$100,000 to $149,999",BlackOrAfricanAmerican,"Some college, no degree"
65+,Massachusetts,"$100,000 to $149,999",White,"Some college, no degree"
18-24,Georgia,"$75,000 to $99,999",White,"9th to 12th grade, no diploma"
35-44,Pennsylvania,"Less than $25,000",White,No schooling completed
65+,Mississippi,"$100,000 to $149,999",White,Bachelor's degree
65+,California,"$25,000 to $49,999",White,"Graduate degree, professional degree or PhD"
35-44,New York,"$150,000 or greater",White,Bachelor's degree
65+,South Carolina,"$25,000 to $49,999",White,High school graduate (includes equivalency)
18-24,Dc,"$100,000 to $149,999",BlackOrAfricanAmerican,High school graduate (includes equivalency)
45-54,New York,"$150,000 or greater",Asian,Less than 9th grade
55-64,New York,"$25,000 to $49,999",BlackOrAfricanAmerican,High school graduate (includes equivalency)
65+,Pennsylvania,"$50,000 to $74,999",White,"Some college, no degree"
55-64,Tennessee,"Less than $25,000",White,High school graduate (includes equivalency)
35-44,New York,"$100,000 to $149,999",White,"Graduate degree, professional degree or PhD"
55-64,Ohio,"$75,000 to $99,999",BlackOrAfricanAmerican,"Some college, no degree"
55-64,California,"Less than $25,000",HispanicOrLatino,High school graduate (includes equivalency)
55-64,Virginia,"$50,000 to $74,999",White,Bachelor's degree
45-54,Iowa,"$75,000 to $99,999",White,Bachelor's degree
55-64,South Carolina,"$100,000 to $149,999",White,"Some college, no degree"
55-64,Idaho,"Less than $25,000",White,"Some college, no degree"
55-64,Vermont,"Less than $25,000",White,High school graduate (includes equivalency)
35-44,Dc,"$100,000 to $149,999",White,"Graduate degree, professional degree or PhD"
55-64,California,"Less than $25,000",White,Associate's degree
45-54,Georgia,"$25,000 to $49,999",White,No schooling completed
45-54,California,"Less than $25,000",White,"Some college, no degree"
55-64,Wisconsin,"$75,000 to $99,999",White,High school graduate (includes equivalency)
35-44,Georgia,"$100,000 to $149,999",White,"Graduate degree, professional degree or PhD"
35-44,South Carolina,"$100,000 to $149,999",White,Bachelor's degree
35-44,Ohio,"$25,000 to $49,999",White,"9th to 12th grade, no diploma"
65+,New York,"$75,000 to $99,999",White,Bachelor's degree
55-64,Minnesota,"Less than $25,000",White,"Some college, no degree"
55-64,California,"Less than $25,000",White,"Some college, no degree"
35-44,Tennessee,"$75,000 to $99,999",White,Associate's degree
35-44,Louisiana,"$75,000 to $99,999",White,"Some college, no degree"
65+,Ohio,"Less than $25,000",White,High school graduate (includes equivalency)
35-44,Massachusetts,"$150,000 or greater",White,Less than 9th grade
65+,Minnesota,"$50,000 to $74,999",White,Associate's degree
65+,New Jersey,"$75,000 to $99,999",White,"Graduate degree, professional degree or PhD"
65+,Texas,"$25,000 to $49,999",White,"Graduate degree, professional degree or PhD"
35-44,New York,"Less than $25,000",White,High school graduate (includes equivalency)
25-34,Arizona,"$25,000 to $49,999",BlackOrAfricanAmerican,"Some college, no degree"
25-34,Kansas,"$25,000 to $49,999",HispanicOrLatino,Bachelor's degree
45-54,California,"$150,000 or greater",White,"Graduate degree, professional degree or PhD"
18-24,California,"$25,000 to $49,999",HispanicOrLatino,Associate's degree
55-64,New York,"$75,000 to $99,999",White,Bachelor's degree
55-64,Florida,"$50,000 to $74,999",White,"Some college, no degree"
55-64,Pennsylvania,"$25,000 to $49,999",White,"Graduate degree, professional degree or PhD"
65+,California,"Less than $25,000",White,Bachelor's degree
18-24,California,"$150,000 or greater",White,"Some college, no degree"
35-44,Florida,"$50,000 to $74,999",White,"Some college, no degree"
65+,North Carolina,"$150,000 or greater",Other,"Some college, no degree"
55-64,Washington,"$150,000 or greater",White,"Graduate degree, professional degree or PhD"
55-64,California,"Less than $25,000",White,No schooling completed
55-64,Georgia,"$50,000 to $74,999",White,High school graduate (includes equivalency)
55-64,Louisiana,"Less than $25,000",White,Associate's degree
25-34,North Carolina,"$100,000 to $149,999",White,Bachelor's degree
55-64,North Carolina,"$25,000 to $49,999",BlackOrAfricanAmerican,"Graduate degree, professional degree or PhD"
65+,California,"Less than $25,000",White,"Some college, no degree"
35-44,Texas,"$100,000 to $149,999",White,Associate's degree
18-24,Massachusetts,"Less than $25,000",White,"Some college, no degree"
65+,Oklahoma,"$100,000 to $149,999",White,"Some college, no degree"
18-24,Illinois,"Less than $25,000",White,High school graduate (includes equivalency)
45-54,Texas,"Less than $25,000",White,High school graduate (includes equivalency)
45-54,New Jersey,"$75,000 to $99,999",White,Bachelor's degree
45-54,Tennessee,"$150,000 or greater",BlackOrAfricanAmerican,Bachelor's degree
25-34,Louisiana,"$75,000 to $99,999",White,Bachelor's degree
55-64,Indiana,"Less than $25,000",Other,"Some college, no degree"
55-64,Florida,"Less than $25,000",BlackOrAfricanAmerican,"Some college, no degree"
25-34,New Jersey,"$50,000 to $74,999",Asian,Bachelor's degree
35-44,Alabama,"Less than $25,000",White,High school graduate (includes equivalency)
45-54,Utah,"Less than $25,000",White,High school graduate (includes equivalency)
65+,Nebraska,"$75,000 to $99,999",White,"Graduate degree, professional degree or PhD"
45-54,Wisconsin,"$150,000 or greater",White,High school graduate (includes equivalency)
55-64,California,"$100,000 to $149,999",BlackOrAfricanAmerican,"Graduate degree, professional degree or PhD"
45-54,New York,"$25,000 to $49,999",White,"9th to 12th grade, no diploma"
18-24,Kansas,"Less than $25,000",Other,High school graduate (includes equivalency)
65+,Virginia,"Less than $25,000",Asian,No schooling completed
65+,California,"$100,000 to $149,999",White,High school graduate (includes equivalency)
55-64,California,"$75,000 to $99,999",White,"Graduate degree, professional degree or PhD"
45-54,Washington,"$150,000 or greater",Asian,No schooling completed
55-64,Maryland,"$100,000 to $149,999",White,Bachelor's degree
45-54,Texas,"$25,000 to $49,999",White,Associate's degree
55-64,Virginia,"$75,000 to $99,999",Other,"Graduate degree, professional degree or PhD"
25-34,Minnesota,"$50,000 to $74,999",White,"Graduate degree, professional degree or PhD"
18-24,Florida,"$25,000 to $49,999",White,"Some college, no degree"
25-34,New York,"$25,000 to $49,999",White,High school graduate (includes equivalency)
18-24,Georgia,"Less than $25,000",White,High school graduate (includes equivalency)
65+,North Carolina,"$50,000 to $74,999",White,"Some college, no degree"
18-24,Massachusetts,"Less than $25,000",BlackOrAfricanAmerican,High school graduate (includes equivalency)
25-34,Utah,"$75,000 to $99,999",White,Bachelor's degree
45-54,Texas,"Less than $25,000",White,"9th to 12th grade, no diploma"
65+,Montana,"$25,000 to $49,999",White,Bachelor's degree
65+,Michigan,"$50,000 to $74,999",White,"Some college, no degree"
55-64,Mississippi,"$25,000 to $49,999",White,"Some college, no degree"
65+,New Jersey,"$50,000 to $74,999",White,High school graduate (includes equivalency)
45-54,Dc,"Less than $25,000",BlackOrAfricanAmerican,"9th to 12th grade, no diploma"
65+,North Carolina,"$100,000 to $149,999",White,"Graduate degree, professional degree or PhD"
65+,Florida,"$25,000 to $49,999",White,"Some college, no degree"
65+,Pennsylvania,"$25,000 to $49,999",BlackOrAfricanAmerican,High school graduate (includes equivalency)
65+,Vermont,"Less than $25,000",White,High school graduate (includes equivalency)
65+,Connecticut,"Less than $25,000",BlackOrAfricanAmerican,"9th to 12th grade, no diploma"
45-54,Texas,"$100,000 to $149,999",White,Bachelor's degree
18-24,Kentucky,"$150,000 or greater",White,No schooling completed
65+,Arizona,"$75,000 to $99,999",White,"Some college, no degree"
65+,Iowa,"$25,000 to $49,999",White,Bachelor's degree
45-54,California,"$25,000 to $49,999",White,"Some college, no degree"
55-64,Texas,"$100,000 to $149,999",White,High school graduate (includes equivalency)
65+,Massachusetts,"$150,000 or greater",White,"Some college, no degree"
25-34,Kansas,"$100,000 to $149,999",White,Bachelor's degree
55-64,Wisconsin,"$150,000 or greater",White,"Graduate degree, professional degree or PhD"
45-54,Michigan,"Less than $25,000",White,High school graduate (includes equivalency)
65+,Ohio,"$25,000 to $49,999",White,Associate's degree
25-34,Colorado,"$25,000 to $49,999",HispanicOrLatino,"Some college, no degree"
25-34,Texas,"$25,000 to $49,999",HispanicOrLatino,Associate's degree
65+,Tennessee,"Less than $25,000",BlackOrAfricanAmerican,Bachelor's degree
55-64,Pennsylvania,"$100,000 to $149,999",White,Bachelor's degree
25-34,Texas,"$25,000 to $49,999",White,"Some college, no degree"
65+,Iowa,"Less than $25,000",White,High school graduate (includes equivalency)
65+,California,"$50,000 to $74,999",White,"Some college, no degree"
65+,New Jersey,"$75,000 to $99,999",White,High school graduate (includes equivalency)
25-34,Oregon,"Less than $25,000",HispanicOrLatino,High school graduate (includes equivalency)
18-24,Illinois,"$50,000 to $74,999",HispanicOrLatino,"Graduate degree, professional degree or PhD"
65+,Montana,"$25,000 to $49,999",White,"Some college, no degree"
55-64,California,"$50,000 to $74,999",HispanicOrLatino,Associate's degree
45-54,Pennsylvania,"Less than $25,000",White,Bachelor's degree
55-64,Virginia,"$100,000 to $149,999",BlackOrAfricanAmerican,"Some college, no degree"
55-64,Wyoming,"$25,000 to $49,999",White,Bachelor's degree
55-64,California,"Less than $25,000",White,"9th to 12th grade, no diploma"
65+,Texas,"$50,000 to $74,999",White,"Graduate degree, professional degree or PhD"
45-54,Hawaii,"Less than $25,000",Asian,Bachelor's degree
65+,California,"Less than $25,000",White,"Some college, no degree"
35-44,California,"$50,000 to $74,999",BlackOrAfricanAmerican,High school graduate (includes equivalency)
65+,California,"Less than $25,000",White,No schooling completed
45-54,North Carolina,"$50,000 to $74,999",Other,Associate's degree
35-44,Ohio,"$50,000 to $74,999",White,Associate's degree
65+,New York,"Less than $25,000",Other,"Some college, no degree"
55-64,North Carolina,"$100,000 to $149,999",White,"Graduate degree, professional degree or PhD"
55-64,Virginia,"$50,000 to $74,999",White,"Graduate degree, professional degree or PhD"
65+,Florida,"Less than $25,000",White,"Some college, no degree"
45-54,Texas,"$25,000 to $49,999",BlackOrAfricanAmerican,"Some college, no degree"
55-64,Florida,"$75,000 to $99,999",White,High school graduate (includes equivalency)
65+,South Carolina,"$100,000 to $149,999",White,"Graduate degree, professional degree or PhD"
35-44,California,"Less than $25,000",HispanicOrLatino,"9th to 12th grade, no diploma"
65+,Pennsylvania,"$25,000 to $49,999",White,High school graduate (includes equivalency)
65+,Texas,"$100,000 to $149,999",White,Bachelor's degree
18-24,Texas,"$25,000 to $49,999",HispanicOrLatino,Bachelor's degree
65+,Texas,"Less than $25,000",White,High school graduate (includes equivalency)
55-64,Tennessee,"$75,000 to $99,999",White,"Some college, no degree"
65+,South Carolina,"$25,000 to $49,999",White,High school graduate (includes equivalency)
35-44,California,"$25,000 to $49,999",HispanicOrLatino,"Some college, no degree"
45-54,Washington,"$25,000 to $49,999",White,High school graduate (includes equivalency)
65+,Pennsylvania,"$25,000 to $49,999",White,Associate's degree
55-64,New York,"$25,000 to $49,999",White,Associate's degree
25-34,Alabama,"Less than $25,000",BlackOrAfricanAmerican,"Graduate degree, professional degree or PhD"
55-64,Texas,"$50,000 to $74,999",White,High school graduate (includes equivalency)
65+,Connecticut,"$100,000 to $149,999",White,"9th to 12th grade, no diploma"
65+,Kansas,"$25,000 to $49,999",White,High school graduate (includes equivalency)
25-34,Texas,"$100,000 to $149,999",White,"Graduate degree, professional degree or PhD"
55-64,Michigan,"Less than $25,000",BlackOrAfricanAmerican,"Some college, no degree"
35-44,Pennsylvania,"$150,000 or greater",White,"Some college, no degree"
65+,South Carolina,"$100,000 to $149,999",White,Associate's degree
65+,California,"$100,000 to $149,999",White,Bachelor's degree
25-34,Texas,"Less than $25,000",BlackOrAfricanAmerican,High school graduate (includes equivalency)
35-44,Ohio,"$25,000 to $49,999",White,High school graduate (includes equivalency)
25-34,Texas,"$150,000 or greater",White,Bachelor's degree
18-24,Alabama,"$150,000 or greater",Asian,"Some college, no degree"
55-64,California,"$100,000 to $149,999",White,"Some college, no degree"
45-54,Washington,"Less than $25,000",White,High school graduate (includes equivalency)
25-34,Missouri,"$25,000 to $49,999",White,High school graduate (includes equivalency)
18-24,Hawaii,"$150,000 or greater",Asian,"Graduate degree, professional degree or PhD"
65+,Florida,"Less than $25,000",BlackOrAfricanAmerican,"Some college, no degree"
65+,Wisconsin,"$50,000 to $74,999",White,High school graduate (includes equivalency)
18-24,Pennsylvania,"$50,000 to $74,999",White,High school graduate (includes equivalency)
65+,California,"Less than $25,000",White,"Some college, no degree"
65+,Texas,"Less than $25,000",White,High school graduate (includes equivalency)
65+,Indiana,"$50,000 to $74,999",White,Bachelor's degree
65+,New York,"Less than $25,000",HispanicOrLatino,High school graduate (includes equivalency)
35-44,Oregon,"$100,000 to $149,999",White,High school graduate (includes equivalency)
65+,New York,"Less than $25,000",White,"9th to 12th grade, no diploma"
18-24,Maryland,"Less than $25,000",BlackOrAfricanAmerican,High school graduate (includes equivalency)
45-54,New Jersey,"Less than $25,000",White,Associate's degree
65+,Florida,"$25,000 to $49,999",White,"Some college, no degree"
55-64,New York,"Less than $25,000",White,Associate's degree
55-64,Texas,"Less than $25,000",White,High school graduate (includes equivalency)
55-64,California,"$25,000 to $49,999",White,Associate's degree
65+,Tennessee,"Less than $25,000",White,"Some college, no degree"
25-34,Texas,"$75,000 to $99,999",HispanicOrLatino,"Graduate degree, professional degree or PhD"
65+,Arizona,"$100,000 to $149,999",White,"Graduate degree, professional degree or PhD"
35-44,Arizona,"$25,000 to $49,999",HispanicOrLatino,High school graduate (includes equivalency)
65+,Pennsylvania,"$25,000 to $49,999",White,"Some college, no degree"
25-34,Illinois,"$100,000 to $149,999",HispanicOrLatino,"Graduate degree, professional degree or PhD"
35-44,New Jersey,"$100,000 to $149,999",White,"Graduate degree, professional degree or PhD"
55-64,Ohio,"Less than $25,000",White,"9th to 12th grade, no diploma"
65+,Illinois,"$50,000 to $74,999",White,"Graduate degree, professional degree or PhD"
65+,Michigan,"Less than $25,000",BlackOrAfricanAmerican,"Some college, no degree"
65+,Iowa,"$50,000 to $74,999",White,High school graduate (includes equivalency)
25-34,Ohio,"$50,000 to $74,999",White,Bachelor's degree
35-44,Texas,"Less than $25,000",HispanicOrLatino,High school graduate (includes equivalency)
25-34,New Jersey,"Less than $25,000",BlackOrAfricanAmerican,High school graduate (includes equivalency)
55-64,Alabama,"$50,000 to $74,999",White,High school graduate (includes equivalency)
35-44,Montana,"Less than $25,000",White,High school graduate (includes equivalency)
65+,Ohio,"$50,000 to $74,999",BlackOrAfricanAmerican,Bachelor's degree
35-44,New York,"$25,000 to $49,999",White,High school graduate (includes equivalency)
65+,California,"Less than $25,000",BlackOrAfricanAmerican,"Some college, no degree"
45-54,California,"$50,000 to $74,999",Asian,Bachelor's degree
55-64,Texas,"$100,000 to $149,999",White,Associate's degree
18-24,Arizona,"Less than $25,000",HispanicOrLatino,"Some college, no degree"
35-44,Kentucky,"$100,000 to $149,999",White,Associate's degree
65+,Pennsylvania,"$100,000 to $149,999",White,Associate's degree
18-24,Tennessee,"$100,000 to $149,999",Other,High school graduate (includes equivalency)
18-24,Arizona,"$150,000 or greater",White,"Some college, no degree"
35-44,Mississippi,"$50,000 to $74,999",BlackOrAfricanAmerican,"9th to 12th grade, no diploma"
18-24,Texas,"$25,000 to $49,999",White,"Some college, no degree"
55-64,Ohio,"$25,000 to $49,999",White,"Some college, no degree"
65+,Illinois,"$25,000 to $49,999",White,"Graduate degree, professional degree or PhD"
65+,New Hampshire,"$100,000 to $149,999",White,Bachelor's degree
35-44,Georgia,"$100,000 to $149,999",White,"Graduate degree, professional degree or PhD"
65+,Nebraska,"$25,000 to $49,999",White,"Some college, no degree"
55-64,Georgia,"$150,000 or greater",White,"Graduate degree, professional degree or PhD"
35-44,California,"Less than $25,000",Other,Associate's degree
65+,New York,"Less than $25,000",BlackOrAfricanAmerican,Bachelor's degree
65+,California,"$50,000 to $74,999",White,Bachelor's degree
25-34,Ohio,"Less than $25,000",BlackOrAfricanAmerican,High school graduate (includes equivalency)
45-54,Washington,"$50,000 to $74,999",White,High school graduate (includes equivalency)
65+,Tennessee,"Less than $25,000",White,High school graduate (includes equivalency)
45-54,California,"$75,000 to $99,999",HispanicOrLatino,High school graduate (includes equivalency)
65+,California,"Less than $25,000",HispanicOrLatino,"9th to 12th grade, no diploma"
55-64,Connecticut,"$25,000 to $49,999",White,High school graduate (includes equivalency)
65+,Ohio,"Less than $25,000",BlackOrAfricanAmerican,"Some college, no degree"
25-34,Kentucky,"$25,000 to $49,999",White,"Some college, no degree"
55-64,Georgia,"$25,000 to $49,999",BlackOrAfricanAmerican,Associate's degree
25-34,South Carolina,"$25,000 to $49,999",BlackOrAfricanAmerican,No schooling completed
55-64,Maryland,"$50,000 to $74,999",BlackOrAfricanAmerican,Associate's degree
18-24,Texas,"$50,000 to $74,999",Other,"Some college, no degree"
65+,New Jersey,"$50,000 to $74,999",BlackOrAfricanAmerican,"9th to 12th grade, no diploma"
45-54,New Jersey,"$75,000 to $99,999",White,High school graduate (includes equivalency)
45-54,Arkansas,"Less than $25,000",White,Associate's degree
65+,Illinois,"Less than $25,000",White,High school graduate (includes equivalency)
35-44,Kansas,"$25,000 to $49,999",White,"Some college, no degree"
35-44,Illinois,"$25,000 to $49,999",White,"Some college, no degree"
18-24,Florida,"$25,000 to $49,999",White,"9th to 12th grade, no diploma"
65+,Georgia,"$150,000 or greater",White,"Graduate degree, professional degree or PhD"
18-24,Georgia,"$150,000 or greater",White,High school graduate (includes equivalency)
45-54,Texas,"$100,000 to $149,999",White,"Some college, no degree"
45-54,Missouri,"$50,000 to $74,999",White,Bachelor's degree
65+,Arizona,"$75,000 to $99,999",White,Bachelor's degree
35-44,California,"Less than $25,000",White,Associate's degree
55-64,North Carolina,"$25,000 to $49,999",White,High school graduate (includes equivalency)
55-64,California,"Less than $25,000",White,High school graduate (includes equivalency)
65+,Maryland,"Less than $25,000",White,"Some college, no degree"
35-44,Arizona,"Less than $25,000",White,Associate's degree
45-54,Maryland,"$50,000 to $74,999",White,"Some college, no degree"
65+,Washington,"$150,000 or greater",White,"Graduate degree, professional degree or PhD"
55-64,Ohio,"Less than $25,000",BlackOrAfricanAmerican,No schooling completed
55-64,New York,"$100,000 to $149,999",White,High school graduate (includes equivalency)
45-54,New Jersey,"$150,000 or greater",HispanicOrLatino,Bachelor's degree
35-44,Alabama,"$50,000 to $74,999",White,Bachelor's degree
65+,New York,"$150,000 or greater",White,"Graduate degree, professional degree or PhD"
65+,Missouri,"$75,000 to $99,999",White,High school graduate (includes equivalency)
65+,New York,"$25,000 to $49,999",White,High school graduate (includes equivalency)
65+,New Mexico,"$50,000 to $74,999",White,"Graduate degree, professional degree or PhD"
65+,Oklahoma,"Less than $25,000",BlackOrAfricanAmerican,"9th to 12th grade, no diploma"
25-34,Colorado,"$100,000 to $149,999",White,Bachelor's degree
65+,California,"$25,000 to $49,999",White,Associate's degree
55-64,Illinois,"$25,000 to $49,999",White,High school graduate (includes equivalency)
65+,Connecticut,"$100,000 to $149,999",White,High school graduate (includes equivalency)
55-64,California,"Less than $25,000",White,No schooling completed
18-24,California,"$100,000 to $149,999",Asian,Bachelor's degree
18-24,New Jersey,"$150,000 or greater",BlackOrAfricanAmerican,High school graduate (includes equivalency)
35-44,Georgia,"$150,000 or greater",White,"Graduate degree, professional degree or PhD"
65+,South Carolina,"$50,000 to $74,999",White,Associate's degree
65+,New Jersey,"$75,000 to $99,999",White,Associate's degree
35-44,Massachusetts,"$100,000 to $149,999",White,"Graduate degree, professional degree or PhD"
45-54,Connecticut,"$25,000 to $49,999",BlackOrAfricanAmerican,High school graduate (includes equivalency)
65+,North Carolina,"$25,000 to $49,999",BlackOrAfricanAmerican,Associate's degree
65+,Massachusetts,"$50,000 to $74,999",White,Associate's degree
35-44,Massachusetts,"$150,000 or greater",White,Bachelor's degree
65+,Virginia,"$25,000 to $49,999",White,Associate's degree
65+,Texas,"Less than $25,000",White,Associate's degree
45-54,Minnesota,"$75,000 to $99,999",White,Bachelor's degree
65+,California,"$75,000 to $99,999",White,"Some college, no degree"
35-44,Utah,"$150,000 or greater",White,"Graduate degree, professional degree or PhD"
55-64,Washington,"$75,000 to $99,999",Other,Associate's degree
55-64,North Carolina,"$75,000 to $99,999",White,Bachelor's degree
35-44,Indiana,"Less than $25,000",BlackOrAfricanAmerican,"Some college, no degree"
25-34,Tennessee,"$50,000 to $74,999",BlackOrAfricanAmerican,"Some college, no degree"
55-64,Delaware,"$50,000 to $74,999",BlackOrAfricanAmerican,"Some college, no degree"
65+,Michigan,"Less than $25,000",White,Bachelor's degree
35-44,Massachusetts,"$75,000 to $99,999",White,"Graduate degree, professional degree or PhD"
55-64,Florida,"Less than $25,000",White,Bachelor's degree
25-34,Virginia,"Less than $25,000",White,No schooling completed
35-44,Mississippi,"$50,000 to $74,999",BlackOrAfricanAmerican,"Some college, no degree"
55-64,Colorado,"$25,000 to $49,999",White,Associate's degree
55-64,Florida,"Less than $25,000",White,"Some college, no degree"
65+,Maryland,"Less than $25,000",White,"Some college, no degree"
55-64,Colorado,"$150,000 or greater",White,"Graduate degree, professional degree or PhD"
65+,Pennsylvania,"$50,000 to $74,999",White,Bachelor's degree
45-54,Minnesota,"Less than $25,000",White,"Some college, no degree"
65+,Texas,"Less than $25,000",White,"Some college, no degree"
18-24,New York,"Less than $25,000",White,"Some college, no degree"
65+,Illinois,"$25,000 to $49,999",White,Bachelor's degree
45-54,Maine,"$150,000 or greater",White,"Some college, no degree"
18-24,Pennsylvania,"$25,000 to $49,999",White,Associate's degree
65+,California,"$25,000 to $49,999",HispanicOrLatino,High school graduate (includes equivalency)
55-64,New York,"$150,000 or greater",White,"Graduate degree, professional degree or PhD"
55-64,New Jersey,"Less than $25,000",White,Associate's degree
18-24,Washington,"Less than $25,000",White,High school graduate (includes equivalency)
35-44,Arizona,"Less than $25,000",HispanicOrLatino,High school graduate (includes equivalency)
18-24,New York,"$50,000 to $74,999",BlackOrAfricanAmerican,High school graduate (includes equivalency)
45-54,Maryland,"$50,000 to $74,999",BlackOrAfricanAmerican,Bachelor's degree
45-54,Kentucky,"Less than $25,000",White,"Some college, no degree"
35-44,Texas,"$100,000 to $149,999",White,"Graduate degree, professional degree or PhD"
65+,Utah,"Less than $25,000",Asian,Bachelor's degree
55-64,Pennsylvania,"$75,000 to $99,999",White,High school graduate (includes equivalency)
18-24,Georgia,"$75,000 to $99,999",BlackOrAfricanAmerican,"Some college, no degree"
55-64,Arkansas,"Less than $25,000",White,High school graduate (includes equivalency)
35-44,Kansas,"$100,000 to $149,999",HispanicOrLatino,"Some college, no degree"
65+,South Carolina,"$25,000 to $49,999",BlackOrAfricanAmerican,"Some college, no degree"
65+,California,"$100,000 to $149,999",White,"Some college, no degree"
55-64,Idaho,"$100,000 to $149,999",White,Bachelor's degree
65+,Illinois,"$25,000 to $49,999",White,Bachelor's degree
45-54,Florida,"$50,000 to $74,999",BlackOrAfricanAmerican,"Some college, no degree"
35-44,Michigan,"$100,000 to $149,999",White,"Some college, no degree"
65+,Texas,"$25,000 to $49,999",HispanicOrLatino,Associate's degree
55-64,Virginia,"$100,000 to $149,999",White,Associate's degree
35-44,California,"Less than $25,000",Asian,High school graduate (includes equivalency)
65+,Ohio,"$25,000 to $49,999",White,High school graduate (includes equivalency)
65+,Georgia,"Less than $25,000",White,Associate's degree
65+,Connecticut,"Less than $25,000",BlackOrAfricanAmerican,High school graduate (includes equivalency)
55-64,Mississippi,"$25,000 to $49,999",White,High school graduate (includes equivalency)
55-64,New Jersey,"Less than $25,000",BlackOrAfricanAmerican,High school graduate (includes equivalency)
45-54,Pennsylvania,"$25,000 to $49,999",Other,"Some college, no degree"
45-54,Texas,"$25,000 to $49,999",White,High school graduate (includes equivalency)
45-54,Ohio,"$75,000 to $99,999",White,High school graduate (includes equivalency)
65+,New York,"$50,000 to $74,999",Other,"Graduate degree, professional degree or PhD"
18-24,Michigan,"$75,000 to $99,999",White,High school graduate (includes equivalency)
35-44,Georgia,"$25,000 to $49,999",White,Bachelor's degree
18-24,New York,"$25,000 to $49,999",White,High school graduate (includes equivalency)
55-64,Texas,"$75,000 to $99,999",White,"Some college, no degree"
65+,Utah,"$75,000 to $99,999",White,Associate's degree
65+,New York,"Less than $25,000",White,High school graduate (includes equivalency)
25-34,Arkansas,"Less than $25,000",White,"Some college, no degree"
55-64,Oregon,"$100,000 to $149,999",White,"Some college, no degree"
35-44,Florida,"Less than $25,000",White,"Some college, no degree"
18-24,Virginia,"$150,000 or greater",White,"Some college, no degree"
55-64,Texas,"$150,000 or greater",White,Associate's degree
65+,Arkansas,"Less than $25,000",White,High school graduate (includes equivalency)
45-54,Texas,"$100,000 to $149,999",White,"Graduate degree, professional degree or PhD"
65+,Nebraska,"$25,000 to $49,999",White,"Some college, no degree"
65+,Florida,"Less than $25,000",White,Bachelor's degree
65+,Arizona,"$25,000 to $49,999",White,Bachelor's degree
35-44,Virginia,"$75,000 to $99,999",HispanicOrLatino,High school graduate (includes equivalency)
18-24,Missouri,"$150,000 or greater",White,High school graduate (includes equivalency)
45-54,Indiana,"$100,000 to $149,999",White,"Some college, no degree"
65+,California,"$75,000 to $99,999",White,"Some college, no degree"
25-34,Georgia,"$25,000 to $49,999",White,"Graduate degree, professional degree or PhD"
55-64,Ohio,"$100,000 to $149,999",White,"Graduate degree, professional degree or PhD"
55-64,New York,"$50,000 to $74,999",White,"Graduate degree, professional degree or PhD"
65+,California,"$25,000 to $49,999",Other,"Graduate degree, professional degree or PhD"
35-44,Georgia,"$150,000 or greater",White,"Graduate degree, professional degree or PhD"
65+,Mississippi,"$50,000 to $74,999",White,"Some college, no degree"
35-44,Georgia,"$75,000 to $99,999",White,"Graduate degree, professional degree or PhD"
65+,Indiana,"$100,000 to $149,999",White,Bachelor's degree
25-34,California,"$75,000 to $99,999",Other,"Some college, no degree"
65+,New York,"Less than $25,000",White,Bachelor's degree
18-24,Minnesota,"Less than $25,000",BlackOrAfricanAmerican,"Some college, no degree"
25-34,Utah,"$50,000 to $74,999",HispanicOrLatino,Associate's degree
35-44,California,"$50,000 to $74,999",Asian,Bachelor's degree
65+,Michigan,"$50,000 to $74,999",White,Bachelor's degree
65+,Virginia,"$25,000 to $49,999",BlackOrAfricanAmerican,High school graduate (includes equivalency)
55-64,Alabama,"Less than $25,000",White,Associate's degree
45-54,Michigan,"$25,000 to $49,999",White,Associate's degree
45-54,Ohio,"Less than $25,000",White,"Some college, no degree"
45-54,California,"$50,000 to $74,999",White,"Some college, no degree"
18-24,Minnesota,"$75,000 to $99,999",White,"Some college, no degree"
35-44,Minnesota,"$25,000 to $49,999",White,"Some college, no degree"
45-54,California,"$75,000 to $99,999",Asian,Bachelor's degree
55-64,New Jersey,"$25,000 to $49,999",White,Bachelor's degree
65+,Washington,"$50,000 to $74,999",White,Bachelor's degree
18-24,Georgia,"Less than $25,000",White,"Some college, no degree"
65+,Florida,"$50,000 to $74,999",White,No schooling completed
65+,Arizona,"$150,000 or greater",White,"Graduate degree, professional degree or PhD"
35-44,Kansas,"$50,000 to $74,999",White,Bachelor's degree
35-44,Louisiana,"$25,000 to $49,999",Other,High school graduate (includes equivalency)
65+,Maryland,"Less than $25,000",BlackOrAfricanAmerican,High school graduate (includes equivalency)
45-54,Illinois,"Less than $25,000",White,"9th to 12th grade, no diploma"
45-54,Texas,"$25,000 to $49,999",White,High school graduate (includes equivalency)
45-54,Alabama,"$25,000 to $49,999",BlackOrAfricanAmerican,Bachelor's degree
35-44,Minnesota,"$75,000 to $99,999",White,Bachelor's degree
55-64,Missouri,"$100,000 to $149,999",White,Bachelor's degree
35-44,Tennessee,"Less than $25,000",White,High school graduate (includes equivalency)
55-64,Mississippi,"$100,000 to $149,999",White,"Graduate degree, professional degree or PhD"
18-24,Georgia,"$25,000 to $49,999",HispanicOrLatino,High school graduate (includes equivalency)
35-44,California,"$50,000 to $74,999",Other,"Some college, no degree"
45-54,California,"Less than $25,000",HispanicOrLatino,"9th to 12th grade, no diploma"
55-64,Maryland,"Less than $25,000",White,High school graduate (includes equivalency)
65+,Texas,"$50,000 to $74,999",White,"Graduate degree, professional degree or PhD"
25-34,Pennsylvania,"$25,000 to $49,999",White,High school graduate (includes equivalency)
55-64,New York,"$50,000 to $74,999",Asian,"Some college, no degree"
35-44,New York,"$150,000 or greater",White,"Graduate degree, professional degree or PhD"
55-64,Maryland,"Less than $25,000",White,"Some college, no degree"
65+,Texas,"$25,000 to $49,999",White,High school graduate (includes equivalency)
35-44,Massachusetts,"$100,000 to $149,999",White,Bachelor's degree
45-54,Georgia,"Less than $25,000",BlackOrAfricanAmerican,Bachelor's degree
55-64,California,"$150,000 or greater",HispanicOrLatino,"Graduate degree, professional degree or PhD"
25-34,California,"$100,000 to $149,999",Asian,Bachelor's degree
55-64,Florida,"$50,000 to $74,999",White,"Graduate degree, professional degree or PhD"
65+,Texas,"$50,000 to $74,999",White,High school graduate (includes equivalency)
35-44,Texas,"$150,000 or greater",HispanicOrLatino,No schooling completed
18-24,Georgia,"$100,000 to $149,999",BlackOrAfricanAmerican,Less than 9th grade
55-64,Iowa,"$50,000 to $74,999",White,Bachelor's degree
65+,Ohio,"Less than $25,000",White,"Some college, no degree"
18-24,Minnesota,"$50,000 to $74,999",White,"9th to 12th grade, no diploma"
35-44,Tennessee,"Less than $25,000",White,High school graduate (includes equivalency)
35-44,Illinois,"$50,000 to $74,999",HispanicOrLatino,Bachelor's degree
35-44,New York,"$150,000 or greater",White,"Graduate degree, professional degree or PhD"
35-44,North Carolina,"$100,000 to $149,999",Other,High school graduate (includes equivalency)
25-34,New York,"$75,000 to $99,999",White,Associate's degree
55-64,Florida,"$25,000 to $49,999",White,Bachelor's degree
35-44,Georgia,"$50,000 to $74,999",White,"Graduate degree, professional degree or PhD"
25-34,Maryland,"$150,000 or greater",White,High school graduate (includes equivalency)
55-64,Texas,"Less than $25,000",White,Bachelor's degree
65+,Texas,"$150,000 or greater",White,Bachelor's degree
55-64,Texas,"Less than $25,000",White,"Some college, no degree"
25-34,Washington,"$75,000 to $99,999",White,High school graduate (includes equivalency)
25-34,California,"$50,000 to $74,999",Other,Bachelor's degree
65+,Virginia,"$100,000 to $149,999",White,Bachelor's degree
65+,New York,"$25,000 to $49,999",White,"Some college, no degree"
55-64,Alabama,"$50,000 to $74,999",White,Bachelor's degree
65+,Maine,"$25,000 to $49,999",White,High school graduate (includes equivalency)
65+,Texas,"Less than $25,000",White,"Some college, no degree"
65+,Illinois,"$25,000 to $49,999",Other,"Some college, no degree"
35-44,Georgia,"$150,000 or greater",White,"Graduate degree, professional degree or PhD"
35-44,California,"Less than $25,000",White,"Some college, no degree"
65+,Ohio,"$75,000 to $99,999",White,"Some college, no degree"
55-64,Pennsylvania,"$25,000 to $49,999",White,High school graduate (includes equivalency)
35-44,Florida,"$25,000 to $49,999",HispanicOrLatino,Associate's degree
65+,Missouri,"$25,000 to $49,999",White,High school graduate (includes equivalency)
65+,Colorado,"Less than $25,000",Other,"Graduate degree, professional degree or PhD"
55-64,Tennessee,"$25,000 to $49,999",White,"Some college, no degree"
35-44,Georgia,"$150,000 or greater",White,"Graduate degree, professional degree or PhD"
35-44,Georgia,"$150,000 or greater",White,"Graduate degree, professional degree or PhD"
55-64,New York,"$50,000 to $74,999",White,"9th to 12th grade, no diploma"
55-64,New York,"Less than $25,000",BlackOrAfricanAmerican,High school graduate (includes equivalency)
35-44,Arkansas,"Less than $25,000",White,"Graduate degree, professional degree or PhD"
35-44,Oklahoma,"Less than $25,000",White,High school graduate (includes equivalency)
55-64,Michigan,"$150,000 or greater",White,Bachelor's degree
65+,Louisiana,"$25,000 to $49,999",BlackOrAfricanAmerican,High school graduate (includes equivalency)
25-34,Pennsylvania,"Less than $25,000",White,High school graduate (includes equivalency)
25-34,Connecticut,"$75,000 to $99,999",White,Associate's degree
65+,Wisconsin,"$150,000 or greater",White,Bachelor's degree
55-64,California,"$25,000 to $49,999",BlackOrAfricanAmerican,"Some college, no degree"
65+,California,"$150,000 or greater",White,Bachelor's degree
55-64,Georgia,"$150,000 or greater",White,"Graduate degree, professional degree or PhD"
55-64,Florida,"Less than $25,000",White,"Some college, no degree"
65+,New Jersey,"$25,000 to $49,999",BlackOrAfricanAmerican,Bachelor's degree
65+,Texas,"$25,000 to $49,999",BlackOrAfricanAmerican,"Some college, no degree"
55-64,North Carolina,"$100,000 to $149,999",White,"Graduate degree, professional degree or PhD"
25-34,South Carolina,"Less than $25,000",BlackOrAfricanAmerican,"Some college, no degree"
65+,California,"Less than $25,000",Asian,"Some college, no degree"
18-24,South Dakota,"Less than $25,000",White,"9th to 12th grade, no diploma"
55-64,Utah,"$75,000 to $99,999",White,"Some college, no degree"
55-64,Florida,"$100,000 to $149,999",White,Associate's degree
65+,Massachusetts,"$75,000 to $99,999",White,Bachelor's degree
45-54,Virginia,"$100,000 to $149,999",White,"Graduate degree, professional degree or PhD"
18-24,New Mexico,"$75,000 to $99,999",White,"Some college, no degree"
65+,Massachusetts,"$50,000 to $74,999",White,High school graduate (includes equivalency)
18-24,South Carolina,"Less than $25,000",White,High school graduate (includes equivalency)
65+,Texas,"Less than $25,000",White,Associate's degree
35-44,Florida,"$50,000 to $74,999",BlackOrAfricanAmerican,High school graduate (includes equivalency)
65+,Massachusetts,"$50,000 to $74,999",White,High school graduate (includes equivalency)
65+,Wisconsin,"$150,000 or greater",White,Bachelor's degree
45-54,Missouri,"Less than $25,000",BlackOrAfricanAmerican,"9th to 12th grade, no diploma"
65+,Minnesota,"$50,000 to $74,999",White,High school graduate (includes equivalency)
18-24,Utah,"$25,000 to $49,999",White,High school graduate (includes equivalency)
65+,Pennsylvania,"$25,000 to $49,999",White,High school graduate (includes equivalency)
65+,California,"$150,000 or greater",White,"Graduate degree, professional degree or PhD"
45-54,Michigan,"$100,000 to $149,999",White,"Graduate degree, professional degree or PhD"
35-44,Missouri,"Less than $25,000",White,High school graduate (includes equivalency)
65+,Washington,"$25,000 to $49,999",White,Associate's degree
35-44,Dc,"Less than $25,000",BlackOrAfricanAmerican,"Some college, no degree"
65+,Florida,"$100,000 to $149,999",White,Bachelor's degree
65+,California,"Less than $25,000",BlackOrAfricanAmerican,Less than 9th grade
65+,Massachusetts,"$75,000 to $99,999",White,Bachelor's degree
65+,Oregon,"$150,000 or greater",White,High school graduate (includes equivalency)
25-34,Massachusetts,"$25,000 to $49,999",White,"Some college, no degree"
65+,Minnesota,"$25,000 to $49,999",White,High school graduate (includes equivalency)
55-64,Arizona,"Less than $25,000",White,High school graduate (includes equivalency)
35-44,Georgia,"$75,000 to $99,999",White,"Graduate degree, professional degree or PhD"
18-24,South Carolina,"$100,000 to $149,999",White,"Some college, no degree"
65+,Utah,"$25,000 to $49,999",White,High school graduate (includes equivalency)
55-64,Washington,"$150,000 or greater",White,Bachelor's degree
65+,Kentucky,"$75,000 to $99,999",White,Bachelor's degree
55-64,Nevada,"$50,000 to $74,999",White,"Some college, no degree"
35-44,North Carolina,"$25,000 to $49,999",White,Bachelor's degree
65+,West Virginia,"$100,000 to $149,999",White,High school graduate (includes equivalency)
45-54,Tennessee,"$25,000 to $49,999",White,High school graduate (includes equivalency)
25-34,Indiana,"$25,000 to $49,999",White,High school graduate (includes equivalency)
65+,Minnesota,"$25,000 to $49,999",White,High school graduate (includes equivalency)
65+,California,"Less than $25,000",White,"9th to 12th grade, no diploma"
65+,Florida,"$100,000 to $149,999",White,"Some college, no degree"
55-64,Illinois,"$25,000 to $49,999",BlackOrAfricanAmerican,Bachelor's degree
45-54,Texas,"$50,000 to $74,999",White,"Graduate degree, professional degree or PhD"
25-34,Pennsylvania,"$50,000 to $74,999",White,Bachelor's degree
18-24,Michigan,"$100,000 to $149,999",BlackOrAfricanAmerican,Associate's degree
25-34,Colorado,"Less than $25,000",Other,High school graduate (includes equivalency)
45-54,Tennessee,"$25,000 to $49,999",White,"Some college, no degree"
65+,Oklahoma,"$50,000 to $74,999",White,"Some college, no degree"
55-64,New York,"$100,000 to $149,999",White,High school graduate (includes equivalency)
45-54,California,"$75,000 to $99,999",BlackOrAfricanAmerican,"Graduate degree, professional degree or PhD"
45-54,Michigan,"Less than $25,000",White,Bachelor's degree
55-64,Louisiana,"Less than $25,000",BlackOrAfricanAmerican,"Some college, no degree"
45-54,Georgia,"$25,000 to $49,999",White,High school graduate (includes equivalency)
65+,Texas,"Less than $25,000",HispanicOrLatino,"Some college, no degree"
65+,Hawaii,"$25,000 to $49,999",Other,Associate's degree
65+,Ohio,"$150,000 or greater",White,High school graduate (includes equivalency)
65+,Florida,"Less than $25,000",White,Bachelor's degree
65+,Nevada,"Less than $25,000",BlackOrAfricanAmerican,"Some college, no degree"
25-34,West Virginia,"$75,000 to $99,999",White,High school graduate (includes equivalency)
45-54,Georgia,"$100,000 to $149,999",White,"Graduate degree, professional degree or PhD"
65+,New York,"$25,000 to $49,999",White,Bachelor's degree
25-34,Florida,"$100,000 to $149,999",White,"Some college, no degree"
35-44,Florida,"$150,000 or greater",BlackOrAfricanAmerican,High school graduate (includes equivalency)
55-64,Illinois,"Less than $25,000",BlackOrAfricanAmerican,Bachelor's degree
55-64,Texas,"$25,000 to $49,999",White,"Some college, no degree"
45-54,Texas,"$75,000 to $99,999",HispanicOrLatino,"Graduate degree, professional degree or PhD"
45-54,Georgia,"$75,000 to $99,999",BlackOrAfricanAmerican,"Some college, no degree"
65+,North Carolina,"$75,000 to $99,999",White,"Graduate degree, professional degree or PhD"
45-54,West Virginia,"$25,000 to $49,999",White,High school graduate (includes equivalency)
35-44,Oklahoma,"Less than $25,000",White,High school graduate (includes equivalency)
65+,Wisconsin,"Less than $25,000",White,"Some college, no degree"
65+,California,"$100,000 to $149,999",White,High school graduate (includes equivalency)
18-24,California,"Less than $25,000",HispanicOrLatino,"Some college, no degree"
65+,New Hampshire,"$100,000 to $149,999",White,High school graduate (includes equivalency)
55-64,Texas,"$150,000 or greater",White,"Graduate degree, professional degree or PhD"
35-44,Texas,"Less than $25,000",BlackOrAfricanAmerican,"Some college, no degree"
18-24,Illinois,"Less than $25,000",White,"Some college, no degree"
65+,New York,"Less than $25,000",BlackOrAfricanAmerican,High school graduate (includes equivalency)
65+,Oregon,"Less than $25,000",Other,High school graduate (includes equivalency)
55-64,Minnesota,"Less than $25,000",White,High school graduate (includes equivalency)
65+,Florida,"$150,000 or greater",White,"Graduate degree, professional degree or PhD"
65+,Georgia,"$150,000 or greater",White,"Graduate degree, professional degree or PhD"
35-44,Louisiana,"$150,000 or greater",BlackOrAfricanAmerican,High school graduate (includes equivalency)
25-34,California,"$25,000 to $49,999",HispanicOrLatino,High school graduate (includes equivalency)
65+,California,"Less than $25,000",BlackOrAfricanAmerican,Associate's degree
65+,Washington,"$50,000 to $74,999",White,"Some college, no degree"
18-24,Florida,"Less than $25,000",White,"Some college, no degree"
35-44,Texas,"$150,000 or greater",White,Associate's degree
25-34,New York,"Less than $25,000",White,High school graduate (includes equivalency)
35-44,Massachusetts,"$25,000 to $49,999",White,"Graduate degree, professional degree or PhD"
25-34,California,"$100,000 to $149,999",Asian,Bachelor's degree
65+,New York,"$150,000 or greater",White,"Graduate degree, professional degree or PhD"
65+,California,"Less than $25,000",HispanicOrLatino,"Graduate degree, professional degree or PhD"
18-24,Illinois,"$50,000 to $74,999",HispanicOrLatino,Bachelor's degree
45-54,Kentucky,"$50,000 to $74,999",White,"Some college, no degree"
55-64,Missouri,"Less than $25,000",White,Less than 9th grade
55-64,Florida,"$100,000 to $149,999",White,Associate's degree
45-54,Indiana,"$50,000 to $74,999",White,"Some college, no degree"
55-64,Nevada,"$150,000 or greater",White,"Graduate degree, professional degree or PhD"
65+,California,"Less than $25,000",White,High school graduate (includes equivalency)
35-44,Connecticut,"$75,000 to $99,999",White,Bachelor's degree
45-54,Nevada,"$50,000 to $74,999",White,"Some college, no degree"
45-54,Nebraska,"Less than $25,000",White,Bachelor's degree
55-64,North Carolina,"Less than $25,000",BlackOrAfricanAmerican,High school graduate (includes equivalency)
55-64,Pennsylvania,"$25,000 to $49,999",White,High school graduate (includes equivalency)
45-54,Michigan,"$25,000 to $49,999",White,Bachelor's degree
25-34,Texas,"$25,000 to $49,999",BlackOrAfricanAmerican,"Some college, no degree"
65+,Arizona,"$75,000 to $99,999",White,Bachelor's degree
45-54,Tennessee,"$50,000 to $74,999",White,"Some college, no degree"
65+,Illinois,"$50,000 to $74,999",White,"Some college, no degree"
55-64,Missouri,"$75,000 to $99,999",White,"Some college, no degree"
55-64,Minnesota,"$50,000 to $74,999",White,High school graduate (includes equivalency)
55-64,Florida,"$150,000 or greater",White,"Graduate degree, professional degree or PhD"
35-44,Kentucky,"$50,000 to $74,999",Other,"Some college, no degree"
55-64,Dc,"Less than $25,000",BlackOrAfricanAmerican,High school graduate (includes equivalency)
65+,Missouri,"Less than $25,000",White,High school graduate (includes equivalency)
45-54,New Jersey,"$25,000 to $49,999",White,"Some college, no degree"
65+,Wyoming,"$25,000 to $49,999",White,"9th to 12th grade, no diploma"
65+,New York,"$100,000 to $149,999",White,"Graduate degree, professional degree or PhD"
65+,Kentucky,"$75,000 to $99,999",White,"Graduate degree, professional degree or PhD"
55-64,New York,"$25,000 to $49,999",White,"9th to 12th grade, no diploma"
45-54,Ohio,"$25,000 to $49,999",BlackOrAfricanAmerican,No schooling completed
55-64,Colorado,"$75,000 to $99,999",White,High school graduate (includes equivalency)
25-34,Massachusetts,"Less than $25,000",White,High school graduate (includes equivalency)
55-64,New Jersey,"Less than $25,000",White,Less than 9th grade
65+,Massachusetts,"Less than $25,000",White,Associate's degree
25-34,California,"$50,000 to $74,999",Asian,Associate's degree
35-44,South Carolina,"$25,000 to $49,999",White,Associate's degree
55-64,Pennsylvania,"$75,000 to $99,999",White,Bachelor's degree
35-44,Minnesota,"$75,000 to $99,999",White,"Some college, no degree"
18-24,Tennessee,"$25,000 to $49,999",Other,High school graduate (includes equivalency)
35-44,Michigan,"$100,000 to $149,999",White,Bachelor's degree
55-64,Missouri,"$150,000 or greater",White,"Some college, no degree"
45-54,Maryland,"$50,000 to $74,999",White,"Some college, no degree"
25-34,Michigan,"$25,000 to $49,999",White,"Graduate degree, professional degree or PhD"
65+,Texas,"$50,000 to $74,999",White,"Some college, no degree"
45-54,Georgia,"Less than $25,000",BlackOrAfricanAmerican,"Some college, no degree"
55-64,Missouri,"Less than $25,000",White,"Some college, no degree"
45-54,Louisiana,"$50,000 to $74,999",White,Bachelor's degree
18-24,Florida,"Less than $25,000",White,No schooling completed
65+,California,"Less than $25,000",BlackOrAfricanAmerican,Associate's degree
65+,California,"$50,000 to $74,999",White,"Some college, no degree"
35-44,Arizona,"$100,000 to $149,999",White,"Graduate degree, professional degree or PhD"
55-64,Missouri,"Less than $25,000",Other,"Some college, no degree"
65+,Virginia,"$50,000 to $74,999",BlackOrAfricanAmerican,"Some college, no degree"
55-64,California,"$50,000 to $74,999",White,"Some college, no degree"
45-54,Nevada,"$25,000 to $49,999",HispanicOrLatino,"Some college, no degree"
25-34,New Jersey,"$100,000 to $149,999",White,"Graduate degree, professional degree or PhD"
55-64,Massachusetts,"Less than $25,000",HispanicOrLatino,"Some college, no degree"
45-54,Oklahoma,"Less than $25,000",White,Less than 9th grade
55-64,Pennsylvania,"Less than $25,000",White,"9th to 12th grade, no diploma"
65+,Texas,"$75,000 to $99,999",White,High school graduate (includes equivalency)
65+,Michigan,"Less than $25,000",White,Associate's degree
55-64,California,"$75,000 to $99,999",BlackOrAfricanAmerican,Associate's degree
65+,Iowa,"Less than $25,000",White,"9th to 12th grade, no diploma"
45-54,Iowa,"Less than $25,000",White,"Some college, no degree"
65+,Arizona,"$25,000 to $49,999",Other,Bachelor's degree
35-44,Georgia,"$50,000 to $74,999",HispanicOrLatino,Associate's degree
35-44,Illinois,"$50,000 to $74,999",White,"Some college, no degree"
55-64,Michigan,"$50,000 to $74,999",White,"Some college, no degree"
65+,Utah,"$50,000 to $74,999",White,High school graduate (includes equivalency)
25-34,Texas,"$25,000 to $49,999",Asian,High school graduate (includes equivalency)
45-54,California,"$50,000 to $74,999",White,"9th to 12th grade, no diploma"
25-34,Kentucky,"$25,000 to $49,999",White,Bachelor's degree
55-64,California,"$150,000 or greater",White,"Graduate degree, professional degree or PhD"
65+,Mississippi,"$75,000 to $99,999",White,"Graduate degree, professional degree or PhD"
18-24,Colorado,"Less than $25,000",HispanicOrLatino,"Some college, no degree"
18-24,New York,"$50,000 to $74,999",White,"9th to 12th grade, no diploma"
18-24,North Carolina,"Less than $25,000",HispanicOrLatino,Bachelor's degree
65+,Nebraska,"$75,000 to $99,999",White,Associate's degree
65+,New York,"$50,000 to $74,999",White,"Graduate degree, professional degree or PhD"
65+,Nevada,"Less than $25,000",White,High school graduate (includes equivalency)
65+,Virginia,"$100,000 to $149,999",White,"Graduate degree, professional degree or PhD"
18-24,Minnesota,"$150,000 or greater",Asian,High school graduate (includes equivalency)
35-44,Texas,"$25,000 to $49,999",Other,Associate's degree
35-44,Arizona,"Less than $25,000",White,Bachelor's degree
55-64,California,"$75,000 to $99,999",Asian,"Some college, no degree"
65+,California,"$50,000 to $74,999",BlackOrAfricanAmerican,"9th to 12th grade, no diploma"
35-44,Texas,"$150,000 or greater",BlackOrAfricanAmerican,"9th to 12th grade, no diploma"
45-54,New York,"Less than $25,000",White,"Some college, no degree"
55-64,Arizona,"$50,000 to $74,999",White,"Some college, no degree"
65+,North Carolina,"Less than $25,000",White,"Some college, no degree"
65+,Florida,"$50,000 to $74,999",BlackOrAfricanAmerican,"9th to 12th grade, no diploma"
45-54,Louisiana,"$75,000 to $99,999",White,"Some college, no degree"
65+,New York,"$50,000 to $74,999",White,Associate's degree
45-54,Wisconsin,"$25,000 to $49,999",White,Bachelor's degree
55-64,Pennsylvania,"Less than $25,000",White,Bachelor's degree
35-44,Florida,"$150,000 or greater",White,"Graduate degree, professional degree or PhD"
55-64,Tennessee,"Less than $25,000",White,Less than 9th grade
45-54,Michigan,"Less than $25,000",White,Associate's degree
55-64,California,"$25,000 to $49,999",White,"Some college, no degree"
35-44,New York,"$25,000 to $49,999",White,"Some college, no degree"
55-64,Florida,"Less than $25,000",White,High school graduate (includes equivalency)
65+,Kentucky,"Less than $25,000",White,Associate's degree
55-64,Montana,"$75,000 to $99,999",White,High school graduate (includes equivalency)
65+,California,"Less than $25,000",BlackOrAfricanAmerican,Bachelor's degree
35-44,Texas,"$25,000 to $49,999",White,High school graduate (includes equivalency)
45-54,North Dakota,"$50,000 to $74,999",White,High school graduate (includes equivalency)
65+,Florida,"$50,000 to $74,999",HispanicOrLatino,Associate's degree
65+,Virginia,"Less than $25,000",White,Bachelor's degree
55-64,New Hampshire,"Less than $25,000",White,High school graduate (includes equivalency)
65+,Colorado,"Less than $25,000",White,High school graduate (includes equivalency)
65+,New Hampshire,"$75,000 to $99,999",White,"Graduate degree, professional degree or PhD"
65+,Texas,"$25,000 to $49,999",White,High school graduate (includes equivalency)
65+,North Dakota,"$75,000 to $99,999",White,"Some college, no degree"
65+,Ohio,"$25,000 to $49,999",White,Associate's degree
55-64,California,"$75,000 to $99,999",Asian,High school graduate (includes equivalency)
18-24,South Carolina,"$75,000 to $99,999",BlackOrAfricanAmerican,High school graduate (includes equivalency)
65+,Georgia,"$25,000 to $49,999",BlackOrAfricanAmerican,"9th to 12th grade, no diploma"
55-64,Georgia,"Less than $25,000",Asian,High school graduate (includes equivalency)
45-54,Montana,"Less than $25,000",White,Associate's degree
65+,Texas,"$50,000 to $74,999",White,Associate's degree
65+,Illinois,"$50,000 to $74,999",White,"Graduate degree, professional degree or PhD"
65+,New York,"Less than $25,000",White,Associate's degree
55-64,North Carolina,"Less than $25,000",Other,Associate's degree
18-24,North Carolina,"$25,000 to $49,999",Other,High school graduate (includes equivalency)
65+,Florida,"$75,000 to $99,999",White,High school graduate (includes equivalency)
65+,California,"$25,000 to $49,999",White,Associate's degree
18-24,Michigan,"$75,000 to $99,999",Other,High school graduate (includes equivalency)
55-64,Georgia,"$150,000 or greater",White,"Graduate degree, professional degree or PhD"
25-34,Florida,"$25,000 to $49,999",White,"9th to 12th grade, no diploma"
25-34,Tennessee,"$25,000 to $49,999",White,"Some college, no degree"
65+,North Carolina,"$75,000 to $99,999",White,"Some college, no degree"
35-44,California,"$25,000 to $49,999",Other,"Some college, no degree"
65+,California,"$75,000 to $99,999",HispanicOrLatino,"Graduate degree, professional degree or PhD"
35-44,California,"Less than $25,000",White,High school graduate (includes equivalency)
65+,Maryland,"$150,000 or greater",White,Bachelor's degree
25-34,South Carolina,"$50,000 to $74,999",White,"Some college, no degree"
45-54,Nevada,"Less than $25,000",HispanicOrLatino,High school graduate (includes equivalency)
18-24,Texas,"Less than $25,000",Other,Bachelor's degree
18-24,New York,"$75,000 to $99,999",HispanicOrLatino,"9th to 12th grade, no diploma"
45-54,Texas,"$25,000 to $49,999",BlackOrAfricanAmerican,"Some college, no degree"
45-54,Georgia,"$50,000 to $74,999",White,Bachelor's degree
55-64,Virginia,"Less than $25,000",White,"Some college, no degree"
55-64,Maryland,"$25,000 to $49,999",White,High school graduate (includes equivalency)
25-34,Tennessee,"$100,000 to $149,999",White,High school graduate (includes equivalency)
65+,Kansas,"Less than $25,000",White,Bachelor's degree
35-44,Virginia,"$75,000 to $99,999",White,Associate's degree
45-54,California,"$50,000 to $74,999",White,High school graduate (includes equivalency)
45-54,Ohio,"$75,000 to $99,999",White,Bachelor's degree
25-34,Massachusetts,"$50,000 to $74,999",BlackOrAfricanAmerican,Bachelor's degree
18-24,Texas,"Less than $25,000",BlackOrAfricanAmerican,Bachelor's degree
35-44,Indiana,"$100,000 to $149,999",White,"Some college, no degree"
18-24,Maryland,"$50,000 to $74,999",White,Bachelor's degree
65+,Massachusetts,"$150,000 or greater",White,"Graduate degree, professional degree or PhD"
25-34,Tennessee,"$75,000 to $99,999",White,"9th to 12th grade, no diploma"
35-44,Michigan,"Less than $25,000",Other,"Some college, no degree"
55-64,California,"$25,000 to $49,999",White,High school graduate (includes equivalency)
35-44,Pennsylvania,"$75,000 to $99,999",White,"Graduate degree, professional degree or PhD"
55-64,West Virginia,"$50,000 to $74,999",White,"Graduate degree, professional degree or PhD"
65+,Washington,"$100,000 to $149,999",White,"Some college, no degree"
65+,California,"$25,000 to $49,999",White,Associate's degree
35-44,Wisconsin,"Less than $25,000",Other,High school graduate (includes equivalency)
18-24,Massachusetts,"$25,000 to $49,999",White,High school graduate (includes equivalency)
25-34,Texas,"$75,000 to $99,999",White,Bachelor's degree
18-24,Nebraska,"$50,000 to $74,999",White,High school graduate (includes equivalency)
45-54,West Virginia,"$25,000 to $49,999",White,"Some college, no degree"
55-64,New York,"$25,000 to $49,999",White,Associate's degree
65+,California,"Less than $25,000",Other,"Some college, no degree"
55-64,Florida,"Less than $25,000",Other,"9th to 12th grade, no diploma"
25-34,Texas,"$50,000 to $74,999",White,"Some college, no degree"
45-54,Oregon,"$100,000 to $149,999",White,"Some college, no degree"
35-44,West Virginia,"Less than $25,000",White,"Some college, no degree"
35-44,New Jersey,"$25,000 to $49,999",HispanicOrLatino,High school graduate (includes equivalency)
35-44,North Carolina,"Less than $25,000",BlackOrAfricanAmerican,"Some college, no degree"
35-44,Missouri,"Less than $25,000",BlackOrAfricanAmerican,"Some college, no degree"
25-34,Arizona,"Less than $25,000",White,High school graduate (includes equivalency)
65+,Texas,"$50,000 to $74,999",White,"Some college, no degree"
65+,Michigan,"Less than $25,000",White,Associate's degree
55-64,Rhode Island,"Less than $25,000",White,High school graduate (includes equivalency)
65+,Minnesota,"Less than $25,000",White,High school graduate (includes equivalency)
65+,New Jersey,"$50,000 to $74,999",White,High school graduate (includes equivalency)
65+,Kansas,"$50,000 to $74,999",White,High school graduate (includes equivalency)
65+,Florida,"Less than $25,000",White,No schooling completed
55-64,Arizona,"$25,000 to $49,999",White,High school graduate (includes equivalency)
65+,Minnesota,"Less than $25,000",White,High school graduate (includes equivalency)
18-24,South Carolina,"$150,000 or greater",BlackOrAfricanAmerican,High school graduate (includes equivalency)
45-54,Pennsylvania,"$150,000 or greater",BlackOrAfricanAmerican,Bachelor's degree
65+,Colorado,"$75,000 to $99,999",White,High school graduate (includes equivalency)
35-44,New York,"$100,000 to $149,999",White,"Some college, no degree"
35-44,Hawaii,"Less than $25,000",Other,High school graduate (includes equivalency)
65+,Utah,"Less than $25,000",White,"Some college, no degree"
25-34,Georgia,"$75,000 to $99,999",BlackOrAfricanAmerican,Bachelor's degree
55-64,Colorado,"$75,000 to $99,999",White,Bachelor's degree
65+,Louisiana,"$75,000 to $99,999",White,"Graduate degree, professional degree or PhD"
65+,Missouri,"$50,000 to $74,999",White,"9th to 12th grade, no diploma"
45-54,Maine,"Less than $25,000",White,High school graduate (includes equivalency)
35-44,Maryland,"$150,000 or greater",Asian,Less than 9th grade
65+,Michigan,"$25,000 to $49,999",White,Associate's degree
45-54,California,"$150,000 or greater",White,"Graduate degree, professional degree or PhD"
45-54,Idaho,"$25,000 to $49,999",White,Associate's degree
18-24,Texas,"$100,000 to $149,999",HispanicOrLatino,High school graduate (includes equivalency)
25-34,Oregon,"$25,000 to $49,999",White,"Some college, no degree"
35-44,Texas,"$100,000 to $149,999",White,Bachelor's degree
25-34,Florida,"$25,000 to $49,999",White,High school graduate (includes equivalency)
45-54,Texas,"Less than $25,000",White,High school graduate (includes equivalency)
18-24,Colorado,"Less than $25,000",White,Bachelor's degree
55-64,Arizona,"$100,000 to $149,999",White,Bachelor's degree
65+,Oklahoma,"Less than $25,000",White,"Graduate degree, professional degree or PhD"
25-34,South Carolina,"$75,000 to $99,999",White,"Some college, no degree"
18-24,Texas,"$50,000 to $74,999",White,High school graduate (includes equivalency)
35-44,Texas,"$150,000 or greater",White,"Graduate degree, professional degree or PhD"
25-34,Massachusetts,"Less than $25,000",White,Bachelor's degree
65+,Minnesota,"$100,000 to $149,999",White,"Some college, no degree"
55-64,Minnesota,"$50,000 to $74,999",White,Associate's degree
45-54,Minnesota,"Less than $25,000",White,"Graduate degree, professional degree or PhD"
25-34,New York,"$50,000 to $74,999",BlackOrAfricanAmerican,Bachelor's degree
55-64,California,"Less than $25,000",White,"9th to 12th grade, no diploma"
65+,Michigan,"Less than $25,000",White,High school graduate (includes equivalency)
65+,Tennessee,"Less than $25,000",BlackOrAfricanAmerican,"9th to 12th grade, no diploma"
65+,Minnesota,"$25,000 to $49,999",White,High school graduate (includes equivalency)
45-54,New York,"$25,000 to $49,999",White,"Some college, no degree"
65+,New York,"$50,000 to $74,999",White,High school graduate (includes equivalency)
25-34,Massachusetts,"$100,000 to $149,999",White,Bachelor's degree
55-64,New York,"Less than $25,000",BlackOrAfricanAmerican,"9th to 12th grade, no diploma"
45-54,Illinois,"$100,000 to $149,999",White,Bachelor's degree
35-44,Kentucky,"$100,000 to $149,999",Asian,Bachelor's degree
18-24,Pennsylvania,"$50,000 to $74,999",White,Bachelor's degree
18-24,Georgia,"$25,000 to $49,999",Other,Associate's degree
18-24,South Carolina,"$150,000 or greater",White,High school graduate (includes equivalency)
55-64,Louisiana,"$50,000 to $74,999",White,Associate's degree
65+,New York,"$25,000 to $49,999",BlackOrAfricanAmerican,High school graduate (includes equivalency)
45-54,California,"$25,000 to $49,999",White,"Some college, no degree"
65+,Washington,"$100,000 to $149,999",White,Associate's degree
65+,Colorado,"Less than $25,000",White,"Some college, no degree"
65+,Florida,"$150,000 or greater",White,Bachelor's degree
65+,Kentucky,"$25,000 to $49,999",BlackOrAfricanAmerican,Associate's degree
55-64,Wisconsin,"$25,000 to $49,999",White,High school graduate (includes equivalency)
55-64,New Jersey,"$75,000 to $99,999",BlackOrAfricanAmerican,"Some college, no degree"
35-44,Texas,"$50,000 to $74,999",Asian,Less than 9th grade
55-64,Indiana,"Less than $25,000",Other,"Some college, no degree"
35-44,Florida,"$25,000 to $49,999",BlackOrAfricanAmerican,Associate's degree
65+,Louisiana,"Less than $25,000",White,Bachelor's degree
18-24,Minnesota,"$150,000 or greater",BlackOrAfricanAmerican,"9th to 12th grade, no diploma"
65+,South Carolina,"$50,000 to $74,999",White,"Some college, no degree"
55-64,Illinois,"Less than $25,000",BlackOrAfricanAmerican,"Some college, no degree"
45-54,Kansas,"$25,000 to $49,999",White,"Some college, no degree"
55-64,Tennessee,"Less than $25,000",White,High school graduate (includes equivalency)
65+,New Jersey,"$75,000 to $99,999",White,"Some college, no degree"
65+,New York,"$25,000 to $49,999",White,Bachelor's degree
25-34,South Carolina,"Less than $25,000",White,"Some college, no degree"
65+,Illinois,"$50,000 to $74,999",White,High school graduate (includes equivalency)
55-64,North Carolina,"$50,000 to $74,999",White,"Some college, no degree"
35-44,Delaware,"$75,000 to $99,999",BlackOrAfricanAmerican,Bachelor's degree
35-44,Georgia,"$100,000 to $149,999",White,"Graduate degree, professional degree or PhD"
65+,Ohio,"$25,000 to $49,999",White,"Some college, no degree"
65+,Florida,"Less than $25,000",White,High school graduate (includes equivalency)
55-64,Florida,"$75,000 to $99,999",White,Bachelor's degree
35-44,North Carolina,"$75,000 to $99,999",White,"Graduate degree, professional degree or PhD"
18-24,California,"$150,000 or greater",Asian,"Graduate degree, professional degree or PhD"
65+,Florida,"$25,000 to $49,999",White,High school graduate (includes equivalency)
18-24,Maryland,"Less than $25,000",Asian,"Some college, no degree"
65+,Illinois,"Less than $25,000",White,"9th to 12th grade, no diploma"
65+,Rhode Island,"$50,000 to $74,999",White,"Graduate degree, professional degree or PhD"
45-54,Pennsylvania,"Less than $25,000",White,High school graduate (includes equivalency)
65+,Missouri,"$25,000 to $49,999",White,High school graduate (includes equivalency)
18-24,New York,"Less than $25,000",White,Bachelor's degree
65+,Texas,"$75,000 to $99,999",White,Bachelor's degree
65+,Oklahoma,"$25,000 to $49,999",Other,Bachelor's degree
65+,California,"Less than $25,000",White,"Some college, no degree"
55-64,Alabama,"$150,000 or greater",Other,"Some college, no degree"
35-44,Massachusetts,"$150,000 or greater",White,"Graduate degree, professional degree or PhD"
35-44,North Carolina,"$150,000 or greater",White,Bachelor's degree
65+,Florida,"Less than $25,000",HispanicOrLatino,Bachelor's degree
35-44,Oregon,"$50,000 to $74,999",White,"Some college, no degree"
45-54,California,"Less than $25,000",White,High school graduate (includes equivalency)
65+,New Jersey,"$150,000 or greater",White,"Graduate degree, professional degree or PhD"
65+,Michigan,"$25,000 to $49,999",White,"Some college, no degree"
65+,Idaho,"$50,000 to $74,999",White,"Some college, no degree"
45-54,Missouri,"Less than $25,000",Other,"Some college, no degree"
65+,Arizona,"Less than $25,000",Other,"Some college, no degree"
35-44,California,"$100,000 to $149,999",White,"Graduate degree, professional degree or PhD"
45-54,California,"Less than $25,000",BlackOrAfricanAmerican,"Some college, no degree"
65+,Florida,"$150,000 or greater",White,"9th to 12th grade, no diploma"
55-64,Colorado,"$25,000 to $49,999",White,High school graduate (includes equivalency)
45-54,New Jersey,"Less than $25,000",BlackOrAfricanAmerican,High school graduate (includes equivalency)
65+,Louisiana,"$50,000 to $74,999",White,"Some college, no degree"
35-44,California,"$25,000 to $49,999",HispanicOrLatino,"9th to 12th grade, no diploma"
65+,Texas,"$25,000 to $49,999",Other,High school graduate (includes equivalency)
45-54,Illinois,"Less than $25,000",White,"Some college, no degree"
45-54,New Jersey,"$25,000 to $49,999",BlackOrAfricanAmerican,"Some college, no degree"
35-44,Georgia,"$100,000 to $149,999",White,"Graduate degree, professional degree or PhD"
35-44,Georgia,"$150,000 or greater",White,"Graduate degree, professional degree or PhD"
18-24,Missouri,"Less than $25,000",BlackOrAfricanAmerican,High school graduate (includes equivalency)
45-54,Connecticut,"$50,000 to $74,999",BlackOrAfricanAmerican,"Some college, no degree"
65+,Michigan,"$50,000 to $74,999",White,"Some college, no degree"
55-64,Alabama,"$50,000 to $74,999",BlackOrAfricanAmerican,Associate's degree
65+,Texas,"Less than $25,000",White,"Graduate degree, professional degree or PhD"
45-54,New York,"$25,000 to $49,999",White,High school graduate (includes equivalency)
18-24,Georgia,"$100,000 to $149,999",Asian,High school graduate (includes equivalency)
65+,Arkansas,"$25,000 to $49,999",Other,High school graduate (includes equivalency)
65+,New Jersey,"$150,000 or greater",White,"Graduate degree, professional degree or PhD"
55-64,North Carolina,"Less than $25,000",White,High school graduate (includes equivalency)
55-64,California,"$25,000 to $49,999",Other,"Some college, no degree"
65+,Utah,"$100,000 to $149,999",White,Bachelor's degree
55-64,Florida,"$100,000 to $149,999",White,"Some college, no degree"
55-64,Ohio,"$25,000 to $49,999",White,"Some college, no degree"
65+,Virginia,"$25,000 to $49,999",White,"Some college, no degree"
25-34,Colorado,"$75,000 to $99,999",White,Bachelor's degree
55-64,New Mexico,"$25,000 to $49,999",White,"Some college, no degree"
65+,Pennsylvania,"$75,000 to $99,999",White,Bachelor's degree
65+,Virginia,"$150,000 or greater",White,Bachelor's degree
65+,Utah,"$100,000 to $149,999",White,"Graduate degree, professional degree or PhD"
65+,California,"$50,000 to $74,999",White,Associate's degree
65+,New Mexico,"$50,000 to $74,999",White,"9th to 12th grade, no diploma"
55-64,New York,"$50,000 to $74,999",White,"Graduate degree, professional degree or PhD"
25-34,Ohio,"$25,000 to $49,999",White,"Some college, no degree"
65+,California,"$100,000 to $149,999",White,Associate's degree
18-24,Florida,"$75,000 to $99,999",White,"Some college, no degree"
65+,Ohio,"$25,000 to $49,999",White,"Some college, no degree"
18-24,Texas,"$25,000 to $49,999",Asian,No schooling completed
65+,Texas,"$150,000 or greater",White,Bachelor's degree
65+,Delaware,"$150,000 or greater",White,"Graduate degree, professional degree or PhD"
35-44,Georgia,"$150,000 or greater",White,"Graduate degree, professional degree or PhD"
25-34,Colorado,"$25,000 to $49,999",HispanicOrLatino,"9th to 12th grade, no diploma"
65+,Kansas,"$25,000 to $49,999",White,High school graduate (includes equivalency)
55-64,California,"Less than $25,000",HispanicOrLatino,"Some college, no degree"
55-64,North Dakota,"Less than $25,000",White,"Some college, no degree"
55-64,Maryland,"$100,000 to $149,999",White,Bachelor's degree
65+,Rhode Island,"$75,000 to $99,999",White,"Graduate degree, professional degree or PhD"
35-44,Texas,"$75,000 to $99,999",Other,Bachelor's degree
55-64,Pennsylvania,"$25,000 to $49,999",BlackOrAfricanAmerican,"9th to 12th grade, no diploma"
45-54,Pennsylvania,"Less than $25,000",White,"Some college, no degree"
45-54,Illinois,"$50,000 to $74,999",White,Bachelor's degree
18-24,Virginia,"$25,000 to $49,999",White,High school graduate (includes equivalency)
65+,Texas,"Less than $25,000",White,High school graduate (includes equivalency)
35-44,Mississippi,"$25,000 to $49,999",White,High school graduate (includes equivalency)
55-64,Oregon,"Less than $25,000",BlackOrAfricanAmerican,"Some college, no degree"
25-34,Michigan,"$25,000 to $49,999",White,High school graduate (includes equivalency)
35-44,Arkansas,"$25,000 to $49,999",White,"9th to 12th grade, no diploma"
65+,Tennessee,"Less than $25,000",White,High school graduate (includes equivalency)
65+,Utah,"$75,000 to $99,999",White,"Graduate degree, professional degree or PhD"
65+,Indiana,"Less than $25,000",White,High school graduate (includes equivalency)
55-64,Mississippi,"Less than $25,000",White,High school graduate (includes equivalency)
65+,Florida,"$100,000 to $149,999",White,Bachelor's degree
55-64,California,"$150,000 or greater",White,"Some college, no degree"
65+,Florida,"Less than $25,000",BlackOrAfricanAmerican,High school graduate (includes equivalency)
18-24,New Jersey,"Less than $25,000",BlackOrAfricanAmerican,"Some college, no degree"
65+,Illinois,"$150,000 or greater",BlackOrAfricanAmerican,High school graduate (includes equivalency)
65+,Texas,"$150,000 or greater",White,"Graduate degree, professional degree or PhD"
45-54,Michigan,"Less than $25,000",White,No schooling completed
45-54,Washington,"Less than $25,000",Other,Associate's degree
65+,Pennsylvania,"$75,000 to $99,999",BlackOrAfricanAmerican,"Some college, no degree"
18-24,Washington,"$50,000 to $74,999",Other,Associate's degree
45-54,New York,"Less than $25,000",White,High school graduate (includes equivalency)
65+,Missouri,"Less than $25,000",White,"Some college, no degree"
18-24,Illinois,"$100,000 to $149,999",BlackOrAfricanAmerican,Bachelor's degree
55-64,Pennsylvania,"$50,000 to $74,999",White,High school graduate (includes equivalency)
65+,New Jersey,"$25,000 to $49,999",White,Bachelor's degree
45-54,North Carolina,"$100,000 to $149,999",White,Associate's degree
65+,Michigan,"$25,000 to $49,999",White,"Some college, no degree"
35-44,Iowa,"$150,000 or greater",White,Bachelor's degree
55-64,Georgia,"Less than $25,000",White,High school graduate (includes equivalency)
55-64,California,"$150,000 or greater",White,High school graduate (includes equivalency)
65+,Iowa,"$50,000 to $74,999",White,"Graduate degree, professional degree or PhD"
55-64,Illinois,"$25,000 to $49,999",White,High school graduate (includes equivalency)
55-64,Texas,"$75,000 to $99,999",White,Associate's degree
18-24,Georgia,"$75,000 to $99,999",Other,No schooling completed
35-44,Iowa,"$25,000 to $49,999",White,"Some college, no degree"
65+,Pennsylvania,"$150,000 or greater",White,Bachelor's degree
35-44,New York,"$100,000 to $149,999",White,"Graduate degree, professional degree or PhD"
35-44,New Jersey,"$50,000 to $74,999",BlackOrAfricanAmerican,Associate's degree
45-54,Florida,"$25,000 to $49,999",White,"Some college, no degree"
25-34,West Virginia,"$50,000 to $74,999",Other,"Some college, no degree"
65+,Hawaii,"$100,000 to $149,999",White,"Graduate degree, professional degree or PhD"
35-44,Georgia,"$50,000 to $74,999",Asian,High school graduate (includes equivalency)
65+,Utah,"Less than $25,000",White,"Some college, no degree"
55-64,Wisconsin,"$150,000 or greater",White,Associate's degree
65+,New York,"Less than $25,000",HispanicOrLatino,"Some college, no degree"
65+,North Carolina,"Less than $25,000",White,Associate's degree
55-64,New Jersey,"$25,000 to $49,999",BlackOrAfricanAmerican,Bachelor's degree
55-64,New York,"$150,000 or greater",White,"Some college, no degree"
55-64,Kentucky,"$75,000 to $99,999",White,"Some college, no degree"
55-64,Arkansas,"$25,000 to $49,999",White,"9th to 12th grade, no diploma"
35-44,Ohio,"$100,000 to $149,999",White,Bachelor's degree
65+,Oregon,"$25,000 to $49,999",White,No schooling completed
65+,Indiana,"$75,000 to $99,999",White,"Graduate degree, professional degree or PhD"
65+,Texas,"Less than $25,000",White,High school graduate (includes equivalency)
18-24,Connecticut,"$75,000 to $99,999",White,Bachelor's degree
55-64,Rhode Island,"$100,000 to $149,999",White,Bachelor's degree
65+,Georgia,"Less than $25,000",BlackOrAfricanAmerican,High school graduate (includes equivalency)
45-54,Kansas,"$150,000 or greater",White,"Graduate degree, professional degree or PhD"
45-54,California,"$50,000 to $74,999",White,Associate's degree
65+,Missouri,"$25,000 to $49,999",White,High school graduate (includes equivalency)
55-64,Maryland,"$25,000 to $49,999",White,"Some college, no degree"
35-44,Kentucky,"$25,000 to $49,999",White,High school graduate (includes equivalency)
35-44,California,"$50,000 to $74,999",HispanicOrLatino,"Some college, no degree"
65+,California,"$100,000 to $149,999",White,No schooling completed
55-64,Texas,"$25,000 to $49,999",White,"Some college, no degree"
45-54,Washington,"$75,000 to $99,999",White,"Some college, no degree"
65+,Texas,"$25,000 to $49,999",White,Associate's degree
55-64,Alabama,"$100,000 to $149,999",White,"Some college, no degree"
45-54,Texas,"$25,000 to $49,999",HispanicOrLatino,"Some college, no degree"
65+,Ohio,"Less than $25,000",White,"Some college, no degree"
65+,California,"$50,000 to $74,999",White,"9th to 12th grade, no diploma"
55-64,Florida,"$25,000 to $49,999",White,"Some college, no degree"
45-54,Pennsylvania,"$100,000 to $149,999",White,Bachelor's degree
35-44,Massachusetts,"$50,000 to $74,999",White,Bachelor's degree
55-64,Massachusetts,"$25,000 to $49,999",White,Bachelor's degree
35-44,New York,"$100,000 to $149,999",White,"Graduate degree, professional degree or PhD"
45-54,Indiana,"Less than $25,000",BlackOrAfricanAmerican,Associate's degree
65+,Texas,"Less than $25,000",BlackOrAfricanAmerican,High school graduate (includes equivalency)
25-34,California,"$50,000 to $74,999",White,Bachelor's degree
65+,Illinois,"$25,000 to $49,999",White,Associate's degree
55-64,Ohio,"$150,000 or greater",White,Bachelor's degree
45-54,Arizona,"$75,000 to $99,999",White,"Some college, no degree"
65+,Florida,"$25,000 to $49,999",White,Bachelor's degree
65+,Louisiana,"Less than $25,000",Asian,Less than 9th grade
45-54,Kentucky,"Less than $25,000",White,"Some college, no degree"
45-54,New York,"$150,000 or greater",White,Bachelor's degree
65+,Iowa,"Less than $25,000",White,"9th to 12th grade, no diploma"
18-24,Virginia,"$100,000 to $149,999",White,Bachelor's degree
18-24,Indiana,"Less than $25,000",White,"9th to 12th grade, no diploma"
35-44,Kentucky,"$25,000 to $49,999",White,High school graduate (includes equivalency)
45-54,New York,"$75,000 to $99,999",White,"Some college, no degree"
25-34,Ohio,"$150,000 or greater",HispanicOrLatino,"Some college, no degree"
35-44,Texas,"$150,000 or greater",White,High school graduate (includes equivalency)
25-34,Massachusetts,"$50,000 to $74,999",HispanicOrLatino,"Some college, no degree"
65+,Georgia,"$75,000 to $99,999",White,High school graduate (includes equivalency)
35-44,New Jersey,"$25,000 to $49,999",Asian,"Some college, no degree"
65+,Massachusetts,"$150,000 or greater",White,High school graduate (includes equivalency)
65+,Illinois,"$25,000 to $49,999",White,High school graduate (includes equivalency)
35-44,Arizona,"Less than $25,000",White,"Some college, no degree"
65+,South Carolina,"$150,000 or greater",BlackOrAfricanAmerican,Bachelor's degree
55-64,Arizona,"$25,000 to $49,999",BlackOrAfricanAmerican,Bachelor's degree
65+,Texas,"$50,000 to $74,999",HispanicOrLatino,Associate's degree
18-24,California,"$50,000 to $74,999",HispanicOrLatino,"Some college, no degree"
65+,Kansas,"$25,000 to $49,999",White,High school graduate (includes equivalency)
25-34,Michigan,"$25,000 to $49,999",White,Bachelor's degree
55-64,Florida,"$100,000 to $149,999",White,"Some college, no degree"
55-64,Ohio,"Less than $25,000",White,Less than 9th grade
55-64,North Carolina,"$75,000 to $99,999",White,Associate's degree
55-64,Michigan,"$50,000 to $74,999",White,"Some college, no degree"
25-34,Dc,"$50,000 to $74,999",BlackOrAfricanAmerican,Bachelor's degree
45-54,Tennessee,"Less than $25,000",BlackOrAfricanAmerican,High school graduate (includes equivalency)
45-54,Louisiana,"$75,000 to $99,999",White,Associate's degree
18-24,Pennsylvania,"Less than $25,000",White,Less than 9th grade
65+,South Carolina,"$25,000 to $49,999",White,Bachelor's degree
35-44,California,"$150,000 or greater",White,"Graduate degree, professional degree or PhD"
45-54,Kansas,"$50,000 to $74,999",White,Associate's degree
55-64,Tennessee,"Less than $25,000",White,"9th to 12th grade, no diploma"
65+,Maryland,"$100,000 to $149,999",White,"9th to 12th grade, no diploma"
65+,Texas,"$150,000 or greater",White,No schooling completed
18-24,California,"$75,000 to $99,999",White,"Some college, no degree"
25-34,Pennsylvania,"$25,000 to $49,999",White,Associate's degree
65+,Florida,"Less than $25,000",White,Bachelor's degree
65+,Virginia,"Less than $25,000",White,"Some college, no degree"
45-54,California,"$25,000 to $49,999",HispanicOrLatino,Associate's degree
45-54,New York,"Less than $25,000",HispanicOrLatino,Less than 9th grade
65+,Indiana,"$25,000 to $49,999",BlackOrAfricanAmerican,"Graduate degree, professional degree or PhD"
35-44,Illinois,"$150,000 or greater",White,"Some college, no degree"
55-64,Wisconsin,"$25,000 to $49,999",White,Associate's degree
65+,Florida,"$25,000 to $49,999",HispanicOrLatino,Associate's degree
45-54,Texas,"$25,000 to $49,999",White,High school graduate (includes equivalency)
18-24,New Mexico,"$25,000 to $49,999",Other,"Some college, no degree"
45-54,Massachusetts,"$25,000 to $49,999",White,High school graduate (includes equivalency)
45-54,Illinois,"Less than $25,000",White,"Some college, no degree"
45-54,New Jersey,"$75,000 to $99,999",White,"Graduate degree, professional degree or PhD"
55-64,Florida,"Less than $25,000",HispanicOrLatino,Associate's degree
55-64,Illinois,"$50,000 to $74,999",White,Bachelor's degree
35-44,Pennsylvania,"$50,000 to $74,999",White,"Some college, no degree"
65+,California,"Less than $25,000",White,Less than 9th grade
25-34,California,"$25,000 to $49,999",White,Associate's degree
35-44,Virginia,"Less than $25,000",White,High school graduate (includes equivalency)
18-24,Tennessee,"Less than $25,000",White,"Some college, no degree"
25-34,Georgia,"$25,000 to $49,999",BlackOrAfricanAmerican,High school graduate (includes equivalency)
65+,California,"$25,000 to $49,999",White,"Some college, no degree"
55-64,California,"Less than $25,000",BlackOrAfricanAmerican,Less than 9th grade
55-64,Colorado,"$75,000 to $99,999",White,Bachelor's degree
45-54,Pennsylvania,"$50,000 to $74,999",White,"Some college, no degree"
65+,Kentucky,"Less than $25,000",White,"9th to 12th grade, no diploma"
65+,Georgia,"Less than $25,000",White,"Some college, no degree"
25-34,Florida,"$25,000 to $49,999",White,"Some college, no degree"
65+,Arkansas,"Less than $25,000",White,High school graduate (includes equivalency)
65+,California,"$75,000 to $99,999",White,Bachelor's degree
35-44,Maryland,"$75,000 to $99,999",BlackOrAfricanAmerican,"Graduate degree, professional degree or PhD"
65+,Georgia,"$25,000 to $49,999",White,Associate's degree
55-64,California,"$100,000 to $149,999",HispanicOrLatino,"9th to 12th grade, no diploma"
65+,Oregon,"Less than $25,000",White,"Some college, no degree"
18-24,Minnesota,"$25,000 to $49,999",Asian,Bachelor's degree
45-54,Georgia,"Less than $25,000",BlackOrAfricanAmerican,"Some college, no degree"
18-24,California,"$50,000 to $74,999",White,Bachelor's degree
45-54,Colorado,"Less than $25,000",White,"9th to 12th grade, no diploma"
55-64,Tennessee,"Less than $25,000",White,Less than 9th grade
65+,Ohio,"$25,000 to $49,999",White,"Graduate degree, professional degree or PhD"
55-64,Georgia,"$100,000 to $149,999",White,No schooling completed
18-24,Arkansas,"Less than $25,000",BlackOrAfricanAmerican,High school graduate (includes equivalency)
65+,North Carolina,"$25,000 to $49,999",White,Bachelor's degree
65+,New York,"$25,000 to $49,999",White,"Some college, no degree"
45-54,Indiana,"Less than $25,000",White,Associate's degree
18-24,Illinois,"Less than $25,000",White,"9th to 12th grade, no diploma"
65+,North Carolina,"$150,000 or greater",White,"9th to 12th grade, no diploma"
55-64,California,"Less than $25,000",White,"Some college, no degree"
65+,North Carolina,"$25,000 to $49,999",White,High school graduate (includes equivalency)
55-64,Mississippi,"Less than $25,000",White,High school graduate (includes equivalency)
18-24,North Carolina,"$25,000 to $49,999",BlackOrAfricanAmerican,"Some college, no degree"
55-64,Texas,"$25,000 to $49,999",White,"Some college, no degree"
55-64,Georgia,"$25,000 to $49,999",White,Bachelor's degree
65+,Arizona,"$50,000 to $74,999",BlackOrAfricanAmerican,Bachelor's degree
55-64,California,"$25,000 to $49,999",White,"Some college, no degree"
55-64,Alabama,"$150,000 or greater",BlackOrAfricanAmerican,"9th to 12th grade, no diploma"
55-64,Tennessee,"$25,000 to $49,999",White,"Some college, no degree"
55-64,Texas,"$100,000 to $149,999",White,"Some college, no degree"
55-64,New York,"Less than $25,000",HispanicOrLatino,High school graduate (includes equivalency)
55-64,North Carolina,"Less than $25,000",BlackOrAfricanAmerican,"9th to 12th grade, no diploma"
18-24,Georgia,"$150,000 or greater",BlackOrAfricanAmerican,No schooling completed
55-64,Florida,"$75,000 to $99,999",White,Associate's degree
18-24,Alabama,"$100,000 to $149,999",BlackOrAfricanAmerican,High school graduate (includes equivalency)
35-44,Dc,"Less than $25,000",White,High school graduate (includes equivalency)
65+,Tennessee,"$25,000 to $49,999",White,"Some college, no degree"
65+,Arizona,"$25,000 to $49,999",White,"Some college, no degree"
45-54,Washington,"Less than $25,000",White,"Some college, no degree"
65+,Virginia,"Less than $25,000",BlackOrAfricanAmerican,High school graduate (includes equivalency)
65+,New York,"Less than $25,000",White,High school graduate (includes equivalency)
45-54,California,"$100,000 to $149,999",Other,High school graduate (includes equivalency)
25-34,Florida,"$100,000 to $149,999",White,"Graduate degree, professional degree or PhD"
45-54,Florida,"$25,000 to $49,999",White,"Some college, no degree"
55-64,California,"$50,000 to $74,999",White,"Some college, no degree"
18-24,Pennsylvania,"$50,000 to $74,999",White,Associate's degree
55-64,Pennsylvania,"$75,000 to $99,999",White,Associate's degree
25-34,California,"$100,000 to $149,999",White,"Graduate degree, professional degree or PhD"
65+,Maryland,"Less than $25,000",White,High school graduate (includes equivalency)
55-64,Alabama,"$150,000 or greater",Other,"Graduate degree, professional degree or PhD"
55-64,Georgia,"$50,000 to $74,999",Other,Bachelor's degree
65+,Tennessee,"$150,000 or greater",White,Bachelor's degree
45-54,Florida,"$75,000 to $99,999",White,Associate's degree
65+,California,"Less than $25,000",White,"Some college, no degree"
55-64,Pennsylvania,"Less than $25,000",White,High school graduate (includes equivalency)
65+,Virginia,"$150,000 or greater",BlackOrAfricanAmerican,"Graduate degree, professional degree or PhD"
55-64,Michigan,"$150,000 or greater",Other,Bachelor's degree
25-34,Florida,"$25,000 to $49,999",White,Bachelor's degree
65+,Texas,"$100,000 to $149,999",White,"Graduate degree, professional degree or PhD"
18-24,Florida,"$25,000 to $49,999",Other,"Graduate degree, professional degree or PhD"
45-54,Mississippi,"$100,000 to $149,999",White,High school graduate (includes equivalency)
45-54,Arkansas,"Less than $25,000",White,"Some college, no degree"
35-44,New York,"$50,000 to $74,999",White,"Some college, no degree"
55-64,Michigan,"$150,000 or greater",White,Bachelor's degree
65+,Pennsylvania,"Less than $25,000",Other,"Some college, no degree"
35-44,Tennessee,"$25,000 to $49,999",White,"Some college, no degree"
18-24,Washington,"$150,000 or greater",White,"Some college, no degree"
25-34,Michigan,"$100,000 to $149,999",White,Bachelor's degree
45-54,Ohio,"$75,000 to $99,999",White,"9th to 12th grade, no diploma"
25-34,Ohio,"$25,000 to $49,999",White,High school graduate (includes equivalency)
65+,West Virginia,"Less than $25,000",White,High school graduate (includes equivalency)
55-64,Indiana,"Less than $25,000",White,Associate's degree
65+,Wisconsin,"$50,000 to $74,999",White,High school graduate (includes equivalency)
35-44,Illinois,"Less than $25,000",HispanicOrLatino,High school graduate (includes equivalency)
55-64,Wisconsin,"$25,000 to $49,999",White,Associate's degree
65+,Utah,"$25,000 to $49,999",HispanicOrLatino,High school graduate (includes equivalency)
55-64,Georgia,"Less than $25,000",White,"Graduate degree, professional degree or PhD"
35-44,Florida,"$25,000 to $49,999",White,"Some college, no degree"
65+,Colorado,"$25,000 to $49,999",White,Bachelor's degree
65+,Maryland,"Less than $25,000",HispanicOrLatino,High school graduate (includes equivalency)
55-64,New Jersey,"$100,000 to $149,999",White,High school graduate (includes equivalency)
35-44,New York,"$25,000 to $49,999",White,"9th to 12th grade, no diploma"
18-24,Pennsylvania,"$25,000 to $49,999",Asian,"Some college, no degree"
55-64,New Hampshire,"$25,000 to $49,999",White,Associate's degree
55-64,Minnesota,"$100,000 to $149,999",White,"Some college, no degree"
18-24,Colorado,"$50,000 to $74,999",White,High school graduate (includes equivalency)
65+,Ohio,"Less than $25,000",White,Less than 9th grade
65+,Kentucky,"Less than $25,000",White,Bachelor's degree
55-64,California,"Less than $25,000",White,Associate's degree
65+,Pennsylvania,"$75,000 to $99,999",White,"Some college, no degree"
65+,Pennsylvania,"$50,000 to $74,999",White,High school graduate (includes equivalency)
55-64,Ohio,"$25,000 to $49,999",White,"Some college, no degree"
55-64,Virginia,"$100,000 to $149,999",White,"Some college, no degree"
35-44,New York,"$25,000 to $49,999",White,"Graduate degree, professional degree or PhD"
65+,Ohio,"$50,000 to $74,999",White,Bachelor's degree
65+,Iowa,"$25,000 to $49,999",White,High school graduate (includes equivalency)
65+,Oklahoma,"$50,000 to $74,999",BlackOrAfricanAmerican,"Some college, no degree"
55-64,New York,"Less than $25,000",Other,"Graduate degree, professional degree or PhD"
65+,Missouri,"$150,000 or greater",White,"Graduate degree, professional degree or PhD"
18-24,South Carolina,"Less than $25,000",White,"Some college, no degree"
55-64,New York,"Less than $25,000",White,"9th to 12th grade, no diploma"
18-24,Illinois,"$25,000 to $49,999",HispanicOrLatino,High school graduate (includes equivalency)
55-64,Illinois,"$25,000 to $49,999",White,"Some college, no degree"
55-64,California,"$50,000 to $74,999",White,Bachelor's degree
65+,Ohio,"$75,000 to $99,999",White,"Some college, no degree"
35-44,Alabama,"$25,000 to $49,999",BlackOrAfricanAmerican,"Some college, no degree"
55-64,Wisconsin,"$100,000 to $149,999",White,High school graduate (includes equivalency)
65+,California,"$25,000 to $49,999",White,"Graduate degree, professional degree or PhD"
45-54,Washington,"$50,000 to $74,999",White,Associate's degree
18-24,Wisconsin,"$75,000 to $99,999",White,High school graduate (includes equivalency)
45-54,Pennsylvania,"$50,000 to $74,999",BlackOrAfricanAmerican,Bachelor's degree
35-44,Alabama,"Less than $25,000",White,"9th to 12th grade, no diploma"
55-64,North Carolina,"Less than $25,000",Other,"Some college, no degree"
65+,Maine,"$75,000 to $99,999",White,"Some college, no degree"
45-54,Colorado,"$50,000 to $74,999",White,"Graduate degree, professional degree or PhD"
45-54,New York,"$25,000 to $49,999",White,Bachelor's degree
65+,New York,"$75,000 to $99,999",White,High school graduate (includes equivalency)
45-54,Colorado,"$50,000 to $74,999",HispanicOrLatino,Associate's degree
65+,Arizona,"$100,000 to $149,999",Asian,"Some college, no degree"
65+,Utah,"$50,000 to $74,999",White,Associate's degree
65+,Ohio,"$25,000 to $49,999",White,Bachelor's degree
45-54,Illinois,"$75,000 to $99,999",White,"9th to 12th grade, no diploma"
65+,Oklahoma,"$150,000 or greater",White,No schooling completed
65+,California,"$75,000 to $99,999",White,"Graduate degree, professional degree or PhD"
35-44,Georgia,"$25,000 to $49,999",Asian,Bachelor's degree
55-64,Texas,"$150,000 or greater",White,"Graduate degree, professional degree or PhD"
65+,Ohio,"$75,000 to $99,999",White,"Graduate degree, professional degree or PhD"
65+,Florida,"$100,000 to $149,999",White,"Graduate degree, professional degree or PhD"
65+,Colorado,"$50,000 to $74,999",BlackOrAfricanAmerican,"Some college, no degree"
18-24,Georgia,"Less than $25,000",BlackOrAfricanAmerican,Associate's degree
65+,Michigan,"$50,000 to $74,999",White,Associate's degree
55-64,Illinois,"$50,000 to $74,999",White,"Some college, no degree"
55-64,Wisconsin,"$50,000 to $74,999",White,Bachelor's degree
55-64,Idaho,"$150,000 or greater",White,"Graduate degree, professional degree or PhD"
65+,Arizona,"$75,000 to $99,999",White,Bachelor's degree
55-64,Wisconsin,"$100,000 to $149,999",White,High school graduate (includes equivalency)
55-64,Colorado,"$75,000 to $99,999",White,"Some college, no degree"
55-64,North Carolina,"Less than $25,000",White,Bachelor's degree
18-24,Pennsylvania,"$25,000 to $49,999",Other,"Some college, no degree"
65+,New York,"$25,000 to $49,999",White,High school graduate (includes equivalency)
25-34,Connecticut,"$150,000 or greater",White,"Some college, no degree"
65+,Virginia,"$50,000 to $74,999",White,Associate's degree
65+,Georgia,"Less than $25,000",White,High school graduate (includes equivalency)
18-24,Texas,"Less than $25,000",White,"9th to 12th grade, no diploma"
55-64,Indiana,"Less than $25,000",White,High school graduate (includes equivalency)
55-64,Michigan,"Less than $25,000",BlackOrAfricanAmerican,"9th to 12th grade, no diploma"
18-24,Iowa,"$50,000 to $74,999",Other,"Graduate degree, professional degree or PhD"
55-64,Pennsylvania,"$100,000 to $149,999",White,"Some college, no degree"
55-64,Oklahoma,"Less than $25,000",White,"Some college, no degree"
45-54,Oklahoma,"$50,000 to $74,999",Asian,"9th to 12th grade, no diploma"
65+,Iowa,"$100,000 to $149,999",White,"Graduate degree, professional degree or PhD"
65+,New Mexico,"$50,000 to $74,999",HispanicOrLatino,Bachelor's degree
65+,North Carolina,"$150,000 or greater",BlackOrAfricanAmerican,Associate's degree
55-64,California,"$150,000 or greater",White,Bachelor's degree
25-34,West Virginia,"$100,000 to $149,999",White,Bachelor's degree
35-44,Oregon,"$50,000 to $74,999",Other,"Graduate degree, professional degree or PhD"
45-54,Alabama,"Less than $25,000",White,High school graduate (includes equivalency)
18-24,Colorado,"$25,000 to $49,999",White,Bachelor's degree
45-54,Georgia,"$150,000 or greater",BlackOrAfricanAmerican,High school graduate (includes equivalency)
45-54,North Carolina,"$25,000 to $49,999",BlackOrAfricanAmerican,Associate's degree
55-64,California,"$150,000 or greater",White,"Graduate degree, professional degree or PhD"
55-64,South Carolina,"$75,000 to $99,999",White,Associate's degree
18-24,New York,"Less than $25,000",White,High school graduate (includes equivalency)
65+,Florida,"Less than $25,000",White,Bachelor's degree
35-44,Missouri,"Less than $25,000",White,"Some college, no degree"
55-64,California,"$25,000 to $49,999",White,"Some college, no degree"
55-64,North Carolina,"$25,000 to $49,999",White,Bachelor's degree
65+,Florida,"$50,000 to $74,999",White,"Graduate degree, professional degree or PhD"
55-64,Michigan,"$50,000 to $74,999",BlackOrAfricanAmerican,Associate's degree
18-24,Nebraska,"Less than $25,000",White,"9th to 12th grade, no diploma"
55-64,South Dakota,"Less than $25,000",HispanicOrLatino,High school graduate (includes equivalency)
65+,Connecticut,"$100,000 to $149,999",White,High school graduate (includes equivalency)
65+,Arizona,"Less than $25,000",BlackOrAfricanAmerican,"Some college, no degree"
35-44,Georgia,"$150,000 or greater",White,"Graduate degree, professional degree or PhD"
55-64,California,"$75,000 to $99,999",White,Bachelor's degree
65+,North Carolina,"$50,000 to $74,999",White,Associate's degree
65+,Massachusetts,"$25,000 to $49,999",White,"Some college, no degree"
65+,Louisiana,"$25,000 to $49,999",White,"Some college, no degree"
45-54,South Carolina,"$150,000 or greater",White,"Graduate degree, professional degree or PhD"
65+,Indiana,"Less than $25,000",White,Bachelor's degree
65+,Colorado,"Less than $25,000",White,Associate's degree
55-64,Illinois,"Less than $25,000",White,"Some college, no degree"
65+,Minnesota,"$50,000 to $74,999",White,High school graduate (includes equivalency)
25-34,California,"Less than $25,000",HispanicOrLatino,High school graduate (includes equivalency)
65+,New Jersey,"$75,000 to $99,999",Other,"Some college, no degree"
65+,South Carolina,"$100,000 to $149,999",White,Bachelor's degree
35-44,Indiana,"$75,000 to $99,999",White,Associate's degree
45-54,Massachusetts,"$100,000 to $149,999",White,Bachelor's degree
45-54,Missouri,"Less than $25,000",White,Bachelor's degree
55-64,California,"Less than $25,000",HispanicOrLatino,"Some college, no degree"
25-34,Washington,"$75,000 to $99,999",White,Associate's degree
25-34,Rhode Island,"Less than $25,000",White,High school graduate (includes equivalency)
55-64,Oregon,"Less than $25,000",White,Bachelor's degree
25-34,Tennessee,"$25,000 to $49,999",White,Bachelor's degree
55-64,Vermont,"$100,000 to $149,999",White,Associate's degree
55-64,Texas,"$25,000 to $49,999",White,Associate's degree
65+,Alabama,"$100,000 to $149,999",BlackOrAfricanAmerican,"Some college, no degree"
45-54,North Carolina,"$150,000 or greater",White,"Graduate degree, professional degree or PhD"
25-34,New Jersey,"Less than $25,000",White,No schooling completed
65+,Alabama,"$150,000 or greater",White,High school graduate (includes equivalency)
55-64,Missouri,"$25,000 to $49,999",White,Bachelor's degree
18-24,Maryland,"$25,000 to $49,999",White,"Some college, no degree"
55-64,Virginia,"$150,000 or greater",White,"Graduate degree, professional degree or PhD"
65+,Texas,"$75,000 to $99,999",White,Associate's degree
55-64,Louisiana,"$150,000 or greater",White,"Graduate degree, professional degree or PhD"
35-44,Illinois,"Less than $25,000",White,"Graduate degree, professional degree or PhD"
55-64,Wisconsin,"$25,000 to $49,999",White,Bachelor's degree
25-34,Georgia,"$50,000 to $74,999",White,High school graduate (includes equivalency)
45-54,New Jersey,"Less than $25,000",BlackOrAfricanAmerican,High school graduate (includes equivalency)
55-64,New Jersey,"$50,000 to $74,999",White,Bachelor's degree
55-64,Indiana,"$150,000 or greater",White,"Graduate degree, professional degree or PhD"
55-64,Washington,"Less than $25,000",White,High school graduate (includes equivalency)
35-44,New York,"$150,000 or greater",White,"Graduate degree, professional degree or PhD"
55-64,Idaho,"$25,000 to $49,999",Other,"Some college, no degree"
55-64,Texas,"$25,000 to $49,999",White,Bachelor's degree
25-34,New York,"$150,000 or greater",White,"Graduate degree, professional degree or PhD"
55-64,Ohio,"$50,000 to $74,999",White,Bachelor's degree
25-34,Illinois,"$75,000 to $99,999",White,"9th to 12th grade, no diploma"
65+,California,"$50,000 to $74,999",White,Bachelor's degree
18-24,Texas,"Less than $25,000",HispanicOrLatino,"9th to 12th grade, no diploma"
65+,Tennessee,"$25,000 to $49,999",White,"Some college, no degree"
45-54,Alabama,"$25,000 to $49,999",White,High school graduate (includes equivalency)
18-24,Wisconsin,"$25,000 to $49,999",White,High school graduate (includes equivalency)
55-64,New York,"$75,000 to $99,999",White,Bachelor's degree
18-24,Georgia,"$25,000 to $49,999",BlackOrAfricanAmerican,"Some college, no degree"
65+,California,"$25,000 to $49,999",White,Associate's degree
65+,Kansas,"$25,000 to $49,999",White,"Some college, no degree"
35-44,California,"Less than $25,000",White,High school graduate (includes equivalency)
65+,New Mexico,"$25,000 to $49,999",HispanicOrLatino,High school graduate (includes equivalency)
35-44,Illinois,"$25,000 to $49,999",Other,"Some college, no degree"
18-24,North Carolina,"$75,000 to $99,999",White,High school graduate (includes equivalency)
65+,Wisconsin,"$50,000 to $74,999",Other,High school graduate (includes equivalency)
55-64,Utah,"Less than $25,000",HispanicOrLatino,High school graduate (includes equivalency)
65+,Utah,"$75,000 to $99,999",White,"Some college, no degree"
65+,Texas,"Less than $25,000",HispanicOrLatino,"Some college, no degree"
45-54,Pennsylvania,"$50,000 to $74,999",White,Associate's degree
25-34,Oregon,"$50,000 to $74,999",White,"Some college, no degree"
25-34,Tennessee,"$50,000 to $74,999",White,"Some college, no degree"
18-24,New York,"$100,000 to $149,999",White,"Some college, no degree"
55-64,South Carolina,"$25,000 to $49,999",White,Bachelor's degree
45-54,New York,"$100,000 to $149,999",White,High school graduate (includes equivalency)
35-44,Texas,"Less than $25,000",White,High school graduate (includes equivalency)
35-44,Oklahoma,"$25,000 to $49,999",White,"Some college, no degree"
35-44,Oregon,"Less than $25,000",Other,"9th to 12th grade, no diploma"
35-44,Alabama,"Less than $25,000",Other,"Graduate degree, professional degree or PhD"
18-24,South Carolina,"Less than $25,000",HispanicOrLatino,"Some college, no degree"
25-34,Michigan,"$150,000 or greater",Other,"Graduate degree, professional degree or PhD"
45-54,Ohio,"Less than $25,000",BlackOrAfricanAmerican,High school graduate (includes equivalency)
65+,Texas,"$150,000 or greater",White,"Some college, no degree"
45-54,New York,"$50,000 to $74,999",White,"Some college, no degree"
18-24,Texas,"Less than $25,000",HispanicOrLatino,High school graduate (includes equivalency)
55-64,South Carolina,"Less than $25,000",BlackOrAfricanAmerican,High school graduate (includes equivalency)
45-54,Tennessee,"$25,000 to $49,999",BlackOrAfricanAmerican,"Some college, no degree"
55-64,South Carolina,"$25,000 to $49,999",HispanicOrLatino,"Some college, no degree"
55-64,California,"$150,000 or greater",Other,Bachelor's degree
25-34,Georgia,"$25,000 to $49,999",White,"Some college, no degree"
55-64,Florida,"$100,000 to $149,999",White,"Graduate degree, professional degree or PhD"
65+,Florida,"Less than $25,000",White,"Some college, no degree"
55-64,Pennsylvania,"$25,000 to $49,999",White,"Some college, no degree"
18-24,Texas,"Less than $25,000",White,Bachelor's degree
25-34,New York,"Less than $25,000",White,"Some college, no degree"
65+,Florida,"Less than $25,000",HispanicOrLatino,"9th to 12th grade, no diploma"
65+,New York,"$100,000 to $149,999",White,High school graduate (includes equivalency)
55-64,Maine,"$50,000 to $74,999",White,"Some college, no degree"
55-64,Georgia,"$25,000 to $49,999",White,"Some college, no degree"
18-24,Virginia,"$50,000 to $74,999",White,"Some college, no degree"
45-54,Virginia,"$150,000 or greater",White,Associate's degree
65+,Pennsylvania,"$50,000 to $74,999",White,"Some college, no degree"
45-54,Mississippi,"$25,000 to $49,999",White,Associate's degree
45-54,Washington,"$150,000 or greater",White,High school graduate (includes equivalency)
65+,Ohio,"Less than $25,000",Other,"Some college, no degree"
25-34,Texas,"$25,000 to $49,999",Other,"Some college, no degree"
65+,Pennsylvania,"$75,000 to $99,999",White,Bachelor's degree
35-44,North Carolina,"$100,000 to $149,999",White,Bachelor's degree
45-54,South Carolina,"$25,000 to $49,999",BlackOrAfricanAmerican,Bachelor's degree
65+,New York,"$50,000 to $74,999",White,Less than 9th grade
55-64,California,"$100,000 to $149,999",White,Bachelor's degree
45-54,Texas,"$25,000 to $49,999",HispanicOrLatino,"Some college, no degree"
55-64,Tennessee,"Less than $25,000",White,"Some college, no degree"
65+,Pennsylvania,"$100,000 to $149,999",White,"Graduate degree, professional degree or PhD"
65+,Texas,"$75,000 to $99,999",White,Bachelor's degree
35-44,Michigan,"$25,000 to $49,999",White,"Some college, no degree"
35-44,Dc,"$25,000 to $49,999",BlackOrAfricanAmerican,"Some college, no degree"
65+,Michigan,"$50,000 to $74,999",White,Associate's degree
35-44,Nebraska,"$50,000 to $74,999",White,"Graduate degree, professional degree or PhD"
35-44,Illinois,"$25,000 to $49,999",BlackOrAfricanAmerican,Bachelor's degree
18-24,Arizona,"$150,000 or greater",Other,No schooling completed
35-44,North Carolina,"$25,000 to $49,999",White,"Some college, no degree"
55-64,Washington,"Less than $25,000",White,"Graduate degree, professional degree or PhD"
55-64,New Hampshire,"$100,000 to $149,999",White,Associate's degree
45-54,New York,"$150,000 or greater",White,Bachelor's degree
18-24,Pennsylvania,"$100,000 to $149,999",White,"9th to 12th grade, no diploma"
55-64,New York,"$100,000 to $149,999",White,"Graduate degree, professional degree or PhD"
65+,Florida,"$100,000 to $149,999",White,"Graduate degree, professional degree or PhD"
65+,California,"$75,000 to $99,999",White,"Graduate degree, professional degree or PhD"
45-54,Kansas,"$50,000 to $74,999",White,Associate's degree
65+,Michigan,"$25,000 to $49,999",White,High school graduate (includes equivalency)
55-64,Texas,"$75,000 to $99,999",White,Bachelor's degree
25-34,Oregon,"$50,000 to $74,999",White,"Some college, no degree"
18-24,California,"Less than $25,000",White,"Some college, no degree"
65+,Michigan,"$75,000 to $99,999",White,Associate's degree
55-64,Indiana,"$75,000 to $99,999",White,"Graduate degree, professional degree or PhD"
18-24,Oregon,"Less than $25,000",BlackOrAfricanAmerican,"9th to 12th grade, no diploma"
65+,New Jersey,"$50,000 to $74,999",White,High school graduate (includes equivalency)
65+,Idaho,"$150,000 or greater",White,Bachelor's degree
55-64,New York,"$150,000 or greater",White,High school graduate (includes equivalency)
35-44,California,"$150,000 or greater",White,Bachelor's degree
65+,Florida,"$150,000 or greater",BlackOrAfricanAmerican,"Graduate degree, professional degree or PhD"
65+,Wisconsin,"$75,000 to $99,999",White,"Graduate degree, professional degree or PhD"
65+,Mississippi,"$100,000 to $149,999",White,"Graduate degree, professional degree or PhD"
55-64,Minnesota,"$75,000 to $99,999",White,Bachelor's degree
55-64,California,"$50,000 to $74,999",White,"Some college, no degree"
55-64,Ohio,"Less than $25,000",White,High school graduate (includes equivalency)
55-64,Texas,"Less than $25,000",White,"Some college, no degree"
35-44,California,"$50,000 to $74,999",HispanicOrLatino,Associate's degree
18-24,South Carolina,"$25,000 to $49,999",BlackOrAfricanAmerican,"9th to 12th grade, no diploma"
25-34,New Hampshire,"$75,000 to $99,999",White,Bachelor's degree
65+,Florida,"Less than $25,000",BlackOrAfricanAmerican,Bachelor's degree
55-64,North Dakota,"Less than $25,000",White,"Graduate degree, professional degree or PhD"
45-54,California,"$50,000 to $74,999",HispanicOrLatino,High school graduate (includes equivalency)
25-34,Texas,"$100,000 to $149,999",HispanicOrLatino,Bachelor's degree
55-64,Nevada,"$100,000 to $149,999",Other,"Some college, no degree"
55-64,California,"$150,000 or greater",Asian,"Graduate degree, professional degree or PhD"
18-24,Oklahoma,"$75,000 to $99,999",White,"Some college, no degree"
25-34,Ohio,"$25,000 to $49,999",White,"Some college, no degree"
65+,New Jersey,"$75,000 to $99,999",White,High school graduate (includes equivalency)
55-64,Nevada,"$75,000 to $99,999",HispanicOrLatino,Associate's degree
55-64,Missouri,"$50,000 to $74,999",White,Associate's degree
55-64,Alabama,"$25,000 to $49,999",White,High school graduate (includes equivalency)
55-64,Rhode Island,"$25,000 to $49,999",White,Bachelor's degree
65+,New York,"$75,000 to $99,999",BlackOrAfricanAmerican,"9th to 12th grade, no diploma"
65+,Idaho,"Less than $25,000",Other,High school graduate (includes equivalency)
65+,Iowa,"$25,000 to $49,999",White,High school graduate (includes equivalency)
55-64,Wisconsin,"$100,000 to $149,999",White,"Some college, no degree"
25-34,Michigan,"$50,000 to $74,999",White,Bachelor's degree
55-64,Ohio,"$75,000 to $99,999",White,Bachelor's degree
45-54,California,"$100,000 to $149,999",White,Bachelor's degree
45-54,Kansas,"$25,000 to $49,999",BlackOrAfricanAmerican,"Graduate degree, professional degree or PhD"
55-64,Minnesota,"Less than $25,000",White,Bachelor's degree
25-34,North Carolina,"$25,000 to $49,999",BlackOrAfricanAmerican,"Some college, no degree"
65+,Arizona,"$150,000 or greater",White,"Some college, no degree"
35-44,Montana,"$50,000 to $74,999",White,"Graduate degree, professional degree or PhD"
45-54,California,"Less than $25,000",White,"Some college, no degree"
55-64,Arizona,"$50,000 to $74,999",White,High school graduate (includes equivalency)
35-44,Alabama,"Less than $25,000",BlackOrAfricanAmerican,High school graduate (includes equivalency)
55-64,New York,"$100,000 to $149,999",White,Bachelor's degree
18-24,Texas,"Less than $25,000",Other,"9th to 12th grade, no diploma"
18-24,Virginia,"Less than $25,000",White,Associate's degree
45-54,Oklahoma,"$50,000 to $74,999",Other,"Some college, no degree"
65+,North Carolina,"Less than $25,000",White,"Some college, no degree"
65+,Mississippi,"$50,000 to $74,999",BlackOrAfricanAmerican,"Graduate degree, professional degree or PhD"
55-64,Illinois,"Less than $25,000",White,Associate's degree
65+,Louisiana,"Less than $25,000",White,"Some college, no degree"
55-64,Texas,"$25,000 to $49,999",White,No schooling completed
18-24,Connecticut,"$50,000 to $74,999",BlackOrAfricanAmerican,Bachelor's degree
55-64,Washington,"$100,000 to $149,999",White,"Some college, no degree"
45-54,Pennsylvania,"$50,000 to $74,999",White,High school graduate (includes equivalency)
35-44,Oregon,"Less than $25,000",Other,"Some college, no degree"
35-44,Oklahoma,"Less than $25,000",White,Associate's degree
65+,Missouri,"Less than $25,000",White,High school graduate (includes equivalency)
55-64,Indiana,"$25,000 to $49,999",White,"9th to 12th grade, no diploma"
25-34,Idaho,"$100,000 to $149,999",White,High school graduate (includes equivalency)
45-54,Massachusetts,"Less than $25,000",HispanicOrLatino,High school graduate (includes equivalency)
18-24,Virginia,"Less than $25,000",BlackOrAfricanAmerican,High school graduate (includes equivalency)
65+,Pennsylvania,"$25,000 to $49,999",White,Associate's degree
18-24,New York,"$150,000 or greater",White,"9th to 12th grade, no diploma"
65+,Maine,"$25,000 to $49,999",White,"Some college, no degree"
65+,South Carolina,"$75,000 to $99,999",White,Associate's degree
35-44,New York,"$150,000 or greater",White,Bachelor's degree
35-44,Colorado,"Less than $25,000",BlackOrAfricanAmerican,High school graduate (includes equivalency)
55-64,Tennessee,"$100,000 to $149,999",White,Associate's degree
45-54,Michigan,"$50,000 to $74,999",Other,"Some college, no degree"
65+,Arizona,"$50,000 to $74,999",White,"Some college, no degree"
55-64,New York,"Less than $25,000",White,High school graduate (includes equivalency)
35-44,Minnesota,"Less than $25,000",HispanicOrLatino,"9th to 12th grade, no diploma"
65+,Missouri,"$50,000 to $74,999",White,"Some college, no degree"
55-64,Virginia,"$75,000 to $99,999",White,High school graduate (includes equivalency)
55-64,Connecticut,"Less than $25,000",White,"9th to 12th grade, no diploma"
35-44,Massachusetts,"$50,000 to $74,999",White,"Some college, no degree"
65+,Texas,"$50,000 to $74,999",White,"Some college, no degree"
55-64,Louisiana,"Less than $25,000",Asian,"Some college, no degree"
55-64,Texas,"Less than $25,000",BlackOrAfricanAmerican,High school graduate (includes equivalency)
65+,California,"$50,000 to $74,999",HispanicOrLatino,"Some college, no degree"
35-44,South Carolina,"Less than $25,000",Other,Associate's degree
65+,Pennsylvania,"$50,000 to $74,999",White,"Some college, no degree"
35-44,Oregon,"$50,000 to $74,999",White,High school graduate (includes equivalency)
45-54,Delaware,"Less than $25,000",Other,High school graduate (includes equivalency)
45-54,Illinois,"$75,000 to $99,999",White,High school graduate (includes equivalency)
35-44,Nevada,"$25,000 to $49,999",White,Associate's degree
55-64,Florida,"$25,000 to $49,999",White,High school graduate (includes equivalency)
55-64,Maryland,"$50,000 to $74,999",White,"Some college, no degree"
55-64,Massachusetts,"$100,000 to $149,999",White,"Graduate degree, professional degree or PhD"
65+,California,"$50,000 to $74,999",White,"Graduate degree, professional degree or PhD"
55-64,Texas,"Less than $25,000",HispanicOrLatino,"9th to 12th grade, no diploma"
45-54,Florida,"Less than $25,000",BlackOrAfricanAmerican,"Some college, no degree"
55-64,Pennsylvania,"$25,000 to $49,999",White,High school graduate (includes equivalency)
55-64,North Carolina,"$25,000 to $49,999",White,Bachelor's degree
65+,Kentucky,"$25,000 to $49,999",White,"Some college, no degree"
45-54,Texas,"$100,000 to $149,999",White,Bachelor's degree
65+,Texas,"$75,000 to $99,999",White,Bachelor's degree
65+,Nevada,"$50,000 to $74,999",HispanicOrLatino,Associate's degree
45-54,New Jersey,"$50,000 to $74,999",White,"Some college, no degree"
65+,Georgia,"$150,000 or greater",Other,"Graduate degree, professional degree or PhD"
45-54,Florida,"$100,000 to $149,999",White,Bachelor's degree
25-34,Missouri,"$150,000 or greater",Other,"Some college, no degree"
55-64,Washington,"$100,000 to $149,999",White,"Some college, no degree"
18-24,Virginia,"$75,000 to $99,999",Asian,"9th to 12th grade, no diploma"
65+,Michigan,"Less than $25,000",White,"Some college, no degree"
55-64,Virginia,"$25,000 to $49,999",Other,"Some college, no degree"
55-64,New York,"$50,000 to $74,999",White,High school graduate (includes equivalency)
65+,South Carolina,"Less than $25,000",White,Less than 9th grade
35-44,Texas,"$150,000 or greater",White,"Graduate degree, professional degree or PhD"
65+,California,"Less than $25,000",White,High school graduate (includes equivalency)
65+,North Carolina,"$150,000 or greater",White,Bachelor's degree
35-44,Kentucky,"$75,000 to $99,999",White,"Some college, no degree"
65+,New Jersey,"$25,000 to $49,999",White,"Some college, no degree"
65+,Texas,"Less than $25,000",White,"Some college, no degree"
25-34,Pennsylvania,"Less than $25,000",White,Associate's degree
65+,Texas,"$75,000 to $99,999",White,"Some college, no degree"
65+,New Mexico,"$50,000 to $74,999",Other,High school graduate (includes equivalency)
18-24,Texas,"$50,000 to $74,999",White,"Some college, no degree"
45-54,Arizona,"$150,000 or greater",White,"Some college, no degree"
55-64,West Virginia,"Less than $25,000",White,Less than 9th grade
55-64,Minnesota,"$100,000 to $149,999",White,High school graduate (includes equivalency)
45-54,Arizona,"$50,000 to $74,999",HispanicOrLatino,Bachelor's degree
18-24,South Carolina,"$150,000 or greater",White,"Some college, no degree"
65+,Maryland,"Less than $25,000",White,Associate's degree
18-24,South Carolina,"$50,000 to $74,999",HispanicOrLatino,Bachelor's degree
55-64,Missouri,"$50,000 to $74,999",Other,High school graduate (includes equivalency)
45-54,Virginia,"Less than $25,000",White,Less than 9th grade
55-64,Maryland,"Less than $25,000",Other,High school graduate (includes equivalency)
18-24,North Carolina,"$50,000 to $74,999",White,High school graduate (includes equivalency)
55-64,Virginia,"Less than $25,000",White,High school graduate (includes equivalency)
55-64,Virginia,"$150,000 or greater",White,Bachelor's degree
65+,Indiana,"$150,000 or greater",White,"Graduate degree, professional degree or PhD"
55-64,California,"$25,000 to $49,999",White,High school graduate (includes equivalency)
45-54,Georgia,"$100,000 to $149,999",White,Bachelor's degree
45-54,Alabama,"$75,000 to $99,999",White,"Some college, no degree"
45-54,New Jersey,"Less than $25,000",White,High school graduate (includes equivalency)
18-24,Illinois,"$150,000 or greater",BlackOrAfricanAmerican,High school graduate (includes equivalency)
65+,Arkansas,"$100,000 to $149,999",White,Bachelor's degree
35-44,Minnesota,"$75,000 to $99,999",White,High school graduate (includes equivalency)
25-34,North Carolina,"Less than $25,000",White,"Some college, no degree"
35-44,Texas,"$100,000 to $149,999",White,Bachelor's degree
55-64,Georgia,"Less than $25,000",BlackOrAfricanAmerican,High school graduate (includes equivalency)
55-64,California,"Less than $25,000",Other,High school graduate (includes equivalency)
55-64,Maryland,"$50,000 to $74,999",White,Associate's degree
65+,Texas,"$100,000 to $149,999",White,"Graduate degree, professional degree or PhD"
25-34,Hawaii,"$50,000 to $74,999",White,"Some college, no degree"
35-44,Florida,"$25,000 to $49,999",White,Bachelor's degree
55-64,Texas,"Less than $25,000",BlackOrAfricanAmerican,High school graduate (includes equivalency)
55-64,Illinois,"Less than $25,000",White,Associate's degree
55-64,Michigan,"Less than $25,000",White,"Some college, no degree"
55-64,California,"$25,000 to $49,999",Asian,"Some college, no degree"
