State,Year,CandidateVotes,TotalVotes,PartyAffiliation
Arizona,1976,321236,741210,REPUBLICAN
Arizona,1976,1565,741210,OTHER
Arizona,1976,400334,741210,DEMOCRAT
Arizona,1976,7310,741210,LIBERTARIAN
Arizona,1976,10765,741210,OTHER
California,1976,82739,7470586,OTHER
California,1976,3748973,7470586,REPUBLICAN
California,1976,3502862,7470586,DEMOCRAT
California,1976,31629,7470586,OTHER
California,1976,104383,7470586,OTHER
Connecticut,1976,785683,1361666,REPUBLICAN
Connecticut,1976,558,1361666,OTHER
Connecticut,1976,14407,1361666,OTHER
Connecticut,1976,561018,1361666,DEMOCRAT
Delaware,1976,98042,224795,DEMOCRAT
Delaware,1976,125454,224795,REPUBLICAN
Delaware,1976,646,224795,OTHER
Delaware,1976,216,224795,OTHER
Delaware,1976,437,224795,OTHER
Florida,1976,1799518,2857534,DEMOCRAT
Florida,1976,130,2857534,OTHER
Florida,1976,1057886,2857534,REPUBLICAN
Hawaii,1976,162305,302092,DEMOCRAT
Hawaii,1976,1433,302092,OTHER
Hawaii,1976,122724,302092,REPUBLICAN
Hawaii,1976,14226,302092,OTHER
Hawaii,1976,1404,302092,LIBERTARIAN
Indiana,1976,1275833,2161187,REPUBLICAN
Indiana,1976,868522,2161187,DEMOCRAT
Indiana,1976,14321,2161187,OTHER
Indiana,1976,2511,2161187,OTHER
Maine,1976,193489,486193,REPUBLICAN
Maine,1976,292704,486193,DEMOCRAT
Maryland,1976,530439,1365290,REPUBLICAN
Maryland,1976,772101,1365290,DEMOCRAT
Maryland,1976,62750,1365290,OTHER
Massachusetts,1976,26283,2491255,OTHER
Massachusetts,1976,157,2491255,OTHER
Massachusetts,1976,722641,2491255,REPUBLICAN
Massachusetts,1976,15517,2491255,OTHER
Massachusetts,1976,1726657,2491255,DEMOCRAT
Michigan,1976,8842,3490412,LIBERTARIAN
Michigan,1976,7281,3490412,OTHER
Michigan,1976,1635087,3490412,REPUBLICAN
Michigan,1976,1831031,3490412,DEMOCRAT
Michigan,1976,2554,3490412,OTHER
Michigan,1976,3399,3490412,OTHER
Michigan,1976,2218,3490412,OTHER
Minnesota,1976,5476,1912020,LIBERTARIAN
Minnesota,1976,9380,1912020,OTHER
Minnesota,1976,2214,1912020,OTHER
Minnesota,1976,478602,1912020,REPUBLICAN
Minnesota,1976,125612,1912020,OTHER
Minnesota,1976,1290736,1912020,DEMOCRAT
Mississippi,1976,554433,554433,DEMOCRAT
Missouri,1976,1090067,1914460,REPUBLICAN
Missouri,1976,813571,1914460,DEMOCRAT
Missouri,1976,10822,1914460,OTHER
Montana,1976,115213,321445,REPUBLICAN
Montana,1976,206232,321445,DEMOCRAT
Nebraska,1976,58,593310,OTHER
Nebraska,1976,163,593310,OTHER
Nebraska,1976,279284,593310,REPUBLICAN
Nebraska,1976,313805,593310,DEMOCRAT
Nevada,1976,3619,201899,OTHER
Nevada,1976,63471,201899,REPUBLICAN
Nevada,1976,5288,201899,OTHER
Nevada,1976,2307,201899,LIBERTARIAN
Nevada,1976,127214,201899,DEMOCRAT
New Jersey,1976,6650,2771390,OTHER
New Jersey,1976,19907,2771390,LIBERTARIAN
New Jersey,1976,1681140,2771390,DEMOCRAT
New Jersey,1976,9185,2771390,OTHER
New Jersey,1976,1054508,2771390,REPUBLICAN
New Mexico,1976,1087,413056,OTHER
New Mexico,1976,176382,413056,DEMOCRAT
New Mexico,1976,906,413056,OTHER
New Mexico,1976,234681,413056,REPUBLICAN
New York,1976,16350,6666875,OTHER
New York,1976,184083,6666875,OTHER
New York,1976,311494,6666875,OTHER
New York,1976,6716,6666875,OTHER
New York,1976,25141,6666875,OTHER
New York,1976,10943,6666875,LIBERTARIAN
New York,1976,348498,6666875,OTHER
New York,1976,2525139,6666875,REPUBLICAN
New York,1976,3238511,6666875,DEMOCRAT
North Dakota,1976,103466,283062,REPUBLICAN
North Dakota,1976,175772,283062,DEMOCRAT
North Dakota,1976,3824,283062,OTHER
Ohio,1976,33285,3920613,OTHER
Ohio,1976,1941113,3920613,DEMOCRAT
Ohio,1976,1823774,3920613,REPUBLICAN
Ohio,1976,31805,3920613,OTHER
Ohio,1976,36979,3920613,OTHER
Ohio,1976,53657,3920613,OTHER
Pennsylvania,1976,2381891,4546353,REPUBLICAN
Pennsylvania,1976,5484,4546353,OTHER
Pennsylvania,1976,3637,4546353,OTHER
Pennsylvania,1976,2097,4546353,OTHER
Pennsylvania,1976,26028,4546353,OTHER
Pennsylvania,1976,2126977,4546353,DEMOCRAT
Pennsylvania,1976,239,4546353,OTHER
Rhode Island,1976,167665,398906,DEMOCRAT
Rhode Island,1976,230329,398906,REPUBLICAN
Rhode Island,1976,912,398906,OTHER
Tennessee,1976,5137,1432046,OTHER
Tennessee,1976,1406,1432046,OTHER
Tennessee,1976,31,1432046,OTHER
Tennessee,1976,751180,1432046,DEMOCRAT
Tennessee,1976,1061,1432046,OTHER
Tennessee,1976,673231,1432046,REPUBLICAN
Texas,1976,20549,3874230,OTHER
Texas,1976,17355,3874230,OTHER
Texas,1976,1636370,3874230,REPUBLICAN
Texas,1976,2199956,3874230,DEMOCRAT
Utah,1976,3026,522108,LIBERTARIAN
Utah,1976,4913,522108,OTHER
Utah,1976,290221,522108,REPUBLICAN
Utah,1976,223948,522108,DEMOCRAT
Vermont,1976,94481,189060,REPUBLICAN
Vermont,1976,96,189060,OTHER
Vermont,1976,85682,189060,DEMOCRAT
Vermont,1976,8801,189060,OTHER
Virginia,1976,154,1557500,OTHER
Virginia,1976,70559,1557500,OTHER
Virginia,1976,596009,1557500,DEMOCRAT
Virginia,1976,890778,1557500,OTHER
Washington,1976,3389,1491111,OTHER
Washington,1976,28182,1491111,OTHER
Washington,1976,7402,1491111,OTHER
Washington,1976,1071219,1491111,DEMOCRAT
Washington,1976,19373,1491111,LIBERTARIAN
Washington,1976,361546,1491111,REPUBLICAN
West Virginia,1976,566359,566359,DEMOCRAT
Wisconsin,1976,2148,1935183,OTHER
Wisconsin,1976,7354,1935183,OTHER
Wisconsin,1976,1731,1935183,OTHER
Wisconsin,1976,1396970,1935183,DEMOCRAT
Wisconsin,1976,4876,1935183,OTHER
Wisconsin,1976,202,1935183,OTHER
Wisconsin,1976,521902,1935183,REPUBLICAN
Wyoming,1976,70558,155368,DEMOCRAT
Wyoming,1976,84810,155368,REPUBLICAN
Alabama,1978,34951,582005,OTHER
Alabama,1978,316170,729842,REPUBLICAN
Alabama,1978,6006,729842,LIBERTARIAN
Alabama,1978,401852,729842,DEMOCRAT
Alabama,1978,547054,582005,DEMOCRAT
Alabama,1978,5814,729842,OTHER
Alaska,1978,29574,122741,DEMOCRAT
Alaska,1978,384,122741,OTHER
Alaska,1978,92783,122741,REPUBLICAN
Arkansas,1978,37211,517138,OTHER
Arkansas,1978,113,517138,OTHER
Arkansas,1978,395506,517138,DEMOCRAT
Arkansas,1978,84308,517138,REPUBLICAN
Colorado,1978,2518,819256,OTHER
Colorado,1978,5789,819256,OTHER
Colorado,1978,330148,819256,DEMOCRAT
Colorado,1978,480801,819256,REPUBLICAN
Delaware,1978,93930,162072,DEMOCRAT
Delaware,1978,1663,162072,OTHER
Delaware,1978,66479,162072,REPUBLICAN
Georgia,1978,108808,645128,REPUBLICAN
Georgia,1978,536320,645128,DEMOCRAT
Idaho,1978,89635,284047,DEMOCRAT
Idaho,1978,194412,284047,REPUBLICAN
Illinois,1978,15922,3184764,OTHER
Illinois,1978,1448187,3184764,DEMOCRAT
Illinois,1978,16320,3184764,LIBERTARIAN
Illinois,1978,159,3184764,OTHER
Illinois,1978,1698711,3184764,REPUBLICAN
Illinois,1978,5465,3184764,OTHER
Iowa,1978,421598,824576,REPUBLICAN
Iowa,1978,3689,824576,LIBERTARIAN
Iowa,1978,395066,824576,DEMOCRAT
Iowa,1978,4223,824576,OTHER
Kansas,1978,403354,748839,REPUBLICAN
Kansas,1978,22497,748839,OTHER
Kansas,1978,5386,748839,OTHER
Kansas,1978,317602,748839,DEMOCRAT
Kentucky,1978,43,476783,OTHER
Kentucky,1978,290730,476783,DEMOCRAT
Kentucky,1978,175766,476783,REPUBLICAN
Kentucky,1978,10244,476783,OTHER
Louisiana,1978,1,1,DEMOCRAT
Maine,1978,127327,375114,DEMOCRAT
Maine,1978,5553,375114,OTHER
Maine,1978,212294,375114,REPUBLICAN
Maine,1978,27824,375114,OTHER
Maine,1978,2116,375114,OTHER
Massachusetts,1978,1833,1985700,OTHER
Massachusetts,1978,1093283,1985700,DEMOCRAT
Massachusetts,1978,890584,1985700,REPUBLICAN
Michigan,1978,1484193,2846630,DEMOCRAT
Michigan,1978,1362165,2846630,REPUBLICAN
Michigan,1978,272,2846630,OTHER
Minnesota,1978,538675,1558376,DEMOCRAT
Minnesota,1978,45402,1558376,OTHER
Minnesota,1978,8083,1580622,OTHER
Minnesota,1978,957908,1558376,REPUBLICAN
Minnesota,1978,3891,1580622,OTHER
Minnesota,1978,638375,1580622,DEMOCRAT
Minnesota,1978,23261,1580622,OTHER
Minnesota,1978,2992,1580622,LIBERTARIAN
Minnesota,1978,4116,1558376,LIBERTARIAN
Minnesota,1978,9856,1580622,OTHER
Minnesota,1978,878,1558376,OTHER
Minnesota,1978,11397,1558376,OTHER
Minnesota,1978,72,1580622,OTHER
Minnesota,1978,894092,1580622,REPUBLICAN
Mississippi,1978,187541,590236,DEMOCRAT
Mississippi,1978,133646,590236,OTHER
Mississippi,1978,1747,590236,OTHER
Mississippi,1978,267302,590236,REPUBLICAN
Montana,1978,160353,287942,DEMOCRAT
Montana,1978,127589,287942,REPUBLICAN
Nebraska,1978,159706,493802,REPUBLICAN
Nebraska,1978,334096,493802,DEMOCRAT
New Hampshire,1978,2070,263760,LIBERTARIAN
New Hampshire,1978,133745,263760,REPUBLICAN
New Hampshire,1978,127945,263760,DEMOCRAT
New Jersey,1978,3809,1957515,OTHER
New Jersey,1978,844200,1957515,REPUBLICAN
New Jersey,1978,1082960,1957515,DEMOCRAT
New Jersey,1978,3656,1957515,OTHER
New Jersey,1978,3618,1957515,OTHER
New Jersey,1978,4736,1957515,OTHER
New Jersey,1978,2776,1957515,OTHER
New Jersey,1978,2955,1957515,OTHER
New Jersey,1978,2384,1957515,OTHER
New Jersey,1978,2604,1957515,OTHER
New Jersey,1978,3817,1957515,OTHER
New Mexico,1978,160045,343487,DEMOCRAT
New Mexico,1978,183442,343487,REPUBLICAN
North Carolina,1978,619151,1135814,REPUBLICAN
North Carolina,1978,516663,1135814,DEMOCRAT
Oklahoma,1978,247857,754264,REPUBLICAN
Oklahoma,1978,3875,754264,OTHER
Oklahoma,1978,3015,754264,OTHER
Oklahoma,1978,2209,754264,OTHER
Oklahoma,1978,493953,754264,DEMOCRAT
Oklahoma,1978,3355,754264,OTHER
Oregon,1978,737,892518,OTHER
Oregon,1978,550165,892518,REPUBLICAN
Oregon,1978,341616,892518,DEMOCRAT
Rhode Island,1978,229557,305618,DEMOCRAT
Rhode Island,1978,76061,305618,REPUBLICAN
South Carolina,1978,351917,632063,REPUBLICAN
South Carolina,1978,280146,632063,DEMOCRAT
South Dakota,1978,84767,255599,DEMOCRAT
South Dakota,1978,170832,255599,REPUBLICAN
Tennessee,1978,642644,1157094,REPUBLICAN
Tennessee,1978,45908,1157094,OTHER
Tennessee,1978,466228,1157094,DEMOCRAT
Tennessee,1978,71,1157094,OTHER
Tennessee,1978,2243,1157094,OTHER
Texas,1978,4018,2312540,OTHER
Texas,1978,1139149,2312540,DEMOCRAT
Texas,1978,1151376,2312540,REPUBLICAN
Texas,1978,128,2312540,OTHER
Texas,1978,17869,2312540,OTHER
Virginia,1978,608511,1222256,DEMOCRAT
Virginia,1978,613232,1222256,REPUBLICAN
Virginia,1978,513,1222256,OTHER
West Virginia,1978,244317,493351,REPUBLICAN
West Virginia,1978,249034,493351,DEMOCRAT
Wyoming,1978,82908,133364,DEMOCRAT
Wyoming,1978,50456,133364,REPUBLICAN
Alabama,1980,610175,1296757,DEMOCRAT
Alabama,1980,650362,1296757,REPUBLICAN
Alabama,1980,2973,1296757,OTHER
Alabama,1980,13098,1296757,LIBERTARIAN
Alabama,1980,15989,1296757,OTHER
Alabama,1980,2649,1296757,OTHER
Alabama,1980,1511,1296757,OTHER
Alaska,1980,72007,156762,DEMOCRAT
Alaska,1980,596,156762,OTHER
Alaska,1980,84159,156762,REPUBLICAN
Arizona,1980,13,874238,OTHER
Arizona,1980,3266,874238,OTHER
Arizona,1980,432371,874238,REPUBLICAN
Arizona,1980,12008,874238,LIBERTARIAN
Arizona,1980,3608,874238,OTHER
Arizona,1980,422972,874238,DEMOCRAT
Arkansas,1980,331,808812,OTHER
Arkansas,1980,477905,808812,DEMOCRAT
Arkansas,1980,330576,808812,REPUBLICAN
California,1980,3091671,8324012,REPUBLICAN
California,1980,129573,8324012,OTHER
California,1980,196260,8324012,OTHER
California,1980,202410,8324012,LIBERTARIAN
California,1980,4704098,8324012,DEMOCRAT
Colorado,1980,7265,1173142,OTHER
Colorado,1980,4081,1173142,OTHER
Colorado,1980,590501,1173142,DEMOCRAT
Colorado,1980,571295,1173142,REPUBLICAN
Connecticut,1980,114,1356075,OTHER
Connecticut,1980,4772,1356075,OTHER
Connecticut,1980,763969,1356075,DEMOCRAT
Connecticut,1980,5336,1356075,LIBERTARIAN
Connecticut,1980,581884,1356075,REPUBLICAN
Florida,1980,159,3528028,OTHER
Florida,1980,1705409,3528028,DEMOCRAT
Florida,1980,1822460,3528028,REPUBLICAN
Georgia,1980,776143,1579829,DEMOCRAT
Georgia,1980,803686,1579829,REPUBLICAN
Hawaii,1980,10453,288006,LIBERTARIAN
Hawaii,1980,224485,288006,DEMOCRAT
Hawaii,1980,53068,288006,REPUBLICAN
Idaho,1980,218701,439647,REPUBLICAN
Idaho,1980,214439,439647,DEMOCRAT
Idaho,1980,6507,439647,LIBERTARIAN
Illinois,1980,1946296,4580029,REPUBLICAN
Illinois,1980,2565302,4580029,DEMOCRAT
Illinois,1980,19213,4580029,OTHER
Illinois,1980,29328,4580029,LIBERTARIAN
Illinois,1980,5626,4580029,OTHER
Illinois,1980,96,4580029,OTHER
Illinois,1980,11453,4580029,OTHER
Illinois,1980,2715,4580029,OTHER
Indiana,1980,1015962,2198376,DEMOCRAT
Indiana,1980,1182414,2198376,REPUBLICAN
Iowa,1980,683014,1276986,REPUBLICAN
Iowa,1980,5858,1276986,OTHER
Iowa,1980,2336,1276986,OTHER
Iowa,1980,4233,1276986,LIBERTARIAN
Iowa,1980,581545,1276986,DEMOCRAT
Kansas,1980,598686,938957,REPUBLICAN
Kansas,1980,340271,938957,DEMOCRAT
Kentucky,1980,720891,1106920,DEMOCRAT
Kentucky,1980,386029,1106920,REPUBLICAN
Louisiana,1980,6374,841013,OTHER
Louisiana,1980,325922,841013,DEMOCRAT
Louisiana,1980,484770,841013,DEMOCRAT
Louisiana,1980,13739,841013,REPUBLICAN
Louisiana,1980,10208,841013,REPUBLICAN
Maryland,1980,850970,1286088,REPUBLICAN
Maryland,1980,435118,1286088,DEMOCRAT
Missouri,1980,985399,2066965,REPUBLICAN
Missouri,1980,1074859,2066965,DEMOCRAT
Missouri,1980,6707,2066965,OTHER
Nevada,1980,6920,243273,LIBERTARIAN
Nevada,1980,144224,243273,REPUBLICAN
Nevada,1980,92129,243273,DEMOCRAT
New Hampshire,1980,195559,375060,REPUBLICAN
New Hampshire,1980,179455,375060,DEMOCRAT
New Hampshire,1980,46,375060,OTHER
New York,1980,21465,6014914,OTHER
New York,1980,3643,6014914,OTHER
New York,1980,2272082,6014914,REPUBLICAN
New York,1980,152470,6014914,OTHER
New York,1980,275100,6014914,OTHER
New York,1980,73,6014914,OTHER
New York,1980,4161,6014914,OTHER
New York,1980,2715,6014914,OTHER
New York,1980,2618661,6014914,DEMOCRAT
New York,1980,664544,6014914,OTHER
North Carolina,1980,7602,1797665,LIBERTARIAN
North Carolina,1980,887653,1797665,DEMOCRAT
North Carolina,1980,898064,1797665,REPUBLICAN
North Carolina,1980,4346,1797665,OTHER
Ohio,1980,1137695,4027303,REPUBLICAN
Ohio,1980,76412,4027303,OTHER
Ohio,1980,2770786,4027303,DEMOCRAT
Ohio,1980,42410,4027303,OTHER
Oklahoma,1980,9757,1098294,LIBERTARIAN
Oklahoma,1980,587252,1098294,REPUBLICAN
Oklahoma,1980,21179,1098294,OTHER
Oklahoma,1980,1823,1098294,OTHER
Oklahoma,1980,478283,1098294,DEMOCRAT
Oregon,1980,501963,1140494,DEMOCRAT
Oregon,1980,594290,1140494,REPUBLICAN
Oregon,1980,555,1140494,OTHER
Oregon,1980,43686,1140494,LIBERTARIAN
Pennsylvania,1980,2122391,4418042,DEMOCRAT
Pennsylvania,1980,27229,4418042,OTHER
Pennsylvania,1980,16089,4418042,OTHER
Pennsylvania,1980,2230404,4418042,REPUBLICAN
Pennsylvania,1980,3334,4418042,OTHER
Pennsylvania,1980,18595,4418042,LIBERTARIAN
South Carolina,1980,257946,870500,REPUBLICAN
South Carolina,1980,612554,870500,DEMOCRAT
South Dakota,1980,190594,327478,REPUBLICAN
South Dakota,1980,129018,327478,DEMOCRAT
South Dakota,1980,7866,327478,OTHER
Utah,1980,3186,594298,OTHER
Utah,1980,437675,594298,REPUBLICAN
Utah,1980,1983,594298,OTHER
Utah,1980,151454,594298,DEMOCRAT
Vermont,1980,101421,209124,REPUBLICAN
Vermont,1980,1776,209124,OTHER
Vermont,1980,104176,209124,DEMOCRAT
Vermont,1980,1629,209124,OTHER
Vermont,1980,122,209124,OTHER
Washington,1980,792052,1728369,DEMOCRAT
Washington,1980,936317,1728369,REPUBLICAN
Wisconsin,1980,67,2204202,OTHER
Wisconsin,1980,1106311,2204202,REPUBLICAN
Wisconsin,1980,1065487,2204202,DEMOCRAT
Wisconsin,1980,6502,2204202,OTHER
Wisconsin,1980,9679,2204202,LIBERTARIAN
Wisconsin,1980,16156,2204202,OTHER
Arizona,1982,411970,723885,DEMOCRAT
Arizona,1982,66,723885,OTHER
Arizona,1982,291749,723885,REPUBLICAN
Arizona,1982,20100,723885,LIBERTARIAN
California,1982,83809,7805450,OTHER
California,1982,96388,7805450,OTHER
California,1982,107720,7805450,LIBERTARIAN
California,1982,3494968,7805450,DEMOCRAT
California,1982,4022565,7805450,REPUBLICAN
Connecticut,1982,499146,1083508,DEMOCRAT
Connecticut,1982,8163,1083508,LIBERTARIAN
Connecticut,1982,30212,1083508,OTHER
Connecticut,1982,545987,1083508,REPUBLICAN
Delaware,1982,84413,190960,DEMOCRAT
Delaware,1982,105357,190960,REPUBLICAN
Delaware,1982,537,190960,OTHER
Delaware,1982,653,190960,LIBERTARIAN
Florida,1982,422,2653419,OTHER
Florida,1982,1015330,2653419,REPUBLICAN
Florida,1982,1637667,2653419,DEMOCRAT
Hawaii,1982,245386,306410,DEMOCRAT
Hawaii,1982,8953,306410,OTHER
Hawaii,1982,52071,306410,REPUBLICAN
Indiana,1982,828400,1817287,DEMOCRAT
Indiana,1982,978301,1817287,REPUBLICAN
Indiana,1982,10586,1817287,OTHER
Maine,1982,14,459715,OTHER
Maine,1982,179882,459715,REPUBLICAN
Maine,1982,279819,459715,DEMOCRAT
Maryland,1982,707356,1114690,DEMOCRAT
Maryland,1982,407334,1114690,REPUBLICAN
Massachusetts,1982,18878,2050769,LIBERTARIAN
Massachusetts,1982,784602,2050769,REPUBLICAN
Massachusetts,1982,205,2050769,OTHER
Massachusetts,1982,1247084,2050769,DEMOCRAT
Michigan,1982,1728793,2994334,DEMOCRAT
Michigan,1982,4335,2994334,OTHER
Michigan,1982,6085,2994334,OTHER
Michigan,1982,42,2994334,OTHER
Michigan,1982,12660,2994334,OTHER
Michigan,1982,1223288,2994334,REPUBLICAN
Michigan,1982,19131,2994334,LIBERTARIAN
Minnesota,1982,5897,1804675,OTHER
Minnesota,1982,840401,1804675,DEMOCRAT
Minnesota,1982,3300,1804675,OTHER
Minnesota,1982,949207,1804675,REPUBLICAN
Minnesota,1982,5870,1804675,LIBERTARIAN
Mississippi,1982,414099,645026,DEMOCRAT
Mississippi,1982,230927,645026,REPUBLICAN
Missouri,1982,16,1543521,OTHER
Missouri,1982,758629,1543521,DEMOCRAT
Missouri,1982,784876,1543521,REPUBLICAN
Montana,1982,133789,321062,REPUBLICAN
Montana,1982,174861,321062,DEMOCRAT
Montana,1982,12412,321062,LIBERTARIAN
Nebraska,1982,363350,545647,DEMOCRAT
Nebraska,1982,155760,545647,REPUBLICAN
Nebraska,1982,94,545647,OTHER
Nebraska,1982,26443,545647,OTHER
Nevada,1982,120377,235097,REPUBLICAN
Nevada,1982,114720,235097,DEMOCRAT
New Jersey,1982,1047626,2193945,REPUBLICAN
New Jersey,1982,1830,2193945,OTHER
New Jersey,1982,4745,2193945,OTHER
New Jersey,1982,2955,2193945,OTHER
New Jersey,1982,1117549,2193945,DEMOCRAT
New Jersey,1982,9934,2193945,LIBERTARIAN
New Jersey,1982,3726,2193945,OTHER
New Jersey,1982,5580,2193945,OTHER
New Mexico,1982,187128,404810,REPUBLICAN
New Mexico,1982,217682,404810,DEMOCRAT
New York,1982,1415749,4967729,REPUBLICAN
New York,1982,232,4967729,OTHER
New York,1982,15206,4967729,OTHER
New York,1982,175650,4967729,OTHER
New York,1982,142275,4967729,OTHER
New York,1982,23379,4967729,OTHER
New York,1982,3089871,4967729,DEMOCRAT
New York,1982,105367,4967729,OTHER
North Dakota,1982,89304,262465,REPUBLICAN
North Dakota,1982,8288,262465,OTHER
North Dakota,1982,164873,262465,DEMOCRAT
Ohio,1982,36103,3395463,LIBERTARIAN
Ohio,1982,1396790,3395463,REPUBLICAN
Ohio,1982,1923767,3395463,DEMOCRAT
Ohio,1982,38803,3395463,OTHER
Pennsylvania,1982,16530,3604108,OTHER
Pennsylvania,1982,18951,3604108,OTHER
Pennsylvania,1982,1412965,3604108,DEMOCRAT
Pennsylvania,1982,2136418,3604108,REPUBLICAN
Pennsylvania,1982,19244,3604108,LIBERTARIAN
Rhode Island,1982,175495,342778,REPUBLICAN
Rhode Island,1982,167283,342778,DEMOCRAT
Tennessee,1982,479642,1259785,REPUBLICAN
Tennessee,1982,30,1259785,OTHER
Tennessee,1982,780113,1259785,DEMOCRAT
Texas,1982,4564,3103167,OTHER
Texas,1982,127,3103167,OTHER
Texas,1982,1818223,3103167,DEMOCRAT
Texas,1982,23494,3103167,LIBERTARIAN
Texas,1982,1256759,3103167,REPUBLICAN
Utah,1982,953,530802,OTHER
Utah,1982,1035,530802,LIBERTARIAN
Utah,1982,309332,530802,REPUBLICAN
Utah,1982,219482,530802,DEMOCRAT
Vermont,1982,897,168002,OTHER
Vermont,1982,84449,168002,REPUBLICAN
Vermont,1982,774,168002,OTHER
Vermont,1982,892,168002,LIBERTARIAN
Vermont,1982,187,168002,OTHER
Vermont,1982,1463,168002,OTHER
Vermont,1982,79340,168002,DEMOCRAT
Virginia,1982,724571,1415622,REPUBLICAN
Virginia,1982,690839,1415622,DEMOCRAT
Virginia,1982,212,1415622,OTHER
Washington,1982,72297,1368476,OTHER
Washington,1982,20251,1368476,OTHER
Washington,1982,332273,1368476,REPUBLICAN
Washington,1982,943655,1368476,DEMOCRAT
West Virginia,1982,4234,565314,OTHER
West Virginia,1982,173910,565314,REPUBLICAN
West Virginia,1982,387170,565314,DEMOCRAT
Wisconsin,1982,527355,1544883,REPUBLICAN
Wisconsin,1982,21807,1544883,OTHER
Wisconsin,1982,983311,1544883,DEMOCRAT
Wisconsin,1982,7947,1544883,LIBERTARIAN
Wisconsin,1982,4463,1544883,OTHER
Wyoming,1982,94725,167191,REPUBLICAN
Wyoming,1982,72466,167191,DEMOCRAT
Alabama,1984,860535,1371234,DEMOCRAT
Alabama,1984,12191,1371234,LIBERTARIAN
Alabama,1984,498508,1371234,REPUBLICAN
Alaska,1984,58804,206438,DEMOCRAT
Alaska,1984,715,206438,OTHER
Alaska,1984,146919,206438,REPUBLICAN
Arkansas,1984,502341,875956,DEMOCRAT
Arkansas,1984,373615,875956,REPUBLICAN
Colorado,1984,833821,1297809,REPUBLICAN
Colorado,1984,2208,1297809,OTHER
Colorado,1984,449327,1297809,DEMOCRAT
Colorado,1984,11077,1297809,LIBERTARIAN
Colorado,1984,1376,1297809,OTHER
Delaware,1984,147831,245932,DEMOCRAT
Delaware,1984,98101,245932,REPUBLICAN
Georgia,1984,337196,1681344,REPUBLICAN
Georgia,1984,44,1681344,OTHER
Georgia,1984,1344104,1681344,DEMOCRAT
Idaho,1984,105591,406168,DEMOCRAT
Idaho,1984,7384,406168,LIBERTARIAN
Idaho,1984,293193,406168,REPUBLICAN
Illinois,1984,4913,4787335,OTHER
Illinois,1984,273,4787335,OTHER
Illinois,1984,2308039,4787335,REPUBLICAN
Illinois,1984,59777,4787335,LIBERTARIAN
Illinois,1984,2397165,4787335,DEMOCRAT
Illinois,1984,12366,4787335,OTHER
Illinois,1984,4802,4787335,OTHER
Iowa,1984,564381,1292700,REPUBLICAN
Iowa,1984,11014,1292700,OTHER
Iowa,1984,422,1292700,OTHER
Iowa,1984,716883,1292700,DEMOCRAT
Kansas,1984,211664,996729,DEMOCRAT
Kansas,1984,4610,996729,OTHER
Kansas,1984,6918,996729,OTHER
Kansas,1984,6755,996729,LIBERTARIAN
Kansas,1984,9380,996729,OTHER
Kansas,1984,757402,996729,REPUBLICAN
Kentucky,1984,639721,1292407,DEMOCRAT
Kentucky,1984,7696,1292407,OTHER
Kentucky,1984,644990,1292407,REPUBLICAN
Louisiana,1984,1,1,DEMOCRAT
Maine,1984,4338,551406,OTHER
Maine,1984,404414,551406,REPUBLICAN
Maine,1984,142626,551406,DEMOCRAT
Maine,1984,28,551406,OTHER
Massachusetts,1984,408,2530471,OTHER
Massachusetts,1984,1393150,2530471,DEMOCRAT
Massachusetts,1984,1136913,2530471,REPUBLICAN
Michigan,1984,7786,3700938,LIBERTARIAN
Michigan,1984,2135,3700938,OTHER
Michigan,1984,22882,3700938,OTHER
Michigan,1984,23,3700938,OTHER
Michigan,1984,1915831,3700938,DEMOCRAT
Michigan,1984,1196,3700938,OTHER
Michigan,1984,2279,3700938,OTHER
Michigan,1984,2686,3700938,OTHER
Michigan,1984,818,3700938,OTHER
Michigan,1984,1745302,3700938,REPUBLICAN
Minnesota,1984,240,2066143,OTHER
Minnesota,1984,852844,2066143,DEMOCRAT
Minnesota,1984,4653,2066143,LIBERTARIAN
Minnesota,1984,5351,2066143,OTHER
Minnesota,1984,3129,2066143,OTHER
Minnesota,1984,1199926,2066143,REPUBLICAN
Mississippi,1984,371926,952240,DEMOCRAT
Mississippi,1984,580314,952240,REPUBLICAN
Montana,1984,9143,379155,LIBERTARIAN
Montana,1984,215704,379155,DEMOCRAT
Montana,1984,154308,379155,REPUBLICAN
Nebraska,1984,304,639668,OTHER
Nebraska,1984,332217,639668,DEMOCRAT
Nebraska,1984,307147,639668,REPUBLICAN
New Hampshire,1984,157447,384369,DEMOCRAT
New Hampshire,1984,225828,384369,REPUBLICAN
New Hampshire,1984,1094,384369,LIBERTARIAN
New Jersey,1984,7135,3096456,LIBERTARIAN
New Jersey,1984,1986644,3096456,DEMOCRAT
New Jersey,1984,10409,3096456,OTHER
New Jersey,1984,1080100,3096456,REPUBLICAN
New Jersey,1984,2891,3096456,OTHER
New Jersey,1984,6053,3096456,OTHER
New Jersey,1984,3224,3096456,OTHER
New Mexico,1984,361371,502634,REPUBLICAN
New Mexico,1984,10,502634,OTHER
New Mexico,1984,141253,502634,DEMOCRAT
North Carolina,1984,1156768,2239051,REPUBLICAN
North Carolina,1984,2493,2239051,OTHER
North Carolina,1984,9302,2239051,LIBERTARIAN
North Carolina,1984,1070488,2239051,DEMOCRAT
Oklahoma,1984,906131,1197937,DEMOCRAT
Oklahoma,1984,11168,1197937,LIBERTARIAN
Oklahoma,1984,280638,1197937,REPUBLICAN
Oregon,1984,808152,1214735,REPUBLICAN
Oregon,1984,406122,1214735,DEMOCRAT
Oregon,1984,461,1214735,OTHER
Rhode Island,1984,107545,393356,REPUBLICAN
Rhode Island,1984,285811,393356,DEMOCRAT
South Carolina,1984,644815,965130,REPUBLICAN
South Carolina,1984,306982,965130,DEMOCRAT
South Carolina,1984,13333,965130,LIBERTARIAN
South Dakota,1984,80537,315713,DEMOCRAT
South Dakota,1984,235176,315713,REPUBLICAN
Tennessee,1984,557016,1648036,REPUBLICAN
Tennessee,1984,1000607,1648036,DEMOCRAT
Tennessee,1984,3179,1648036,OTHER
Tennessee,1984,87234,1648036,OTHER
Texas,1984,2202557,5314178,DEMOCRAT
Texas,1984,3111348,5314178,REPUBLICAN
Texas,1984,273,5314178,OTHER
Virginia,1984,151,2007487,OTHER
Virginia,1984,601142,2007487,DEMOCRAT
Virginia,1984,1406194,2007487,REPUBLICAN
West Virginia,1984,3299,722212,OTHER
West Virginia,1984,344680,722212,REPUBLICAN
West Virginia,1984,374233,722212,DEMOCRAT
Wyoming,1984,40525,186898,DEMOCRAT
Wyoming,1984,146373,186898,REPUBLICAN
Alabama,1986,609360,1211897,DEMOCRAT
Alabama,1986,602537,1211897,REPUBLICAN
Alaska,1986,3161,180801,LIBERTARIAN
Alaska,1986,239,180801,OTHER
Alaska,1986,97674,180801,REPUBLICAN
Alaska,1986,79727,180801,DEMOCRAT
Arizona,1986,18,862921,OTHER
Arizona,1986,28,862921,OTHER
Arizona,1986,340965,862921,DEMOCRAT
Arizona,1986,521850,862921,REPUBLICAN
Arizona,1986,60,862921,OTHER
Arkansas,1986,262313,695487,REPUBLICAN
Arkansas,1986,433122,695487,DEMOCRAT
Arkansas,1986,52,695487,OTHER
California,1986,109856,7398462,OTHER
California,1986,3646672,7398462,DEMOCRAT
California,1986,66261,7398462,LIBERTARIAN
California,1986,33869,7398462,OTHER
California,1986,3541804,7398462,REPUBLICAN
Colorado,1986,1868,1060765,OTHER
Colorado,1986,512994,1060765,REPUBLICAN
Colorado,1986,529449,1060765,DEMOCRAT
Colorado,1986,3756,1060765,OTHER
Colorado,1986,11127,1060765,OTHER
Colorado,1986,1571,1060765,OTHER
Connecticut,1986,3800,976933,OTHER
Connecticut,1986,340438,976933,REPUBLICAN
Connecticut,1986,632695,976933,DEMOCRAT
Florida,1986,77,3429996,OTHER
Florida,1986,1552376,3429996,REPUBLICAN
Florida,1986,1877543,3429996,DEMOCRAT
Georgia,1986,601241,1225008,REPUBLICAN
Georgia,1986,60,1225008,OTHER
Georgia,1986,623707,1225008,DEMOCRAT
Hawaii,1986,86910,328797,REPUBLICAN
Hawaii,1986,241887,328797,DEMOCRAT
Idaho,1986,196958,382024,REPUBLICAN
Idaho,1986,185066,382024,DEMOCRAT
Illinois,1986,2033783,3122883,DEMOCRAT
Illinois,1986,5671,3122883,OTHER
Illinois,1986,13891,3122883,LIBERTARIAN
Illinois,1986,15804,3122883,OTHER
Illinois,1986,1053734,3122883,REPUBLICAN
Indiana,1986,595192,1545563,DEMOCRAT
Indiana,1986,936143,1545563,REPUBLICAN
Indiana,1986,8314,1545563,LIBERTARIAN
Indiana,1986,5914,1545563,OTHER
Iowa,1986,3370,891762,OTHER
Iowa,1986,588880,891762,REPUBLICAN
Iowa,1986,299406,891762,DEMOCRAT
Iowa,1986,106,891762,OTHER
Kansas,1986,576902,823566,REPUBLICAN
Kansas,1986,246664,823566,DEMOCRAT
Kentucky,1986,173330,677280,REPUBLICAN
Kentucky,1986,503775,677280,DEMOCRAT
Kentucky,1986,175,677280,OTHER
Louisiana,1986,646311,1369897,REPUBLICAN
Louisiana,1986,723586,1369897,DEMOCRAT
Maryland,1986,1,1112637,OTHER
Maryland,1986,437411,1112637,REPUBLICAN
Maryland,1986,675225,1112637,DEMOCRAT
Missouri,1986,91,1477327,OTHER
Missouri,1986,777612,1477327,REPUBLICAN
Missouri,1986,699624,1477327,DEMOCRAT
Nevada,1986,9472,261932,OTHER
Nevada,1986,116606,261932,REPUBLICAN
Nevada,1986,130955,261932,DEMOCRAT
Nevada,1986,4899,261932,LIBERTARIAN
New Hampshire,1986,154090,244735,REPUBLICAN
New Hampshire,1986,79222,244735,DEMOCRAT
New Hampshire,1986,11423,244735,OTHER
New York,1986,60099,4484859,OTHER
New York,1986,135836,4484859,OTHER
New York,1986,305412,4484859,OTHER
New York,1986,1723216,4484859,DEMOCRAT
New York,1986,7376,4484859,OTHER
New York,1986,212101,4484859,OTHER
New York,1986,10559,4484859,OTHER
New York,1986,2030260,4484859,REPUBLICAN
North Carolina,1986,780967,1534848,DEMOCRAT
North Carolina,1986,753881,1534848,REPUBLICAN
North Dakota,1986,3269,289013,OTHER
North Dakota,1986,141812,289013,REPUBLICAN
North Dakota,1986,143932,289013,DEMOCRAT
Ohio,1986,1949208,3121189,DEMOCRAT
Ohio,1986,88,3121189,OTHER
Ohio,1986,1171893,3121189,REPUBLICAN
Oklahoma,1986,493436,893666,REPUBLICAN
Oklahoma,1986,400230,893666,DEMOCRAT
Oregon,1986,656317,1042555,REPUBLICAN
Oregon,1986,375735,1042555,DEMOCRAT
Oregon,1986,10503,1042555,OTHER
Pennsylvania,1986,23470,3378226,OTHER
Pennsylvania,1986,1448219,3378226,DEMOCRAT
Pennsylvania,1986,1906537,3378226,REPUBLICAN
South Carolina,1986,4588,737962,OTHER
South Carolina,1986,4789,737962,LIBERTARIAN
South Carolina,1986,199,737962,OTHER
South Carolina,1986,262886,737962,REPUBLICAN
South Carolina,1986,465500,737962,DEMOCRAT
South Dakota,1986,152657,295830,DEMOCRAT
South Dakota,1986,143173,295830,REPUBLICAN
Utah,1986,3023,435111,LIBERTARIAN
Utah,1986,115523,435111,DEMOCRAT
Utah,1986,314608,435111,REPUBLICAN
Utah,1986,1863,435111,OTHER
Utah,1986,94,435111,OTHER
Vermont,1986,67798,196532,REPUBLICAN
Vermont,1986,124123,196532,DEMOCRAT
Vermont,1986,1583,196532,OTHER
Vermont,1986,2963,196532,OTHER
Vermont,1986,65,196532,OTHER
Washington,1986,650931,1337367,REPUBLICAN
Washington,1986,8965,1337367,OTHER
Washington,1986,677471,1337367,DEMOCRAT
Wisconsin,1986,1212,1483174,OTHER
Wisconsin,1986,2234,1483174,OTHER
Wisconsin,1986,19266,1483174,OTHER
Wisconsin,1986,2926,1483174,OTHER
Wisconsin,1986,702963,1483174,DEMOCRAT
Wisconsin,1986,754573,1483174,REPUBLICAN
Arizona,1988,5195,1164539,OTHER
Arizona,1988,20849,1164539,LIBERTARIAN
Arizona,1988,32,1164539,OTHER
Arizona,1988,478060,1164539,REPUBLICAN
Arizona,1988,660403,1164539,DEMOCRAT
California,1988,5143409,9743598,REPUBLICAN
California,1988,51,9743598,OTHER
California,1988,166600,9743598,OTHER
California,1988,66288,9743598,OTHER
California,1988,4287253,9743598,DEMOCRAT
California,1988,79997,9743598,LIBERTARIAN
Connecticut,1988,12409,1383526,LIBERTARIAN
Connecticut,1988,10,1383526,OTHER
Connecticut,1988,678454,1383526,REPUBLICAN
Connecticut,1988,688499,1383526,DEMOCRAT
Connecticut,1988,4154,1383526,OTHER
Delaware,1988,151115,243493,REPUBLICAN
Delaware,1988,92378,243493,DEMOCRAT
Florida,1988,2051071,4068209,REPUBLICAN
Florida,1988,585,4068209,OTHER
Florida,1988,2016553,4068209,DEMOCRAT
Hawaii,1988,8948,323876,LIBERTARIAN
Hawaii,1988,247941,323876,DEMOCRAT
Hawaii,1988,66987,323876,REPUBLICAN
Indiana,1988,668778,2099303,DEMOCRAT
Indiana,1988,1430525,2099303,REPUBLICAN
Maine,1988,452581,556745,DEMOCRAT
Maine,1988,104164,556745,REPUBLICAN
Maryland,1988,617537,1617065,REPUBLICAN
Maryland,1988,999166,1617065,DEMOCRAT
Maryland,1988,362,1617065,OTHER
Massachusetts,1988,13199,2606225,LIBERTARIAN
Massachusetts,1988,207,2606225,OTHER
Massachusetts,1988,1693344,2606225,DEMOCRAT
Massachusetts,1988,884267,2606225,REPUBLICAN
Massachusetts,1988,15208,2606225,OTHER
Michigan,1988,4877,3505985,OTHER
Michigan,1988,27116,3505985,LIBERTARIAN
Michigan,1988,1348219,3505985,REPUBLICAN
Michigan,1988,8908,3505985,OTHER
Michigan,1988,2116865,3505985,DEMOCRAT
Minnesota,1988,415,2093953,OTHER
Minnesota,1988,44474,2093953,OTHER
Minnesota,1988,3105,2093953,OTHER
Minnesota,1988,4039,2093953,LIBERTARIAN
Minnesota,1988,1176210,2093953,REPUBLICAN
Minnesota,1988,856694,2093953,DEMOCRAT
Minnesota,1988,9016,2093953,OTHER
Mississippi,1988,510380,946719,REPUBLICAN
Mississippi,1988,436339,946719,DEMOCRAT
Missouri,1988,1407416,2078875,REPUBLICAN
Missouri,1988,11410,2078875,LIBERTARIAN
Missouri,1988,660045,2078875,DEMOCRAT
Missouri,1988,4,2078875,OTHER
Montana,1988,189445,365254,REPUBLICAN
Montana,1988,175809,365254,DEMOCRAT
Nebraska,1988,378717,667860,DEMOCRAT
Nebraska,1988,10372,667860,OTHER
Nebraska,1988,521,667860,OTHER
Nebraska,1988,278250,667860,REPUBLICAN
Nevada,1988,161336,342407,REPUBLICAN
Nevada,1988,175548,342407,DEMOCRAT
Nevada,1988,5523,342407,LIBERTARIAN
New Jersey,1988,20091,2987634,OTHER
New Jersey,1988,1599905,2987634,DEMOCRAT
New Jersey,1988,5347,2987634,OTHER
New Jersey,1988,12354,2987634,LIBERTARIAN
New Jersey,1988,1349937,2987634,REPUBLICAN
New Mexico,1988,321983,508598,DEMOCRAT
New Mexico,1988,186579,508598,REPUBLICAN
New Mexico,1988,36,508598,OTHER
New York,1988,12064,6040980,LIBERTARIAN
New York,1988,189226,6040980,OTHER
New York,1988,13573,6040980,OTHER
New York,1988,11239,6040980,OTHER
New York,1988,1686558,6040980,REPUBLICAN
New York,1988,56,6040980,OTHER
New York,1988,141471,6040980,OTHER
New York,1988,14770,6040980,OTHER
New York,1988,64845,6040980,OTHER
New York,1988,3907178,6040980,DEMOCRAT
North Dakota,1988,171899,289170,DEMOCRAT
North Dakota,1988,112937,289170,REPUBLICAN
North Dakota,1988,4334,289170,LIBERTARIAN
Ohio,1988,151,4352905,OTHER
Ohio,1988,2480038,4352905,DEMOCRAT
Ohio,1988,1872716,4352905,REPUBLICAN
Pennsylvania,1988,1416764,4366598,DEMOCRAT
Pennsylvania,1988,4569,4366598,OTHER
Pennsylvania,1988,2901715,4366598,REPUBLICAN
Pennsylvania,1988,25273,4366598,OTHER
Pennsylvania,1988,11822,4366598,LIBERTARIAN
Pennsylvania,1988,6455,4366598,OTHER
Rhode Island,1988,180717,397990,DEMOCRAT
Rhode Island,1988,217273,397990,REPUBLICAN
Tennessee,1988,45,1567181,OTHER
Tennessee,1988,1020061,1567181,DEMOCRAT
Tennessee,1988,541033,1567181,REPUBLICAN
Tennessee,1988,6042,1567181,OTHER
Texas,1988,583,5323606,OTHER
Texas,1988,3149806,5323606,DEMOCRAT
Texas,1988,2129228,5323606,REPUBLICAN
Texas,1988,43989,5323606,LIBERTARIAN
Utah,1988,203364,640702,DEMOCRAT
Utah,1988,6016,640702,OTHER
Utah,1988,430089,640702,REPUBLICAN
Utah,1988,1233,640702,OTHER
Vermont,1988,508,240108,OTHER
Vermont,1988,2533,240108,OTHER
Vermont,1988,2424,240108,OTHER
Vermont,1988,163183,240108,REPUBLICAN
Vermont,1988,71460,240108,DEMOCRAT
Virginia,1988,1474086,2068897,DEMOCRAT
Virginia,1988,1159,2068897,OTHER
Virginia,1988,593652,2068897,REPUBLICAN
Washington,1988,944359,1848542,REPUBLICAN
Washington,1988,904183,1848542,DEMOCRAT
West Virginia,1988,410983,634547,DEMOCRAT
West Virginia,1988,223564,634547,REPUBLICAN
Wisconsin,1988,933,2168190,OTHER
Wisconsin,1988,3965,2168190,OTHER
Wisconsin,1988,1198,2168190,OTHER
Wisconsin,1988,1128625,2168190,DEMOCRAT
Wisconsin,1988,1030440,2168190,REPUBLICAN
Wisconsin,1988,3029,2168190,OTHER
Wyoming,1988,89821,180964,DEMOCRAT
Wyoming,1988,91143,180964,REPUBLICAN
Alabama,1990,150,1185154,OTHER
Alabama,1990,717814,1185154,DEMOCRAT
Alabama,1990,467190,1185154,REPUBLICAN
Alaska,1990,61152,189957,DEMOCRAT
Alaska,1990,125806,189957,REPUBLICAN
Alaska,1990,2999,189957,OTHER
Arkansas,1990,493910,494735,DEMOCRAT
Arkansas,1990,825,494735,OTHER
Colorado,1990,11801,1022027,OTHER
Colorado,1990,15432,1022027,OTHER
Colorado,1990,569048,1022027,REPUBLICAN
Colorado,1990,425746,1022027,DEMOCRAT
Delaware,1990,112918,180157,DEMOCRAT
Delaware,1990,64554,180157,REPUBLICAN
Delaware,1990,5,180157,OTHER
Delaware,1990,2680,180157,LIBERTARIAN
Georgia,1990,1033439,1033439,DEMOCRAT
Hawaii,1990,4787,349666,LIBERTARIAN
Hawaii,1990,155978,349666,REPUBLICAN
Hawaii,1990,188901,349666,DEMOCRAT
Idaho,1990,122295,315936,DEMOCRAT
Idaho,1990,193641,315936,REPUBLICAN
Illinois,1990,2115377,3251005,DEMOCRAT
Illinois,1990,1135628,3251005,REPUBLICAN
Indiana,1990,696639,1502687,DEMOCRAT
Indiana,1990,806048,1502687,REPUBLICAN
Iowa,1990,1089,983933,OTHER
Iowa,1990,535975,983933,DEMOCRAT
Iowa,1990,446869,983933,REPUBLICAN
Kansas,1990,207491,786235,DEMOCRAT
Kansas,1990,578605,786235,REPUBLICAN
Kansas,1990,139,786235,OTHER
Kentucky,1990,478034,916010,REPUBLICAN
Kentucky,1990,437976,916010,DEMOCRAT
Louisiana,1990,1,1,DEMOCRAT
Maine,1990,100,520320,OTHER
Maine,1990,319167,520320,REPUBLICAN
Maine,1990,201053,520320,DEMOCRAT
Massachusetts,1990,1321712,2424579,DEMOCRAT
Massachusetts,1990,992917,2424579,REPUBLICAN
Massachusetts,1990,109950,2424579,OTHER
Michigan,1990,32796,2560494,OTHER
Michigan,1990,1471753,2560494,DEMOCRAT
Michigan,1990,250,2560494,OTHER
Michigan,1990,1055695,2560494,REPUBLICAN
Minnesota,1990,864375,1808045,REPUBLICAN
Minnesota,1990,911999,1808045,DEMOCRAT
Minnesota,1990,1851,1808045,OTHER
Minnesota,1990,29820,1808045,OTHER
Mississippi,1990,274244,274244,REPUBLICAN
Montana,1990,217563,319336,DEMOCRAT
Montana,1990,93836,319336,REPUBLICAN
Montana,1990,7937,319336,LIBERTARIAN
Nebraska,1990,243013,593828,REPUBLICAN
Nebraska,1990,349779,593828,DEMOCRAT
Nebraska,1990,1036,593828,OTHER
New Hampshire,1990,9717,291393,LIBERTARIAN
New Hampshire,1990,189792,291393,REPUBLICAN
New Hampshire,1990,91299,291393,DEMOCRAT
New Hampshire,1990,585,291393,OTHER
New Jersey,1990,13988,1938454,LIBERTARIAN
New Jersey,1990,19978,1938454,OTHER
New Jersey,1990,918874,1938454,REPUBLICAN
New Jersey,1990,977810,1938454,DEMOCRAT
New Jersey,1990,7804,1938454,OTHER
New Mexico,1990,110033,406938,DEMOCRAT
New Mexico,1990,296712,406938,REPUBLICAN
New Mexico,1990,193,406938,OTHER
North Carolina,1990,681,2069585,OTHER
North Carolina,1990,981573,2069585,DEMOCRAT
North Carolina,1990,1087331,2069585,REPUBLICAN
Oklahoma,1990,148814,884498,REPUBLICAN
Oklahoma,1990,735684,884498,DEMOCRAT
Oregon,1990,590095,1099255,REPUBLICAN
Oregon,1990,1417,1099255,OTHER
Oregon,1990,507743,1099255,DEMOCRAT
Rhode Island,1990,138947,364062,REPUBLICAN
Rhode Island,1990,225105,364062,DEMOCRAT
Rhode Island,1990,10,364062,OTHER
South Carolina,1990,450,750716,OTHER
South Carolina,1990,482032,750716,REPUBLICAN
South Carolina,1990,244112,750716,DEMOCRAT
South Carolina,1990,13805,750716,LIBERTARIAN
South Carolina,1990,10317,750716,OTHER
South Dakota,1990,116727,258976,DEMOCRAT
South Dakota,1990,6567,258976,OTHER
South Dakota,1990,135682,258976,REPUBLICAN
Tennessee,1990,530898,783922,DEMOCRAT
Tennessee,1990,233703,783922,REPUBLICAN
Tennessee,1990,8021,783922,OTHER
Tennessee,1990,109,783922,OTHER
Tennessee,1990,11191,783922,OTHER
Texas,1990,1429986,3822157,DEMOCRAT
Texas,1990,725,3822157,OTHER
Texas,1990,89089,3822157,LIBERTARIAN
Texas,1990,2302357,3822157,REPUBLICAN
Virginia,1990,196755,1083690,OTHER
Virginia,1990,876782,1083690,REPUBLICAN
Virginia,1990,10153,1083690,OTHER
West Virginia,1990,276234,404305,DEMOCRAT
West Virginia,1990,128071,404305,REPUBLICAN
Wyoming,1990,100784,157632,REPUBLICAN
Wyoming,1990,56848,157632,DEMOCRAT
Alabama,1992,1022698,1577799,DEMOCRAT
Alabama,1992,1275,1577799,OTHER
Alabama,1992,31811,1577799,LIBERTARIAN
Alabama,1992,522015,1577799,REPUBLICAN
Alaska,1992,127163,239714,REPUBLICAN
Alaska,1992,92065,239714,DEMOCRAT
Alaska,1992,20019,239714,OTHER
Alaska,1992,467,239714,OTHER
Arizona,1992,436321,1382051,DEMOCRAT
Arizona,1992,145361,1382051,OTHER
Arizona,1992,771395,1382051,REPUBLICAN
Arizona,1992,22613,1382051,LIBERTARIAN
Arizona,1992,26,1382051,OTHER
Arizona,1992,6335,1382051,OTHER
Arkansas,1992,553635,920008,DEMOCRAT
Arkansas,1992,366373,920008,REPUBLICAN
California,1992,5853651,10782743,DEMOCRAT
California,1992,5173467,10799703,DEMOCRAT
California,1992,305697,10782743,OTHER
California,1992,235919,10799703,LIBERTARIAN
California,1992,247799,10782743,LIBERTARIAN
California,1992,267,10799703,OTHER
California,1992,281973,10782743,OTHER
California,1992,373051,10799703,OTHER
California,1992,4093501,10782743,REPUBLICAN
California,1992,4644182,10799703,REPUBLICAN
California,1992,372817,10799703,OTHER
California,1992,122,10782743,OTHER
Colorado,1992,803725,1552289,DEMOCRAT
Colorado,1992,20347,1552289,OTHER
Colorado,1992,662893,1552289,REPUBLICAN
Colorado,1992,22846,1552289,OTHER
Colorado,1992,23,1552289,LIBERTARIAN
Colorado,1992,42455,1552289,OTHER
Connecticut,1992,304907,1500661,OTHER
Connecticut,1992,572036,1500661,REPUBLICAN
Connecticut,1992,35315,1500661,OTHER
Connecticut,1992,577662,1500661,DEMOCRAT
Connecticut,1992,10741,1500661,LIBERTARIAN
Florida,1992,1716505,4962290,REPUBLICAN
Florida,1992,220,4962290,OTHER
Florida,1992,3245565,4962290,DEMOCRAT
Georgia,1992,11,2251587,OTHER
Georgia,1992,618877,1253991,DEMOCRAT
Georgia,1992,1108416,2251587,DEMOCRAT
Georgia,1992,1073282,2251587,REPUBLICAN
Georgia,1992,69878,2251587,LIBERTARIAN
Georgia,1992,635114,1253991,REPUBLICAN
Hawaii,1992,97928,363662,REPUBLICAN
Hawaii,1992,208266,363662,DEMOCRAT
Hawaii,1992,7547,363662,LIBERTARIAN
Hawaii,1992,49921,363662,OTHER
Idaho,1992,270468,478504,REPUBLICAN
Idaho,1992,208036,478504,DEMOCRAT
Illinois,1992,8656,4939558,OTHER
Illinois,1992,15118,4939558,OTHER
Illinois,1992,2126833,4939558,REPUBLICAN
Illinois,1992,10056,4939558,OTHER
Illinois,1992,28,4939558,OTHER
Illinois,1992,2631229,4939558,DEMOCRAT
Illinois,1992,12689,4939558,OTHER
Illinois,1992,100422,4939558,OTHER
Illinois,1992,34527,4939558,LIBERTARIAN
Indiana,1992,900148,2211426,DEMOCRAT
Indiana,1992,1267972,2211426,REPUBLICAN
Indiana,1992,35733,2211426,LIBERTARIAN
Indiana,1992,99,2211426,OTHER
Indiana,1992,7474,2211426,OTHER
Iowa,1992,16403,1292494,OTHER
Iowa,1992,6277,1292494,OTHER
Iowa,1992,351561,1292494,DEMOCRAT
Iowa,1992,3404,1292494,OTHER
Iowa,1992,4999,1292494,OTHER
Iowa,1992,899761,1292494,REPUBLICAN
Iowa,1992,1370,1292494,OTHER
Iowa,1992,2918,1292494,OTHER
Iowa,1992,293,1292494,OTHER
Iowa,1992,5508,1292494,OTHER
Kansas,1992,706246,1126447,REPUBLICAN
Kansas,1992,45423,1126447,OTHER
Kansas,1992,25253,1126447,LIBERTARIAN
Kansas,1992,349525,1126447,DEMOCRAT
Kentucky,1992,476604,1330858,REPUBLICAN
Kentucky,1992,836888,1330858,DEMOCRAT
Kentucky,1992,17366,1330858,LIBERTARIAN
Louisiana,1992,1,1,DEMOCRAT
Maryland,1992,1307610,1841298,DEMOCRAT
Maryland,1992,533688,1841298,REPUBLICAN
Missouri,1992,1221901,2354916,REPUBLICAN
Missouri,1992,1057967,2354916,DEMOCRAT
Missouri,1992,75048,2354916,LIBERTARIAN
Nevada,1992,11240,495887,OTHER
Nevada,1992,199413,495887,REPUBLICAN
Nevada,1992,4429,495887,OTHER
Nevada,1992,253150,495887,DEMOCRAT
Nevada,1992,13154,495887,OTHER
Nevada,1992,7222,495887,LIBERTARIAN
Nevada,1992,7279,495887,OTHER
New Hampshire,1992,249591,518170,REPUBLICAN
New Hampshire,1992,1291,518170,OTHER
New Hampshire,1992,4752,518170,OTHER
New Hampshire,1992,9340,518170,OTHER
New Hampshire,1992,234982,518170,DEMOCRAT
New Hampshire,1992,18214,518170,LIBERTARIAN
New York,1992,224914,7078805,OTHER
New York,1992,16724,7078805,OTHER
New York,1992,108530,7078805,LIBERTARIAN
New York,1992,289258,7078805,OTHER
New York,1992,619979,7078805,OTHER
New York,1992,143199,7078805,OTHER
New York,1992,23747,7078805,OTHER
New York,1992,2652822,7078805,REPUBLICAN
New York,1992,56631,7078805,OTHER
New York,1992,2943001,7078805,DEMOCRAT
North Carolina,1992,85948,2577891,LIBERTARIAN
North Carolina,1992,23,2577891,OTHER
North Carolina,1992,13,2577891,OTHER
North Carolina,1992,1194015,2577891,DEMOCRAT
North Carolina,1992,1297892,2577891,REPUBLICAN
North Dakota,1992,179347,303957,DEMOCRAT
North Dakota,1992,6448,303957,OTHER
North Dakota,1992,118162,303957,REPUBLICAN
Ohio,1992,2444419,4793953,DEMOCRAT
Ohio,1992,2028300,4793953,REPUBLICAN
Ohio,1992,321234,4793953,OTHER
Oklahoma,1992,757876,1294423,REPUBLICAN
Oklahoma,1992,20972,1294423,OTHER
Oklahoma,1992,494350,1294423,DEMOCRAT
Oklahoma,1992,21225,1294423,OTHER
Oregon,1992,639851,1376033,DEMOCRAT
Oregon,1992,12934,1376033,OTHER
Oregon,1992,5793,1376033,OTHER
Oregon,1992,717455,1376033,REPUBLICAN
Pennsylvania,1992,2224966,4802410,DEMOCRAT
Pennsylvania,1992,219319,4802410,LIBERTARIAN
Pennsylvania,1992,2358125,4802410,REPUBLICAN
South Carolina,1992,554175,1180438,REPUBLICAN
South Carolina,1992,11568,1180438,OTHER
South Carolina,1992,591030,1180438,DEMOCRAT
South Carolina,1992,703,1180438,OTHER
South Carolina,1992,22962,1180438,LIBERTARIAN
South Dakota,1992,4314,334495,OTHER
South Dakota,1992,217095,334495,DEMOCRAT
South Dakota,1992,108733,334495,REPUBLICAN
South Dakota,1992,4353,334495,LIBERTARIAN
Utah,1992,420069,758479,REPUBLICAN
Utah,1992,17549,758479,OTHER
Utah,1992,5292,758479,OTHER
Utah,1992,14341,758479,LIBERTARIAN
Utah,1992,301228,758479,DEMOCRAT
Vermont,1992,154762,285739,DEMOCRAT
Vermont,1992,5121,285739,OTHER
Vermont,1992,123854,285739,REPUBLICAN
Vermont,1992,1780,285739,OTHER
Vermont,1992,222,285739,OTHER
Washington,1992,1020829,2218802,REPUBLICAN
Washington,1992,1197973,2218802,DEMOCRAT
Wisconsin,1992,459,2455124,OTHER
Wisconsin,1992,9147,2455124,LIBERTARIAN
Wisconsin,1992,2747,2455124,OTHER
Wisconsin,1992,1129599,2455124,REPUBLICAN
Wisconsin,1992,1290662,2455124,DEMOCRAT
Wisconsin,1992,16513,2455124,OTHER
Wisconsin,1992,2733,2455124,OTHER
Wisconsin,1992,3264,2455124,OTHER
Arizona,1994,58,1119060,OTHER
Arizona,1994,442510,1119060,DEMOCRAT
Arizona,1994,75493,1119060,LIBERTARIAN
Arizona,1994,600999,1119060,REPUBLICAN
California,1994,3979152,8514089,DEMOCRAT
California,1994,140567,8514089,OTHER
California,1994,255301,8514089,OTHER
California,1994,142771,8514089,OTHER
California,1994,3817025,8514089,REPUBLICAN
California,1994,179100,8514089,LIBERTARIAN
California,1994,173,8514089,OTHER
Connecticut,1994,280049,1079664,OTHER
Connecticut,1994,20989,1079664,OTHER
Connecticut,1994,334833,1079664,REPUBLICAN
Connecticut,1994,443793,1079664,DEMOCRAT
Delaware,1994,3386,199000,LIBERTARIAN
Delaware,1994,111074,199000,REPUBLICAN
Delaware,1994,84540,199000,DEMOCRAT
Florida,1994,2895200,4106816,REPUBLICAN
Florida,1994,1210577,4106816,DEMOCRAT
Florida,1994,1039,4106816,OTHER
Hawaii,1994,256189,356902,DEMOCRAT
Hawaii,1994,86320,356902,REPUBLICAN
Hawaii,1994,14393,356902,LIBERTARIAN
Indiana,1994,1039625,1543568,REPUBLICAN
Indiana,1994,470799,1543568,DEMOCRAT
Indiana,1994,17343,1543568,LIBERTARIAN
Indiana,1994,15801,1543568,OTHER
Maine,1994,308244,511733,REPUBLICAN
Maine,1994,186042,511733,DEMOCRAT
Maine,1994,17205,511733,OTHER
Maine,1994,242,511733,OTHER
Maryland,1994,559908,1369101,REPUBLICAN
Maryland,1994,809125,1369101,DEMOCRAT
Maryland,1994,68,1369101,OTHER
Massachusetts,1994,14484,2179945,LIBERTARIAN
Massachusetts,1994,894000,2179945,REPUBLICAN
Massachusetts,1994,4776,2179945,OTHER
Massachusetts,1994,688,2179945,OTHER
Massachusetts,1994,1265997,2179945,DEMOCRAT
Michigan,1994,128393,3043385,LIBERTARIAN
Michigan,1994,1578770,3043385,REPUBLICAN
Michigan,1994,20010,3043385,OTHER
Michigan,1994,14746,3043385,OTHER
Michigan,1994,506,3043385,OTHER
Michigan,1994,1300960,3043385,DEMOCRAT
Minnesota,1994,5054,1772929,OTHER
Minnesota,1994,15920,1772929,OTHER
Minnesota,1994,869653,1772929,REPUBLICAN
Minnesota,1994,2614,1772929,OTHER
Minnesota,1994,781860,1772929,DEMOCRAT
Minnesota,1994,95400,1772929,OTHER
Minnesota,1994,2428,1772929,OTHER
Mississippi,1994,418333,608085,REPUBLICAN
Mississippi,1994,189752,608085,DEMOCRAT
Missouri,1994,81264,1775116,LIBERTARIAN
Missouri,1994,633697,1775116,DEMOCRAT
Missouri,1994,1060149,1775116,REPUBLICAN
Missouri,1994,1,1775116,OTHER
Missouri,1994,5,1775116,OTHER
Montana,1994,131845,350387,DEMOCRAT
Montana,1994,218542,350387,REPUBLICAN
Nebraska,1994,260668,579205,REPUBLICAN
Nebraska,1994,317297,579205,DEMOCRAT
Nebraska,1994,1240,579205,OTHER
Nevada,1994,5964,380530,LIBERTARIAN
Nevada,1994,156020,380530,REPUBLICAN
Nevada,1994,193804,380530,DEMOCRAT
Nevada,1994,12626,380530,OTHER
Nevada,1994,6666,380530,OTHER
Nevada,1994,5450,380530,OTHER
New Jersey,1994,6303,2054887,OTHER
New Jersey,1994,14042,2054887,LIBERTARIAN
New Jersey,1994,14343,2054887,OTHER
New Jersey,1994,3249,2054887,OTHER
New Jersey,1994,966244,2054887,REPUBLICAN
New Jersey,1994,1033487,2054887,DEMOCRAT
New Jersey,1994,9387,2054887,OTHER
New Jersey,1994,3606,2054887,OTHER
New Jersey,1994,4226,2054887,OTHER
New Mexico,1994,213025,463196,REPUBLICAN
New Mexico,1994,249989,463196,DEMOCRAT
New Mexico,1994,182,463196,OTHER
New York,1994,538150,5328486,OTHER
New York,1994,276548,5328486,OTHER
New York,1994,17991,5328486,LIBERTARIAN
New York,1994,118154,5328486,OTHER
New York,1994,26650,5328486,OTHER
New York,1994,2528387,5328486,DEMOCRAT
New York,1994,14892,5328486,OTHER
New York,1994,1711760,5328486,REPUBLICAN
New York,1994,95954,5328486,OTHER
North Dakota,1994,137157,236547,DEMOCRAT
North Dakota,1994,99390,236547,REPUBLICAN
Ohio,1994,84,3436884,OTHER
Ohio,1994,1348213,3436884,DEMOCRAT
Ohio,1994,252031,3436884,OTHER
Ohio,1994,1836556,3436884,REPUBLICAN
Oklahoma,1994,47552,982430,OTHER
Oklahoma,1994,392488,982430,DEMOCRAT
Oklahoma,1994,542390,982430,REPUBLICAN
Pennsylvania,1994,1735691,3513361,REPUBLICAN
Pennsylvania,1994,59115,3513361,LIBERTARIAN
Pennsylvania,1994,69825,3513361,OTHER
Pennsylvania,1994,1648481,3513361,DEMOCRAT
Pennsylvania,1994,249,3513361,OTHER
Rhode Island,1994,122532,345388,DEMOCRAT
Rhode Island,1994,222856,345388,REPUBLICAN
Tennessee,1994,2219,1465862,OTHER
Tennessee,1994,623164,1480391,DEMOCRAT
Tennessee,1994,1719,1465862,OTHER
Tennessee,1994,3087,1480391,OTHER
Tennessee,1994,834226,1480391,REPUBLICAN
Tennessee,1994,39,1480391,OTHER
Tennessee,1994,1934,1465862,OTHER
Tennessee,1994,1532,1465862,OTHER
Tennessee,1994,885998,1465862,REPUBLICAN
Tennessee,1994,6631,1480391,OTHER
Tennessee,1994,1184,1465862,OTHER
Tennessee,1994,1150,1465862,OTHER
Tennessee,1994,13244,1480391,OTHER
Tennessee,1994,565930,1465862,DEMOCRAT
Tennessee,1994,4169,1465862,OTHER
Tennessee,1994,27,1465862,OTHER
Texas,1994,1639615,4279940,DEMOCRAT
Texas,1994,36107,4279940,LIBERTARIAN
Texas,1994,2604218,4279940,REPUBLICAN
Utah,1994,1514,519304,OTHER
Utah,1994,2543,519304,OTHER
Utah,1994,357297,519304,REPUBLICAN
Utah,1994,9550,519304,OTHER
Utah,1994,1462,519304,OTHER
Utah,1994,146938,519304,DEMOCRAT
Vermont,1994,106505,211672,REPUBLICAN
Vermont,1994,85868,211672,DEMOCRAT
Vermont,1994,709,211672,OTHER
Vermont,1994,192,211672,OTHER
Vermont,1994,12465,211672,OTHER
Vermont,1994,3141,211672,OTHER
Vermont,1994,1376,211672,OTHER
Vermont,1994,1416,211672,OTHER
Virginia,1994,1437,2057463,OTHER
Virginia,1994,938376,2057463,DEMOCRAT
Virginia,1994,235324,2057463,OTHER
Virginia,1994,113,2057463,OTHER
Virginia,1994,882213,2057463,REPUBLICAN
Washington,1994,947821,1700173,REPUBLICAN
Washington,1994,752352,1700173,DEMOCRAT
West Virginia,1994,290495,420936,DEMOCRAT
West Virginia,1994,130441,420936,REPUBLICAN
Wisconsin,1994,15439,1565628,LIBERTARIAN
Wisconsin,1994,912662,1565628,DEMOCRAT
Wisconsin,1994,636989,1565628,REPUBLICAN
Wisconsin,1994,538,1565628,OTHER
Wyoming,1994,118754,201710,REPUBLICAN
Wyoming,1994,79287,201710,DEMOCRAT
Wyoming,1994,3669,201710,LIBERTARIAN
Alabama,1996,21550,1499393,LIBERTARIAN
Alabama,1996,681651,1499393,DEMOCRAT
Alabama,1996,9123,1499393,OTHER
Alabama,1996,786436,1499393,REPUBLICAN
Alabama,1996,633,1499393,OTHER
Alaska,1996,23977,231916,DEMOCRAT
Alaska,1996,1009,231916,OTHER
Alaska,1996,29037,231916,OTHER
Alaska,1996,177893,231916,REPUBLICAN
Arkansas,1996,400241,846183,DEMOCRAT
Arkansas,1996,445942,846183,REPUBLICAN
Colorado,1996,41620,1459601,OTHER
Colorado,1996,66,1459601,OTHER
Colorado,1996,667600,1459601,DEMOCRAT
Colorado,1996,750315,1459601,REPUBLICAN
Delaware,1996,1698,275591,OTHER
Delaware,1996,105088,275591,REPUBLICAN
Delaware,1996,3340,275591,LIBERTARIAN
Delaware,1996,165465,275591,DEMOCRAT
Georgia,1996,1073969,2259224,REPUBLICAN
Georgia,1996,1103993,2259224,DEMOCRAT
Georgia,1996,81262,2259224,LIBERTARIAN
Idaho,1996,283532,497233,REPUBLICAN
Idaho,1996,198422,497233,DEMOCRAT
Idaho,1996,10137,497233,OTHER
Idaho,1996,5142,497233,OTHER
Illinois,1996,1728824,4250722,REPUBLICAN
Illinois,1996,61023,4250722,OTHER
Illinois,1996,17563,4250722,OTHER
Illinois,1996,41218,4250722,LIBERTARIAN
Illinois,1996,4228,4250722,OTHER
Illinois,1996,13838,4250722,OTHER
Illinois,1996,2384028,4250722,DEMOCRAT
Iowa,1996,634166,1224054,DEMOCRAT
Iowa,1996,280,1224054,OTHER
Iowa,1996,9768,1224054,OTHER
Iowa,1996,571807,1224054,REPUBLICAN
Iowa,1996,1941,1224054,OTHER
Iowa,1996,1844,1224054,OTHER
Iowa,1996,4248,1224054,OTHER
Kansas,1996,29351,1064716,OTHER
Kansas,1996,574021,1064716,REPUBLICAN
Kansas,1996,652677,1052300,REPUBLICAN
Kansas,1996,461344,1064716,DEMOCRAT
Kansas,1996,24145,1052300,OTHER
Kansas,1996,362380,1052300,DEMOCRAT
Kansas,1996,13098,1052300,LIBERTARIAN
Kentucky,1996,5284,1307046,OTHER
Kentucky,1996,724794,1307046,REPUBLICAN
Kentucky,1996,17,1307046,OTHER
Kentucky,1996,8344,1307046,OTHER
Kentucky,1996,8595,1307046,LIBERTARIAN
Kentucky,1996,560012,1307046,DEMOCRAT
Louisiana,1996,847157,1700102,REPUBLICAN
Louisiana,1996,852945,1700102,DEMOCRAT
Maine,1996,18618,606777,OTHER
Maine,1996,266226,606777,DEMOCRAT
Maine,1996,70,606777,OTHER
Maine,1996,23441,606777,OTHER
Maine,1996,298422,606777,REPUBLICAN
Massachusetts,1996,1334135,2555942,DEMOCRAT
Massachusetts,1996,7169,2555942,OTHER
Massachusetts,1996,70007,2555942,OTHER
Massachusetts,1996,1143120,2555942,REPUBLICAN
Massachusetts,1996,1511,2555942,OTHER
Michigan,1996,304,3762575,OTHER
Michigan,1996,11306,3762575,OTHER
Michigan,1996,36911,3762575,LIBERTARIAN
Michigan,1996,2195738,3762575,DEMOCRAT
Michigan,1996,12235,3762575,OTHER
Michigan,1996,1500106,3762575,REPUBLICAN
Michigan,1996,5975,3762575,OTHER
Minnesota,1996,14139,2182905,OTHER
Minnesota,1996,1554,2182905,OTHER
Minnesota,1996,4381,2182905,OTHER
Minnesota,1996,5428,2182905,LIBERTARIAN
Minnesota,1996,901194,2182905,REPUBLICAN
Minnesota,1996,4321,2182905,OTHER
Minnesota,1996,152328,2182905,OTHER
Minnesota,1996,1130,2182905,OTHER
Minnesota,1996,1098430,2182905,DEMOCRAT
Mississippi,1996,13861,878662,OTHER
Mississippi,1996,624154,878662,REPUBLICAN
Mississippi,1996,240647,878662,DEMOCRAT
Montana,1996,182111,407490,REPUBLICAN
Montana,1996,4168,407490,OTHER
Montana,1996,201935,407490,DEMOCRAT
Montana,1996,19276,407490,OTHER
Nebraska,1996,281904,661837,DEMOCRAT
Nebraska,1996,379933,661837,REPUBLICAN
New Hampshire,1996,22261,491873,LIBERTARIAN
New Hampshire,1996,242257,491873,REPUBLICAN
New Hampshire,1996,227355,491873,DEMOCRAT
New Jersey,1996,7749,2883466,OTHER
New Jersey,1996,11107,2883466,OTHER
New Jersey,1996,13683,2883466,OTHER
New Jersey,1996,14319,2883466,OTHER
New Jersey,1996,1227351,2883466,REPUBLICAN
New Jersey,1996,1519154,2883466,DEMOCRAT
New Jersey,1996,23949,2883466,OTHER
New Jersey,1996,50971,2883466,OTHER
New Jersey,1996,15183,2883466,OTHER
New Mexico,1996,357171,551821,REPUBLICAN
New Mexico,1996,164356,551821,DEMOCRAT
New Mexico,1996,24230,551821,OTHER
New Mexico,1996,6064,551821,LIBERTARIAN
North Carolina,1996,143,2556456,OTHER
North Carolina,1996,1345833,2556456,REPUBLICAN
North Carolina,1996,11209,2556456,OTHER
North Carolina,1996,1173875,2556456,DEMOCRAT
North Carolina,1996,25396,2556456,LIBERTARIAN
Oklahoma,1996,15092,1183150,OTHER
Oklahoma,1996,670610,1183150,REPUBLICAN
Oklahoma,1996,14595,1183150,LIBERTARIAN
Oklahoma,1996,474162,1183150,DEMOCRAT
Oklahoma,1996,8691,1183150,OTHER
Oregon,1996,624370,1360230,DEMOCRAT
Oregon,1996,20381,1360230,OTHER
Oregon,1996,14193,1360230,OTHER
Oregon,1996,12697,1360230,LIBERTARIAN
Oregon,1996,1402,1360230,OTHER
Oregon,1996,4425,1360230,OTHER
Oregon,1996,5426,1360230,OTHER
Oregon,1996,677336,1360230,REPUBLICAN
Rhode Island,1996,6327,364371,OTHER
Rhode Island,1996,230676,364371,DEMOCRAT
Rhode Island,1996,127368,364371,REPUBLICAN
South Carolina,1996,619859,1161231,REPUBLICAN
South Carolina,1996,510951,1161231,DEMOCRAT
South Carolina,1996,12988,1161231,LIBERTARIAN
South Carolina,1996,9740,1161231,OTHER
South Carolina,1996,7693,1161231,OTHER
South Dakota,1996,157954,324487,REPUBLICAN
South Dakota,1996,166533,324487,DEMOCRAT
Tennessee,1996,4104,1778664,OTHER
Tennessee,1996,61,1778664,OTHER
Tennessee,1996,1091554,1778664,REPUBLICAN
Tennessee,1996,5865,1778664,OTHER
Tennessee,1996,14401,1778664,OTHER
Tennessee,1996,2173,1778664,OTHER
Tennessee,1996,654937,1778664,DEMOCRAT
Tennessee,1996,5569,1778664,OTHER
Texas,1996,19469,5527441,OTHER
Texas,1996,2428776,5527441,DEMOCRAT
Texas,1996,3027680,5527441,REPUBLICAN
Texas,1996,51516,5527441,LIBERTARIAN
Virginia,1996,1235744,2354715,REPUBLICAN
Virginia,1996,2989,2354715,OTHER
Virginia,1996,1115982,2354715,DEMOCRAT
West Virginia,1996,456526,595614,DEMOCRAT
West Virginia,1996,139088,595614,REPUBLICAN
Wyoming,1996,114116,211077,REPUBLICAN
Wyoming,1996,2569,211077,OTHER
Wyoming,1996,89103,211077,DEMOCRAT
Wyoming,1996,5289,211077,LIBERTARIAN
Alabama,1998,864,1293405,OTHER
Alabama,1998,817973,1293405,REPUBLICAN
Alabama,1998,474568,1293405,DEMOCRAT
Alaska,1998,165227,221807,REPUBLICAN
Alaska,1998,5046,221807,LIBERTARIAN
Alaska,1998,43743,221807,DEMOCRAT
Alaska,1998,7126,221807,OTHER
Alaska,1998,665,221807,OTHER
Arizona,1998,187,1013280,OTHER
Arizona,1998,275224,1013280,DEMOCRAT
Arizona,1998,696577,1013280,REPUBLICAN
Arizona,1998,18288,1013280,OTHER
Arizona,1998,23004,1013280,LIBERTARIAN
Arkansas,1998,187,700831,OTHER
Arkansas,1998,18896,700831,OTHER
Arkansas,1998,295870,700831,REPUBLICAN
Arkansas,1998,385878,700831,DEMOCRAT
California,1998,3575078,8311905,REPUBLICAN
California,1998,4410056,8311905,DEMOCRAT
California,1998,82918,8311905,OTHER
California,1998,54699,8311905,OTHER
California,1998,48685,8311905,OTHER
California,1998,93926,8311905,LIBERTARIAN
California,1998,46543,8311905,OTHER
Colorado,1998,1981,1327235,OTHER
Colorado,1998,14024,1327235,LIBERTARIAN
Colorado,1998,829370,1327235,REPUBLICAN
Colorado,1998,464754,1327235,DEMOCRAT
Colorado,1998,9775,1327235,OTHER
Colorado,1998,3230,1327235,OTHER
Colorado,1998,4101,1327235,OTHER
Connecticut,1998,6517,964457,OTHER
Connecticut,1998,312177,964457,REPUBLICAN
Connecticut,1998,628306,964457,DEMOCRAT
Connecticut,1998,5196,964457,LIBERTARIAN
Connecticut,1998,12261,964457,OTHER
Florida,1998,2436407,3900162,DEMOCRAT
Florida,1998,1463755,3900162,REPUBLICAN
Georgia,1998,43467,1753953,LIBERTARIAN
Georgia,1998,791904,1753953,DEMOCRAT
Georgia,1998,42,1753953,OTHER
Georgia,1998,918540,1753953,REPUBLICAN
Hawaii,1998,11908,398124,LIBERTARIAN
Hawaii,1998,315252,398124,DEMOCRAT
Hawaii,1998,70964,398124,REPUBLICAN
Idaho,1998,262966,378174,REPUBLICAN
Idaho,1998,107375,378174,DEMOCRAT
Idaho,1998,7833,378174,OTHER
Illinois,1998,74704,3394521,OTHER
Illinois,1998,280,3394521,OTHER
Illinois,1998,1709041,3394521,REPUBLICAN
Illinois,1998,1610496,3394521,DEMOCRAT
Indiana,1998,1012244,1588617,DEMOCRAT
Indiana,1998,552732,1588617,REPUBLICAN
Indiana,1998,23641,1588617,LIBERTARIAN
Iowa,1998,2542,947907,OTHER
Iowa,1998,7561,947907,OTHER
Iowa,1998,275,947907,OTHER
Iowa,1998,648480,947907,REPUBLICAN
Iowa,1998,289049,947907,DEMOCRAT
Kansas,1998,474639,727236,REPUBLICAN
Kansas,1998,229718,727236,DEMOCRAT
Kansas,1998,11334,727236,OTHER
Kansas,1998,11545,727236,LIBERTARIAN
Kentucky,1998,12546,1145414,OTHER
Kentucky,1998,563051,1145414,DEMOCRAT
Kentucky,1998,569817,1145414,REPUBLICAN
Louisiana,1998,9893,969165,DEMOCRAT
Louisiana,1998,3227,969165,OTHER
Louisiana,1998,6366,969165,OTHER
Louisiana,1998,2394,969165,OTHER
Louisiana,1998,620502,969165,DEMOCRAT
Louisiana,1998,12203,969165,OTHER
Louisiana,1998,306616,969165,REPUBLICAN
Louisiana,1998,7964,969165,REPUBLICAN
Maryland,1998,1062810,1507447,DEMOCRAT
Maryland,1998,444637,1507447,REPUBLICAN
Missouri,1998,31876,1576857,LIBERTARIAN
Missouri,1998,690208,1576857,DEMOCRAT
Missouri,1998,15368,1576857,OTHER
Missouri,1998,8780,1576857,OTHER
Missouri,1998,830625,1576857,REPUBLICAN
Nevada,1998,208220,435864,REPUBLICAN
Nevada,1998,2781,435864,OTHER
Nevada,1998,208621,435864,DEMOCRAT
Nevada,1998,8129,435864,LIBERTARIAN
Nevada,1998,8113,435864,OTHER
New Hampshire,1998,7603,314696,LIBERTARIAN
New Hampshire,1998,88883,314696,DEMOCRAT
New Hampshire,1998,213477,314696,REPUBLICAN
New Hampshire,1998,4733,314696,OTHER
New York,1998,104565,4989877,OTHER
New York,1998,319072,4989877,OTHER
New York,1998,109027,4989877,OTHER
New York,1998,2386314,4989877,DEMOCRAT
New York,1998,55724,4989877,OTHER
New York,1998,1680203,4989877,REPUBLICAN
New York,1998,8223,4989877,LIBERTARIAN
New York,1998,14735,4989877,OTHER
New York,1998,3513,4989877,OTHER
New York,1998,34281,4989877,OTHER
New York,1998,274220,4989877,OTHER
North Carolina,1998,36963,2012143,LIBERTARIAN
North Carolina,1998,945943,2012143,REPUBLICAN
North Carolina,1998,1029237,2012143,DEMOCRAT
North Dakota,1998,3598,213358,OTHER
North Dakota,1998,75013,213358,REPUBLICAN
North Dakota,1998,134747,213358,DEMOCRAT
Ohio,1998,1922087,3404351,REPUBLICAN
Ohio,1998,210,3404351,OTHER
Ohio,1998,1482054,3404351,DEMOCRAT
Oklahoma,1998,570682,859713,REPUBLICAN
Oklahoma,1998,4617,859713,OTHER
Oklahoma,1998,268898,859713,DEMOCRAT
Oklahoma,1998,15516,859713,OTHER
Oregon,1998,1413,1117747,OTHER
Oregon,1998,7553,1117747,OTHER
Oregon,1998,22024,1117747,OTHER
Oregon,1998,377739,1117747,REPUBLICAN
Oregon,1998,8372,1117747,OTHER
Oregon,1998,18221,1117747,LIBERTARIAN
Oregon,1998,682425,1117747,DEMOCRAT
Pennsylvania,1998,68377,2957499,OTHER
Pennsylvania,1998,1028839,2957499,DEMOCRAT
Pennsylvania,1998,1814180,2957499,REPUBLICAN
Pennsylvania,1998,46103,2957499,LIBERTARIAN
South Carolina,1998,488238,1069063,REPUBLICAN
South Carolina,1998,16991,1069063,LIBERTARIAN
South Carolina,1998,563377,1069063,DEMOCRAT
South Carolina,1998,457,1069063,OTHER
South Dakota,1998,162884,262111,DEMOCRAT
South Dakota,1998,3796,262111,LIBERTARIAN
South Dakota,1998,95431,262111,REPUBLICAN
Utah,1998,15073,494909,OTHER
Utah,1998,163172,494909,DEMOCRAT
Utah,1998,316652,494909,REPUBLICAN
Utah,1998,12,494909,OTHER
Vermont,1998,4199,214036,LIBERTARIAN
Vermont,1998,1238,214036,OTHER
Vermont,1998,2893,214036,OTHER
Vermont,1998,154567,214036,DEMOCRAT
Vermont,1998,2459,214036,OTHER
Vermont,1998,629,214036,OTHER
Vermont,1998,48051,214036,REPUBLICAN
Washington,1998,1103184,1888561,DEMOCRAT
Washington,1998,785377,1888561,REPUBLICAN
Wisconsin,1998,706,1760836,OTHER
Wisconsin,1998,852272,1760836,REPUBLICAN
Wisconsin,1998,4266,1760836,OTHER
Wisconsin,1998,5591,1760836,LIBERTARIAN
Wisconsin,1998,7942,1760836,OTHER
Wisconsin,1998,890059,1760836,DEMOCRAT
Arizona,2000,109230,1397076,OTHER
Arizona,2000,108926,1397076,OTHER
Arizona,2000,1108196,1397076,REPUBLICAN
Arizona,2000,70724,1397076,LIBERTARIAN
California,2000,96552,10623608,OTHER
California,2000,326828,10623608,OTHER
California,2000,3886853,10623608,REPUBLICAN
California,2000,5932522,10623608,DEMOCRAT
California,2000,58537,10623608,OTHER
California,2000,134598,10623608,OTHER
California,2000,187718,10623608,LIBERTARIAN
Connecticut,2000,828902,1311261,DEMOCRAT
Connecticut,2000,8773,1311261,LIBERTARIAN
Connecticut,2000,448077,1311261,REPUBLICAN
Connecticut,2000,25509,1311261,OTHER
Delaware,2000,181566,326993,DEMOCRAT
Delaware,2000,1103,326993,LIBERTARIAN
Delaware,2000,1044,326993,OTHER
Delaware,2000,142891,326993,REPUBLICAN
Delaware,2000,389,326993,OTHER
Florida,2000,21664,5856731,OTHER
Florida,2000,2989487,5856731,DEMOCRAT
Florida,2000,2705348,5856731,REPUBLICAN
Florida,2000,80830,5856731,OTHER
Florida,2000,26087,5856731,OTHER
Florida,2000,88,5856731,OTHER
Florida,2000,17338,5856731,OTHER
Florida,2000,15889,5856731,OTHER
Georgia,2000,920478,2415743,OTHER
Georgia,2000,25942,2415743,OTHER
Georgia,2000,22975,2415743,OTHER
Georgia,2000,21249,2415743,OTHER
Georgia,2000,1413224,2415743,DEMOCRAT
Georgia,2000,11875,2415743,OTHER
Hawaii,2000,84701,345623,REPUBLICAN
Hawaii,2000,3127,345623,LIBERTARIAN
Hawaii,2000,4220,345623,OTHER
Hawaii,2000,2360,345623,OTHER
Hawaii,2000,251215,345623,DEMOCRAT
Indiana,2000,33992,2145209,LIBERTARIAN
Indiana,2000,1427944,2145209,REPUBLICAN
Indiana,2000,683273,2145209,DEMOCRAT
Maine,2000,197183,634872,DEMOCRAT
Maine,2000,437689,634872,REPUBLICAN
Maryland,2000,715178,1946898,REPUBLICAN
Maryland,2000,113,1946898,OTHER
Maryland,2000,1230013,1946898,DEMOCRAT
Maryland,2000,1594,1946898,OTHER
Massachusetts,2000,42113,2734048,OTHER
Massachusetts,2000,308860,2734048,LIBERTARIAN
Massachusetts,2000,8452,2734048,OTHER
Massachusetts,2000,134586,2734048,OTHER
Massachusetts,2000,42,2734048,OTHER
Massachusetts,2000,1889494,2734048,DEMOCRAT
Massachusetts,2000,13687,2734048,OTHER
Massachusetts,2000,2473,2734048,OTHER
Massachusetts,2000,334341,2734048,REPUBLICAN
Michigan,2000,29966,4167685,LIBERTARIAN
Michigan,2000,5630,4167685,OTHER
Michigan,2000,26274,4167685,OTHER
Michigan,2000,2061952,4167685,DEMOCRAT
Michigan,2000,1994693,4167685,REPUBLICAN
Michigan,2000,11628,4167685,OTHER
Michigan,2000,37542,4167685,OTHER
Minnesota,2000,4,2419520,OTHER
Minnesota,2000,21447,2419520,OTHER
Minnesota,2000,1181553,2419520,DEMOCRAT
Minnesota,2000,140583,2419520,OTHER
Minnesota,2000,8915,2419520,OTHER
Minnesota,2000,12956,2419520,OTHER
Minnesota,2000,1047474,2419520,REPUBLICAN
Minnesota,2000,6588,2419520,LIBERTARIAN
Mississippi,2000,9344,994144,OTHER
Mississippi,2000,654941,994144,REPUBLICAN
Mississippi,2000,7315,994144,OTHER
Mississippi,2000,314090,994144,DEMOCRAT
Mississippi,2000,8454,994144,LIBERTARIAN
Missouri,2000,4166,2361586,OTHER
Missouri,2000,10612,2361586,OTHER
Missouri,2000,1933,2361586,OTHER
Missouri,2000,1142852,2361586,REPUBLICAN
Missouri,2000,13,2361586,OTHER
Missouri,2000,1191812,2361586,DEMOCRAT
Missouri,2000,10198,2361586,LIBERTARIAN
Montana,2000,9089,411601,OTHER
Montana,2000,194430,411601,DEMOCRAT
Montana,2000,208082,411601,REPUBLICAN
Nebraska,2000,337977,692350,REPUBLICAN
Nebraska,2000,353093,692350,DEMOCRAT
Nebraska,2000,1280,692350,OTHER
Nevada,2000,330687,600776,REPUBLICAN
Nevada,2000,457,600776,OTHER
Nevada,2000,5395,600776,LIBERTARIAN
Nevada,2000,2540,600776,OTHER
Nevada,2000,11503,600776,OTHER
Nevada,2000,69,600776,OTHER
Nevada,2000,1579,600776,OTHER
Nevada,2000,238260,600776,DEMOCRAT
Nevada,2000,10286,600776,OTHER
New Jersey,2000,5657,3015662,OTHER
New Jersey,2000,1420267,3015662,REPUBLICAN
New Jersey,2000,1511237,3015662,DEMOCRAT
New Jersey,2000,3365,3015662,OTHER
New Jersey,2000,19312,3015662,OTHER
New Jersey,2000,2536,3015662,OTHER
New Jersey,2000,7241,3015662,OTHER
New Jersey,2000,3309,3015662,OTHER
New Jersey,2000,32841,3015662,OTHER
New Jersey,2000,3836,3015662,OTHER
New Jersey,2000,6061,3015662,OTHER
New Mexico,2000,225517,589526,REPUBLICAN
New Mexico,2000,265,589526,OTHER
New Mexico,2000,363744,589526,DEMOCRAT
New York,2000,179823,6959662,OTHER
New York,2000,3414,6959662,OTHER
New York,2000,82801,6959662,OTHER
New York,2000,21439,6959662,OTHER
New York,2000,102094,6959662,OTHER
New York,2000,191141,6959662,OTHER
New York,2000,2724589,6959662,REPUBLICAN
New York,2000,43181,6959662,OTHER
New York,2000,3040,6959662,OTHER
New York,2000,3562415,6959662,DEMOCRAT
New York,2000,40991,6959662,OTHER
New York,2000,4734,6959662,LIBERTARIAN
North Dakota,2000,176470,287539,DEMOCRAT
North Dakota,2000,111069,287539,REPUBLICAN
Ohio,2000,786,4448801,OTHER
Ohio,2000,70713,4448801,OTHER
Ohio,2000,116724,4448801,LIBERTARIAN
Ohio,2000,1595066,4448801,DEMOCRAT
Ohio,2000,2665512,4448801,REPUBLICAN
Pennsylvania,2000,2154908,4735116,DEMOCRAT
Pennsylvania,2000,45775,4735116,LIBERTARIAN
Pennsylvania,2000,24089,4735116,OTHER
Pennsylvania,2000,2481962,4735116,REPUBLICAN
Pennsylvania,2000,28382,4735116,OTHER
Rhode Island,2000,161023,391353,DEMOCRAT
Rhode Island,2000,222588,391353,REPUBLICAN
Rhode Island,2000,3635,391353,OTHER
Rhode Island,2000,4107,391353,OTHER
Tennessee,2000,621152,1928613,DEMOCRAT
Tennessee,2000,4388,1928613,OTHER
Tennessee,2000,259,1928613,OTHER
Tennessee,2000,8416,1928613,OTHER
Tennessee,2000,10004,1928613,OTHER
Tennessee,2000,1255444,1928613,REPUBLICAN
Tennessee,2000,25815,1928613,OTHER
Tennessee,2000,3135,1928613,OTHER
Texas,2000,2025024,6267964,DEMOCRAT
Texas,2000,4078954,6267964,REPUBLICAN
Texas,2000,72657,6267964,LIBERTARIAN
Texas,2000,91329,6267964,OTHER
Utah,2000,242569,769704,DEMOCRAT
Utah,2000,10394,769704,LIBERTARIAN
Utah,2000,11938,769704,OTHER
Utah,2000,504803,769704,REPUBLICAN
Vermont,2000,10079,288500,OTHER
Vermont,2000,5366,288500,OTHER
Vermont,2000,73352,288500,DEMOCRAT
Vermont,2000,1477,288500,OTHER
Vermont,2000,3843,288500,LIBERTARIAN
Vermont,2000,189133,288500,REPUBLICAN
Vermont,2000,4889,288500,OTHER
Vermont,2000,361,288500,OTHER
Virginia,2000,1296093,2718301,DEMOCRAT
Virginia,2000,1748,2718301,OTHER
Virginia,2000,1420460,2718301,REPUBLICAN
Washington,2000,1197208,2461379,REPUBLICAN
Washington,2000,1199437,2461379,DEMOCRAT
Washington,2000,64734,2461379,LIBERTARIAN
West Virginia,2000,12627,603477,LIBERTARIAN
West Virginia,2000,469215,603477,DEMOCRAT
West Virginia,2000,121635,603477,REPUBLICAN
Wisconsin,2000,1563238,2540083,DEMOCRAT
Wisconsin,2000,9555,2540083,OTHER
Wisconsin,2000,902,2540083,OTHER
Wisconsin,2000,21348,2540083,LIBERTARIAN
Wisconsin,2000,940744,2540083,REPUBLICAN
Wisconsin,2000,4296,2540083,OTHER
Wyoming,2000,157622,213659,REPUBLICAN
Wyoming,2000,8950,213659,LIBERTARIAN
Wyoming,2000,47087,213659,DEMOCRAT
Alabama,2002,792561,1353023,REPUBLICAN
Alabama,2002,20234,1353023,LIBERTARIAN
Alabama,2002,1350,1353023,OTHER
Alabama,2002,538878,1353023,DEMOCRAT
Alaska,2002,6724,229548,OTHER
Alaska,2002,179438,229548,REPUBLICAN
Alaska,2002,291,229548,OTHER
Alaska,2002,2354,229548,LIBERTARIAN
Alaska,2002,16608,229548,OTHER
Alaska,2002,24133,229548,DEMOCRAT
Arkansas,2002,370735,804121,REPUBLICAN
Arkansas,2002,433386,804121,DEMOCRAT
Colorado,2002,21547,1416082,OTHER
Colorado,2002,596,1416082,OTHER
Colorado,2002,717893,1416082,REPUBLICAN
Colorado,2002,7140,1416082,OTHER
Colorado,2002,20776,1416082,LIBERTARIAN
Colorado,2002,648130,1416082,DEMOCRAT
Delaware,2002,996,232314,OTHER
Delaware,2002,922,232314,LIBERTARIAN
Delaware,2002,135253,232314,DEMOCRAT
Delaware,2002,94793,232314,REPUBLICAN
Delaware,2002,350,232314,OTHER
Georgia,2002,1071352,2031604,REPUBLICAN
Georgia,2002,932422,2031604,DEMOCRAT
Georgia,2002,27830,2031604,LIBERTARIAN
Idaho,2002,266215,408544,REPUBLICAN
Idaho,2002,132975,408544,DEMOCRAT
Idaho,2002,9354,408544,LIBERTARIAN
Illinois,2002,1325703,3486851,REPUBLICAN
Illinois,2002,57382,3486851,LIBERTARIAN
Illinois,2002,2103766,3486851,DEMOCRAT
Iowa,2002,8864,1023075,LIBERTARIAN
Iowa,2002,11340,1023075,OTHER
Iowa,2002,447892,1023075,REPUBLICAN
Iowa,2002,701,1023075,OTHER
Iowa,2002,554278,1023075,DEMOCRAT
Kansas,2002,70725,776850,LIBERTARIAN
Kansas,2002,65050,776850,OTHER
Kansas,2002,641075,776850,REPUBLICAN
Kentucky,2002,731679,1131313,REPUBLICAN
Kentucky,2002,399634,1131313,DEMOCRAT
Louisiana,2002,2423,2481629,OTHER
Louisiana,2002,119776,2481629,REPUBLICAN
Louisiana,2002,171752,2481629,REPUBLICAN
Louisiana,2002,638654,2481629,DEMOCRAT
Louisiana,2002,23553,2481629,DEMOCRAT
Louisiana,2002,596642,2481629,REPUBLICAN
Louisiana,2002,339506,2481629,REPUBLICAN
Louisiana,2002,10442,2481629,OTHER
Louisiana,2002,3866,2481629,OTHER
Louisiana,2002,1668,2481629,REPUBLICAN
Louisiana,2002,573347,2481629,DEMOCRAT
Maine,2002,295041,504899,REPUBLICAN
Maine,2002,209858,504899,DEMOCRAT
Massachusetts,2002,6077,2220301,OTHER
Massachusetts,2002,24898,2220301,OTHER
Massachusetts,2002,369807,2220301,LIBERTARIAN
Massachusetts,2002,213543,2220301,OTHER
Massachusetts,2002,1605976,2220301,DEMOCRAT
Michigan,2002,12831,3129287,OTHER
Michigan,2002,1896614,3129287,DEMOCRAT
Michigan,2002,1185545,3129287,REPUBLICAN
Michigan,2002,10366,3129287,OTHER
Michigan,2002,23931,3129287,OTHER
Minnesota,2002,7,2254636,OTHER
Minnesota,2002,1116697,2254636,REPUBLICAN
Minnesota,2002,3,2254636,OTHER
Minnesota,2002,1790,2254636,OTHER
Minnesota,2002,11381,2254636,DEMOCRAT
Minnesota,2002,45139,2254636,OTHER
Minnesota,2002,10119,2254636,OTHER
Minnesota,2002,1067246,2254636,DEMOCRAT
Minnesota,2002,2254,2254636,OTHER
Mississippi,2002,533269,630495,REPUBLICAN
Mississippi,2002,97226,630495,OTHER
Missouri,2002,913778,1877620,DEMOCRAT
Missouri,2002,10465,1877620,OTHER
Missouri,2002,935032,1877620,REPUBLICAN
Missouri,2002,18345,1877620,LIBERTARIAN
Montana,2002,204853,326537,DEMOCRAT
Montana,2002,10420,326537,LIBERTARIAN
Montana,2002,103611,326537,REPUBLICAN
Montana,2002,7653,326537,OTHER
Nebraska,2002,70290,480217,DEMOCRAT
Nebraska,2002,5066,480217,OTHER
Nebraska,2002,397438,480217,REPUBLICAN
Nebraska,2002,7423,480217,LIBERTARIAN
New Hampshire,2002,9835,447135,LIBERTARIAN
New Hampshire,2002,207478,447135,DEMOCRAT
New Hampshire,2002,197,447135,OTHER
New Hampshire,2002,227229,447135,REPUBLICAN
New Hampshire,2002,2396,447135,OTHER
New Jersey,2002,2702,2112604,OTHER
New Jersey,2002,12558,2112604,LIBERTARIAN
New Jersey,2002,6404,2112604,OTHER
New Jersey,2002,928439,2112604,REPUBLICAN
New Jersey,2002,1138193,2112604,DEMOCRAT
New Jersey,2002,24308,2112604,OTHER
New Mexico,2002,168863,483056,DEMOCRAT
New Mexico,2002,314193,483056,REPUBLICAN
North Carolina,2002,33807,2331181,LIBERTARIAN
North Carolina,2002,727,2331181,OTHER
North Carolina,2002,1047983,2331181,DEMOCRAT
North Carolina,2002,1248664,2331181,REPUBLICAN
Oklahoma,2002,65056,1018424,OTHER
Oklahoma,2002,583579,1018424,REPUBLICAN
Oklahoma,2002,369789,1018424,DEMOCRAT
Oregon,2002,712287,1267221,REPUBLICAN
Oregon,2002,1354,1267221,OTHER
Oregon,2002,29979,1267221,LIBERTARIAN
Oregon,2002,21703,1267221,OTHER
Oregon,2002,501898,1267221,DEMOCRAT
Rhode Island,2002,253774,323582,DEMOCRAT
Rhode Island,2002,69808,323582,REPUBLICAN
South Carolina,2002,8228,1102912,OTHER
South Carolina,2002,600010,1102912,REPUBLICAN
South Carolina,2002,487359,1102912,DEMOCRAT
South Carolina,2002,6648,1102912,LIBERTARIAN
South Carolina,2002,667,1102912,OTHER
South Dakota,2002,3071,337501,LIBERTARIAN
South Dakota,2002,167481,337501,DEMOCRAT
South Dakota,2002,166949,337501,REPUBLICAN
Tennessee,2002,6106,1642432,OTHER
Tennessee,2002,2217,1642432,OTHER
Tennessee,2002,728232,1642432,DEMOCRAT
Tennessee,2002,356,1642432,OTHER
Tennessee,2002,5349,1642432,OTHER
Tennessee,2002,1170,1642432,OTHER
Tennessee,2002,6401,1642432,OTHER
Tennessee,2002,891498,1642432,REPUBLICAN
Tennessee,2002,1103,1642432,OTHER
Texas,2002,1422,4514012,OTHER
Texas,2002,25051,4514012,OTHER
Texas,2002,2496243,4514012,REPUBLICAN
Texas,2002,1955758,4514012,DEMOCRAT
Texas,2002,35538,4514012,LIBERTARIAN
Virginia,2002,145102,1489422,OTHER
Virginia,2002,106055,1489422,OTHER
Virginia,2002,1229894,1489422,REPUBLICAN
Virginia,2002,8371,1489422,OTHER
West Virginia,2002,160902,436183,REPUBLICAN
West Virginia,2002,275281,436183,DEMOCRAT
Wyoming,2002,49570,183280,DEMOCRAT
Wyoming,2002,133710,183280,REPUBLICAN
Alabama,2004,1848,1839066,OTHER
Alabama,2004,1242200,1839066,REPUBLICAN
Alabama,2004,595018,1839066,DEMOCRAT
Alaska,2004,3053,308315,OTHER
Alaska,2004,140424,308315,DEMOCRAT
Alaska,2004,149773,308315,REPUBLICAN
Alaska,2004,423,308315,OTHER
Alaska,2004,1240,308315,OTHER
Alaska,2004,8885,308315,OTHER
Alaska,2004,3785,308315,OTHER
Alaska,2004,732,308315,OTHER
Arizona,2004,51798,1961677,LIBERTARIAN
Arizona,2004,404507,1961677,DEMOCRAT
Arizona,2004,1505372,1961677,REPUBLICAN
Arkansas,2004,212,1039349,OTHER
Arkansas,2004,128,1039349,OTHER
Arkansas,2004,580973,1039349,DEMOCRAT
Arkansas,2004,458036,1039349,REPUBLICAN
California,2004,6955728,12053295,DEMOCRAT
California,2004,81224,12053295,OTHER
California,2004,216522,12053295,LIBERTARIAN
California,2004,243846,12053295,OTHER
California,2004,53,12053295,OTHER
California,2004,4555922,12053295,REPUBLICAN
Colorado,2004,1081188,2107472,DEMOCRAT
Colorado,2004,1750,2107472,OTHER
Colorado,2004,18783,2107472,OTHER
Colorado,2004,10160,2107472,LIBERTARIAN
Colorado,2004,6481,2107472,OTHER
Colorado,2004,980668,2107472,REPUBLICAN
Colorado,2004,8442,2107472,OTHER
Connecticut,2004,9188,1424726,LIBERTARIAN
Connecticut,2004,457749,1424726,REPUBLICAN
Connecticut,2004,945347,1424726,DEMOCRAT
Connecticut,2004,12442,1424726,OTHER
Florida,2004,16,7429894,OTHER
Florida,2004,27,7429894,OTHER
Florida,2004,119,7429894,OTHER
Florida,2004,3672864,7429894,REPUBLICAN
Florida,2004,25,7429894,OTHER
Florida,2004,3590201,7429894,DEMOCRAT
Florida,2004,166642,7429894,OTHER
Georgia,2004,7,3220981,OTHER
Georgia,2004,1864202,3220981,REPUBLICAN
Georgia,2004,31,3220981,OTHER
Georgia,2004,1287690,3220981,DEMOCRAT
Georgia,2004,69051,3220981,LIBERTARIAN
Hawaii,2004,313629,415347,DEMOCRAT
Hawaii,2004,9269,415347,OTHER
Hawaii,2004,87172,415347,REPUBLICAN
Hawaii,2004,5277,415347,LIBERTARIAN
Idaho,2004,4136,503932,OTHER
Idaho,2004,499796,503932,REPUBLICAN
Illinois,2004,69253,5141520,LIBERTARIAN
Illinois,2004,1390690,5141520,REPUBLICAN
Illinois,2004,3597456,5141520,DEMOCRAT
Illinois,2004,81164,5141520,OTHER
Illinois,2004,2957,5141520,OTHER
Indiana,2004,27344,2428233,LIBERTARIAN
Indiana,2004,903913,2428233,REPUBLICAN
Indiana,2004,1496976,2428233,DEMOCRAT
Iowa,2004,412365,1479228,DEMOCRAT
Iowa,2004,475,1479228,OTHER
Iowa,2004,15218,1479228,LIBERTARIAN
Iowa,2004,1874,1479228,OTHER
Iowa,2004,11121,1479228,OTHER
Iowa,2004,1038175,1479228,REPUBLICAN
Kansas,2004,15980,1129022,OTHER
Kansas,2004,310337,1129022,DEMOCRAT
Kansas,2004,21842,1129022,LIBERTARIAN
Kansas,2004,780863,1129022,REPUBLICAN
Kentucky,2004,850855,1724362,DEMOCRAT
Kentucky,2004,873507,1724362,REPUBLICAN
Louisiana,2004,275821,1848056,DEMOCRAT
Louisiana,2004,15097,1848056,OTHER
Louisiana,2004,12289,1848056,DEMOCRAT
Louisiana,2004,542150,1848056,DEMOCRAT
Louisiana,2004,943014,1848056,REPUBLICAN
Louisiana,2004,47222,1848056,DEMOCRAT
Louisiana,2004,12463,1848056,OTHER
Maryland,2004,47,2321931,OTHER
Maryland,2004,1504691,2321931,DEMOCRAT
Maryland,2004,783055,2321931,REPUBLICAN
Maryland,2004,204,2321931,OTHER
Maryland,2004,109,2321931,OTHER
Maryland,2004,9009,2321931,OTHER
Maryland,2004,24816,2321931,OTHER
Missouri,2004,1158261,2706402,DEMOCRAT
Missouri,2004,10404,2706402,OTHER
Missouri,2004,1518089,2706402,REPUBLICAN
Missouri,2004,19648,2706402,LIBERTARIAN
Nevada,2004,284640,810068,REPUBLICAN
Nevada,2004,494805,810068,DEMOCRAT
Nevada,2004,12968,810068,OTHER
Nevada,2004,2095,810068,OTHER
Nevada,2004,6001,810068,OTHER
Nevada,2004,9559,810068,LIBERTARIAN
New Hampshire,2004,102,657086,OTHER
New Hampshire,2004,221549,657086,DEMOCRAT
New Hampshire,2004,588,657086,OTHER
New Hampshire,2004,434847,657086,REPUBLICAN
New York,2004,36942,7447818,OTHER
New York,2004,216198,7447818,OTHER
New York,2004,19073,7447818,LIBERTARIAN
New York,2004,744943,7447818,OTHER
New York,2004,220960,7447818,OTHER
New York,2004,168719,7447818,OTHER
New York,2004,16196,7447818,OTHER
New York,2004,1625069,7447818,REPUBLICAN
New York,2004,4384907,7447818,DEMOCRAT
New York,2004,14811,7447818,OTHER
North Carolina,2004,1632527,3472082,DEMOCRAT
North Carolina,2004,362,3472082,OTHER
North Carolina,2004,47743,3472082,LIBERTARIAN
North Carolina,2004,1791450,3472082,REPUBLICAN
North Dakota,2004,212143,310696,DEMOCRAT
North Dakota,2004,98553,310696,REPUBLICAN
Ohio,2004,296,5425823,OTHER
Ohio,2004,1961171,5425823,DEMOCRAT
Ohio,2004,3464356,5425823,REPUBLICAN
Oklahoma,2004,596750,1446846,DEMOCRAT
Oklahoma,2004,86663,1446846,OTHER
Oklahoma,2004,763433,1446846,REPUBLICAN
Oregon,2004,43053,1780550,OTHER
Oregon,2004,29582,1780550,LIBERTARIAN
Oregon,2004,1536,1780550,OTHER
Oregon,2004,565254,1780550,REPUBLICAN
Oregon,2004,1128728,1780550,DEMOCRAT
Oregon,2004,12397,1780550,OTHER
Pennsylvania,2004,79263,5559105,LIBERTARIAN
Pennsylvania,2004,220056,5559105,OTHER
Pennsylvania,2004,2925080,5559105,REPUBLICAN
Pennsylvania,2004,580,5559105,OTHER
Pennsylvania,2004,2334126,5559105,DEMOCRAT
South Carolina,2004,5859,1597221,OTHER
South Carolina,2004,1286,1597221,OTHER
South Carolina,2004,13464,1597221,OTHER
South Carolina,2004,10678,1597221,LIBERTARIAN
South Carolina,2004,857167,1597221,REPUBLICAN
South Carolina,2004,704384,1597221,DEMOCRAT
South Carolina,2004,4245,1597221,OTHER
South Carolina,2004,138,1597221,OTHER
South Dakota,2004,193340,391188,DEMOCRAT
South Dakota,2004,197848,391188,REPUBLICAN
Utah,2004,258955,911726,DEMOCRAT
Utah,2004,626640,911726,REPUBLICAN
Utah,2004,18,911726,OTHER
Utah,2004,8824,911726,OTHER
Utah,2004,17289,911726,OTHER
Vermont,2004,879,307208,OTHER
Vermont,2004,3999,307208,OTHER
Vermont,2004,3300,307208,OTHER
Vermont,2004,174,307208,OTHER
Vermont,2004,75398,307208,REPUBLICAN
Vermont,2004,216972,307208,DEMOCRAT
Vermont,2004,6486,307208,OTHER
Washington,2004,1549708,2818651,DEMOCRAT
Washington,2004,30304,2818651,OTHER
Washington,2004,1204584,2818651,REPUBLICAN
Washington,2004,34055,2818651,LIBERTARIAN
Wisconsin,2004,8367,2949743,LIBERTARIAN
Wisconsin,2004,834,2949743,OTHER
Wisconsin,2004,1632697,2949743,DEMOCRAT
Wisconsin,2004,1301183,2949743,REPUBLICAN
Wisconsin,2004,6662,2949743,OTHER
Arizona,2006,664141,1526782,DEMOCRAT
Arizona,2006,12,1526782,OTHER
Arizona,2006,814398,1526782,REPUBLICAN
Arizona,2006,48231,1526782,LIBERTARIAN
California,2006,117764,8541476,OTHER
California,2006,75350,8541476,OTHER
California,2006,5076289,8541476,DEMOCRAT
California,2006,326,8541476,OTHER
California,2006,147074,8541476,OTHER
California,2006,133851,8541476,LIBERTARIAN
California,2006,2990822,8541476,REPUBLICAN
Connecticut,2006,564095,1134777,OTHER
Connecticut,2006,4638,1134777,OTHER
Connecticut,2006,109198,1134777,REPUBLICAN
Connecticut,2006,80,1134777,OTHER
Connecticut,2006,450844,1134777,DEMOCRAT
Connecticut,2006,5922,1134777,OTHER
Delaware,2006,69734,242972,REPUBLICAN
Delaware,2006,2671,242972,LIBERTARIAN
Delaware,2006,170567,242972,DEMOCRAT
Florida,2006,24880,4793534,OTHER
Florida,2006,16,4793534,OTHER
Florida,2006,16628,4793534,OTHER
Florida,2006,2890548,4793534,DEMOCRAT
Florida,2006,19695,4793534,OTHER
Florida,2006,78,4793534,OTHER
Florida,2006,15562,4793534,OTHER
Florida,2006,1826127,4793534,REPUBLICAN
Hawaii,2006,6415,342842,LIBERTARIAN
Hawaii,2006,126097,342842,REPUBLICAN
Hawaii,2006,210330,342842,DEMOCRAT
Indiana,2006,1171553,1341111,REPUBLICAN
Indiana,2006,294,1341111,OTHER
Indiana,2006,168820,1341111,LIBERTARIAN
Indiana,2006,444,1341111,OTHER
Maine,2006,179,545128,OTHER
Maine,2006,405596,545128,REPUBLICAN
Maine,2006,26222,545128,OTHER
Maine,2006,113131,545128,DEMOCRAT
Maryland,2006,120,1781139,OTHER
Maryland,2006,27564,1781139,OTHER
Maryland,2006,787182,1781139,REPUBLICAN
Maryland,2006,796,1781139,OTHER
Maryland,2006,965477,1781139,DEMOCRAT
Massachusetts,2006,1500738,2243835,DEMOCRAT
Massachusetts,2006,78345,2243835,OTHER
Massachusetts,2006,3220,2243835,OTHER
Massachusetts,2006,661532,2243835,REPUBLICAN
Michigan,2006,24,3780142,OTHER
Michigan,2006,2151278,3780142,DEMOCRAT
Michigan,2006,23890,3780142,OTHER
Michigan,2006,27012,3780142,LIBERTARIAN
Michigan,2006,18341,3780142,OTHER
Michigan,2006,1559597,3780142,REPUBLICAN
Minnesota,2006,5408,2202772,OTHER
Minnesota,2006,835653,2202772,REPUBLICAN
Minnesota,2006,954,2202772,OTHER
Minnesota,2006,10714,2202772,OTHER
Minnesota,2006,1278849,2202772,DEMOCRAT
Minnesota,2006,71194,2202772,OTHER
Mississippi,2006,9522,610921,LIBERTARIAN
Mississippi,2006,388399,610921,REPUBLICAN
Mississippi,2006,213000,610921,DEMOCRAT
Missouri,2006,47792,2128459,LIBERTARIAN
Missouri,2006,88,2128459,OTHER
Missouri,2006,1006941,2128459,REPUBLICAN
Missouri,2006,18383,2128459,OTHER
Missouri,2006,1055255,2128459,DEMOCRAT
Montana,2006,196283,406505,REPUBLICAN
Montana,2006,10377,406505,LIBERTARIAN
Montana,2006,199845,406505,DEMOCRAT
Nebraska,2006,213928,592316,REPUBLICAN
Nebraska,2006,378388,592316,DEMOCRAT
Nevada,2006,7774,582572,OTHER
Nevada,2006,5269,582572,LIBERTARIAN
Nevada,2006,8232,582572,OTHER
Nevada,2006,322501,582572,REPUBLICAN
Nevada,2006,238796,582572,DEMOCRAT
New Jersey,2006,997775,2250070,REPUBLICAN
New Jersey,2006,1200843,2250070,DEMOCRAT
New Jersey,2006,3433,2250070,OTHER
New Jersey,2006,5138,2250070,OTHER
New Jersey,2006,14637,2250070,LIBERTARIAN
New Jersey,2006,7918,2250070,OTHER
New Jersey,2006,11593,2250070,OTHER
New Jersey,2006,6243,2250070,OTHER
New Jersey,2006,2490,2250070,OTHER
New Mexico,2006,163826,558550,REPUBLICAN
New Mexico,2006,359,558550,OTHER
New Mexico,2006,394365,558550,DEMOCRAT
New York,2006,6004,4700632,OTHER
New York,2006,160705,4700632,OTHER
New York,2006,1212902,4700632,REPUBLICAN
New York,2006,6967,4700632,OTHER
New York,2006,55469,4700632,OTHER
New York,2006,179287,4700632,OTHER
New York,2006,20996,4700632,LIBERTARIAN
New York,2006,148792,4700632,OTHER
New York,2006,2698931,4700632,DEMOCRAT
New York,2006,210579,4700632,OTHER
North Dakota,2006,2194,218152,OTHER
North Dakota,2006,1395,218152,OTHER
North Dakota,2006,64417,218152,REPUBLICAN
North Dakota,2006,150146,218152,DEMOCRAT
Ohio,2006,830,4019236,OTHER
Ohio,2006,1761037,4019236,REPUBLICAN
Ohio,2006,2257369,4019236,DEMOCRAT
Pennsylvania,2006,2392984,4081043,DEMOCRAT
Pennsylvania,2006,3281,4081043,OTHER
Pennsylvania,2006,1684778,4081043,REPUBLICAN
Rhode Island,2006,178950,384993,REPUBLICAN
Rhode Island,2006,206043,384993,DEMOCRAT
Tennessee,2006,3746,1833695,OTHER
Tennessee,2006,879976,1833695,DEMOCRAT
Tennessee,2006,3580,1833695,OTHER
Tennessee,2006,1,1833695,OTHER
Tennessee,2006,3033,1833695,OTHER
Tennessee,2006,2589,1833695,OTHER
Tennessee,2006,10831,1833695,OTHER
Tennessee,2006,14,1833695,OTHER
Tennessee,2006,929911,1833695,REPUBLICAN
Tennessee,2006,13,1833695,OTHER
Texas,2006,1555202,4314663,DEMOCRAT
Texas,2006,2661789,4314663,REPUBLICAN
Texas,2006,97672,4314663,LIBERTARIAN
Utah,2006,9089,571252,OTHER
Utah,2006,2512,571252,OTHER
Utah,2006,4428,571252,LIBERTARIAN
Utah,2006,356238,571252,REPUBLICAN
Utah,2006,177459,571252,DEMOCRAT
Utah,2006,21526,571252,OTHER
Vermont,2006,267,262419,OTHER
Vermont,2006,801,262419,OTHER
Vermont,2006,84924,262419,REPUBLICAN
Vermont,2006,1518,262419,OTHER
Vermont,2006,171638,262419,OTHER
Vermont,2006,1735,262419,OTHER
Vermont,2006,1536,262419,OTHER
Virginia,2006,2460,2370445,OTHER
Virginia,2006,1175606,2370445,DEMOCRAT
Virginia,2006,1166277,2370445,REPUBLICAN
Virginia,2006,26102,2370445,OTHER
Washington,2006,16384,2083734,OTHER
Washington,2006,832106,2083734,REPUBLICAN
Washington,2006,29331,2083734,LIBERTARIAN
Washington,2006,1184659,2083734,DEMOCRAT
Washington,2006,21254,2083734,OTHER
West Virginia,2006,159154,206562,DEMOCRAT
West Virginia,2006,47408,206562,REPUBLICAN
Wisconsin,2006,25096,2138297,OTHER
Wisconsin,2006,1254,2138297,OTHER
Wisconsin,2006,1439214,2138297,DEMOCRAT
Wisconsin,2006,630299,2138297,REPUBLICAN
Wisconsin,2006,42434,2138297,OTHER
Wyoming,2006,3019,196215,OTHER
Wyoming,2006,57671,196215,DEMOCRAT
Wyoming,2006,60,196215,OTHER
Wyoming,2006,135174,196215,REPUBLICAN
Wyoming,2006,291,196215,OTHER
Alabama,2008,752391,2060191,DEMOCRAT
Alabama,2008,2417,2060191,OTHER
Alabama,2008,1305383,2060191,REPUBLICAN
Alaska,2008,147814,317723,REPUBLICAN
Alaska,2008,1077,317723,OTHER
Alaska,2008,13197,317723,OTHER
Alaska,2008,151767,317723,DEMOCRAT
Alaska,2008,2483,317723,LIBERTARIAN
Alaska,2008,1385,317723,OTHER
Arkansas,2008,804678,1011754,DEMOCRAT
Arkansas,2008,207076,1011754,OTHER
Colorado,2008,9,2331621,OTHER
Colorado,2008,50004,2331621,OTHER
Colorado,2008,990755,2331621,REPUBLICAN
Colorado,2008,116,2331621,OTHER
Colorado,2008,59733,2331621,OTHER
Colorado,2008,1230994,2331621,DEMOCRAT
Colorado,2008,10,2331621,OTHER
Delaware,2008,257539,398134,DEMOCRAT
Delaware,2008,140595,398134,REPUBLICAN
Georgia,2008,127923,3752485,LIBERTARIAN
Georgia,2008,1228033,2137956,REPUBLICAN
Georgia,2008,909923,2137956,DEMOCRAT
Georgia,2008,1757393,3752485,DEMOCRAT
Georgia,2008,29,3752485,OTHER
Georgia,2008,43,3752485,OTHER
Georgia,2008,1867097,3752485,REPUBLICAN
Idaho,2008,3,644780,OTHER
Idaho,2008,9958,644780,LIBERTARIAN
Idaho,2008,371744,644780,REPUBLICAN
Idaho,2008,219903,644780,DEMOCRAT
Idaho,2008,34510,644780,OTHER
Idaho,2008,8662,644780,OTHER
Illinois,2008,1520621,5329884,REPUBLICAN
Illinois,2008,24059,5329884,OTHER
Illinois,2008,119135,5329884,OTHER
Illinois,2008,1,5329884,OTHER
Illinois,2008,50224,5329884,LIBERTARIAN
Illinois,2008,3615844,5329884,DEMOCRAT
Iowa,2008,941665,1502918,DEMOCRAT
Iowa,2008,1247,1502918,OTHER
Iowa,2008,560006,1502918,REPUBLICAN
Kansas,2008,25727,1210690,LIBERTARIAN
Kansas,2008,727121,1210690,REPUBLICAN
Kansas,2008,441399,1210690,DEMOCRAT
Kansas,2008,16443,1210690,OTHER
Kentucky,2008,953816,1800821,REPUBLICAN
Kentucky,2008,847005,1800821,DEMOCRAT
Louisiana,2008,13729,1896574,OTHER
Louisiana,2008,18590,1896574,LIBERTARIAN
Louisiana,2008,988298,1896574,DEMOCRAT
Louisiana,2008,867177,1896574,REPUBLICAN
Louisiana,2008,8780,1896574,OTHER
Maine,2008,444300,724430,REPUBLICAN
Maine,2008,620,724430,OTHER
Maine,2008,279510,724430,DEMOCRAT
Massachusetts,2008,108748,3102995,OTHER
Massachusetts,2008,1971974,3102995,DEMOCRAT
Massachusetts,2008,2516,3102995,OTHER
Massachusetts,2008,93713,3102995,LIBERTARIAN
Massachusetts,2008,926044,3102995,REPUBLICAN
Michigan,2008,1641070,4848620,REPUBLICAN
Michigan,2008,43440,4848620,OTHER
Michigan,2008,3038386,4848620,DEMOCRAT
Michigan,2008,18550,4848620,OTHER
Michigan,2008,76347,4848620,LIBERTARIAN
Michigan,2008,30827,4848620,OTHER
Minnesota,2008,12,2887646,OTHER
Minnesota,2008,1212317,2887646,REPUBLICAN
Minnesota,2008,2340,2887646,OTHER
Minnesota,2008,437505,2887646,OTHER
Minnesota,2008,13923,2887646,LIBERTARIAN
Minnesota,2008,1212629,2887646,DEMOCRAT
Minnesota,2008,8907,2887646,OTHER
Minnesota,2008,13,2887646,OTHER
Mississippi,2008,560064,1243473,OTHER
Mississippi,2008,683409,1243473,REPUBLICAN
Mississippi,2008,766111,1247026,REPUBLICAN
Mississippi,2008,480915,1247026,DEMOCRAT
Montana,2008,129369,477658,REPUBLICAN
Montana,2008,348289,477658,DEMOCRAT
Nebraska,2008,11438,792511,OTHER
Nebraska,2008,7763,792511,OTHER
Nebraska,2008,317456,792511,DEMOCRAT
Nebraska,2008,455854,792511,REPUBLICAN
New Hampshire,2008,314403,694787,REPUBLICAN
New Hampshire,2008,358438,694787,DEMOCRAT
New Hampshire,2008,430,694787,OTHER
New Hampshire,2008,21516,694787,LIBERTARIAN
New Jersey,2008,15935,3482445,OTHER
New Jersey,2008,1951218,3482445,DEMOCRAT
New Jersey,2008,18810,3482445,LIBERTARIAN
New Jersey,2008,10345,3482445,OTHER
New Jersey,2008,9187,3482445,OTHER
New Jersey,2008,1461025,3482445,REPUBLICAN
New Jersey,2008,15925,3482445,OTHER
New Mexico,2008,505128,823650,DEMOCRAT
New Mexico,2008,318522,823650,REPUBLICAN
North Carolina,2008,1719,4271970,OTHER
North Carolina,2008,2249311,4271970,DEMOCRAT
North Carolina,2008,133430,4271970,LIBERTARIAN
North Carolina,2008,1887510,4271970,REPUBLICAN
Oklahoma,2008,763375,1346819,REPUBLICAN
Oklahoma,2008,55708,1346819,OTHER
Oklahoma,2008,527736,1346819,DEMOCRAT
Oregon,2008,864392,1767504,DEMOCRAT
Oregon,2008,92565,1767504,OTHER
Oregon,2008,805159,1767504,REPUBLICAN
Oregon,2008,5388,1767504,OTHER
Rhode Island,2008,320644,438812,DEMOCRAT
Rhode Island,2008,1994,438812,OTHER
Rhode Island,2008,116174,438812,REPUBLICAN
South Carolina,2008,790621,1871431,DEMOCRAT
South Carolina,2008,1076534,1871431,REPUBLICAN
South Carolina,2008,4276,1871431,OTHER
South Dakota,2008,142784,380673,REPUBLICAN
South Dakota,2008,237889,380673,DEMOCRAT
Tennessee,2008,11073,2424585,OTHER
Tennessee,2008,9367,2424585,OTHER
Tennessee,2008,31631,2424585,OTHER
Tennessee,2008,8986,2424585,OTHER
Tennessee,2008,1579477,2424585,REPUBLICAN
Tennessee,2008,767236,2424585,DEMOCRAT
Tennessee,2008,9170,2424585,OTHER
Tennessee,2008,7645,2424585,OTHER
Texas,2008,4337469,7912075,REPUBLICAN
Texas,2008,185241,7912075,LIBERTARIAN
Texas,2008,3389365,7912075,DEMOCRAT
Virginia,2008,3178,3643294,OTHER
Virginia,2008,20269,3643294,LIBERTARIAN
Virginia,2008,1228830,3643294,REPUBLICAN
Virginia,2008,2369327,3643294,DEMOCRAT
Virginia,2008,21690,3643294,OTHER
West Virginia,2008,36,702308,OTHER
West Virginia,2008,254629,702308,REPUBLICAN
West Virginia,2008,83,702308,OTHER
West Virginia,2008,447560,702308,DEMOCRAT
Wyoming,2008,61,249619,OTHER
Wyoming,2008,60631,250007,DEMOCRAT
Wyoming,2008,183063,249619,REPUBLICAN
Wyoming,2008,61,250007,OTHER
Wyoming,2008,189046,250007,REPUBLICAN
Wyoming,2008,293,249619,OTHER
Wyoming,2008,269,250007,OTHER
Wyoming,2008,66202,249619,DEMOCRAT
Alabama,2010,515619,1485499,DEMOCRAT
Alabama,2010,1699,1485499,OTHER
Alabama,2010,968181,1485499,REPUBLICAN
Alaska,2010,927,255503,OTHER
Alaska,2010,458,255503,OTHER
Alaska,2010,61,255503,OTHER
Alaska,2010,21,255503,OTHER
Alaska,2010,101091,255503,OTHER
Alaska,2010,602,255503,OTHER
Alaska,2010,90839,255503,REPUBLICAN
Alaska,2010,1459,255503,LIBERTARIAN
Alaska,2010,60045,255503,DEMOCRAT
Arizona,2010,24603,1708484,OTHER
Arizona,2010,1005615,1708484,REPUBLICAN
Arizona,2010,7,1708484,OTHER
Arizona,2010,39,1708484,OTHER
Arizona,2010,14,1708484,OTHER
Arizona,2010,5938,1708484,OTHER
Arizona,2010,80097,1708484,LIBERTARIAN
Arizona,2010,592011,1708484,DEMOCRAT
Arizona,2010,160,1708484,OTHER
Arkansas,2010,25234,779957,OTHER
Arkansas,2010,451618,779957,REPUBLICAN
Arkansas,2010,14430,779957,OTHER
Arkansas,2010,143,779957,OTHER
Arkansas,2010,376,779957,OTHER
Arkansas,2010,288156,779957,DEMOCRAT
California,2010,175242,10000160,LIBERTARIAN
California,2010,5218441,10000160,DEMOCRAT
California,2010,125441,10000160,OTHER
California,2010,10,10000160,OTHER
California,2010,5,10000160,OTHER
California,2010,128510,10000160,OTHER
California,2010,135093,10000160,OTHER
California,2010,41,10000160,OTHER
California,2010,4217366,10000160,REPUBLICAN
California,2010,11,10000160,OTHER
Colorado,2010,67,1772286,OTHER
Colorado,2010,19415,1772286,OTHER
Colorado,2010,19,1772286,OTHER
Colorado,2010,11330,1772286,OTHER
Colorado,2010,22589,1772286,LIBERTARIAN
Colorado,2010,38768,1772286,OTHER
Colorado,2010,822731,1772286,REPUBLICAN
Colorado,2010,851590,1772286,DEMOCRAT
Colorado,2010,10,1772286,OTHER
Colorado,2010,5767,1772286,OTHER
Connecticut,2010,45,1153115,OTHER
Connecticut,2010,7,1153115,OTHER
Connecticut,2010,17,1153115,OTHER
Connecticut,2010,31,1153115,OTHER
Connecticut,2010,5,1153115,OTHER
Connecticut,2010,15,1153115,OTHER
Connecticut,2010,605204,1153115,DEMOCRAT
Connecticut,2010,6735,1153115,OTHER
Connecticut,2010,30836,1153115,OTHER
Connecticut,2010,11275,1153115,OTHER
Connecticut,2010,498341,1153115,REPUBLICAN
Connecticut,2010,559,1153115,OTHER
Delaware,2010,25,307402,OTHER
Delaware,2010,8201,307402,OTHER
Delaware,2010,123053,307402,REPUBLICAN
Delaware,2010,10,307402,OTHER
Delaware,2010,174012,307402,DEMOCRAT
Delaware,2010,2101,307402,LIBERTARIAN
Florida,2010,13,5411106,OTHER
Florida,2010,3647,5411106,OTHER
Florida,2010,4792,5411106,OTHER
Florida,2010,4301,5411106,OTHER
Florida,2010,15340,5411106,OTHER
Florida,2010,18,5411106,OTHER
Florida,2010,2,5411106,OTHER
Florida,2010,4443,5411106,OTHER
Florida,2010,24850,5411106,LIBERTARIAN
Florida,2010,6,5411106,OTHER
Florida,2010,7397,5411106,OTHER
Florida,2010,47,5411106,OTHER
Florida,2010,4,5411106,OTHER
Florida,2010,1607549,5411106,OTHER
Florida,2010,2645743,5411106,REPUBLICAN
Florida,2010,1092936,5411106,DEMOCRAT
Georgia,2010,24,2555258,OTHER
Georgia,2010,996516,2555258,DEMOCRAT
Georgia,2010,52,2555258,OTHER
Georgia,2010,68750,2555258,LIBERTARIAN
Georgia,2010,12,2555258,OTHER
Georgia,2010,1489904,2555258,REPUBLICAN
Hawaii,2010,79939,370583,REPUBLICAN
Hawaii,2010,7762,370583,OTHER
Hawaii,2010,2957,370583,LIBERTARIAN
Hawaii,2010,277228,370583,DEMOCRAT
Hawaii,2010,2697,370583,OTHER
Idaho,2010,112057,449530,DEMOCRAT
Idaho,2010,17429,449530,OTHER
Idaho,2010,319953,449530,REPUBLICAN
Idaho,2010,91,449530,OTHER
Illinois,2010,561,3704473,OTHER
Illinois,2010,468,3704473,OTHER
Illinois,2010,12,3704473,OTHER
Illinois,2010,3,3704473,OTHER
Illinois,2010,87247,3704473,LIBERTARIAN
Illinois,2010,15,3704473,OTHER
Illinois,2010,117914,3704473,OTHER
Illinois,2010,9,3704473,OTHER
Illinois,2010,19,3704473,OTHER
Illinois,2010,16,3704473,OTHER
Illinois,2010,1719478,3704473,DEMOCRAT
Illinois,2010,1778698,3704473,REPUBLICAN
Illinois,2010,33,3704473,OTHER
Indiana,2010,697775,1744481,DEMOCRAT
Indiana,2010,161,1744481,OTHER
Indiana,2010,94330,1744481,LIBERTARIAN
Indiana,2010,952116,1744481,REPUBLICAN
Indiana,2010,99,1744481,OTHER
Iowa,2010,371686,1116063,DEMOCRAT
Iowa,2010,718215,1116063,REPUBLICAN
Iowa,2010,872,1116063,OTHER
Iowa,2010,25290,1116063,LIBERTARIAN
Kansas,2010,17922,837692,LIBERTARIAN
Kansas,2010,220971,837692,DEMOCRAT
Kansas,2010,587175,837692,REPUBLICAN
Kansas,2010,11624,837692,OTHER
Kentucky,2010,600052,1356096,DEMOCRAT
Kentucky,2010,755706,1356096,REPUBLICAN
Kentucky,2010,338,1356096,OTHER
Louisiana,2010,715415,1264994,REPUBLICAN
Louisiana,2010,9190,1264994,OTHER
Louisiana,2010,4043,1264994,OTHER
Louisiana,2010,13957,1264994,LIBERTARIAN
Louisiana,2010,4810,1264994,OTHER
Louisiana,2010,7474,1264994,OTHER
Louisiana,2010,5879,1264994,OTHER
Louisiana,2010,5734,1264994,OTHER
Louisiana,2010,9973,1264994,OTHER
Louisiana,2010,8167,1264994,OTHER
Louisiana,2010,3780,1264994,OTHER
Louisiana,2010,476572,1264994,DEMOCRAT
Maryland,2010,655666,1833858,REPUBLICAN
Maryland,2010,80,1833858,OTHER
Maryland,2010,20717,1833858,OTHER
Maryland,2010,14746,1833858,OTHER
Maryland,2010,6,1833858,OTHER
Maryland,2010,84,1833858,DEMOCRAT
Maryland,2010,14,1833858,OTHER
Maryland,2010,1644,1833858,OTHER
Maryland,2010,110,1833858,OTHER
Maryland,2010,1140531,1833858,DEMOCRAT
Maryland,2010,204,1833858,OTHER
Maryland,2010,56,1833858,OTHER
Missouri,2010,1,1943899,OTHER
Missouri,2010,789736,1943899,DEMOCRAT
Missouri,2010,7,1943899,OTHER
Missouri,2010,3,1943899,OTHER
Missouri,2010,41309,1943899,OTHER
Missouri,2010,4,1943899,OTHER
Missouri,2010,58663,1943899,LIBERTARIAN
Missouri,2010,2,1943899,OTHER
Missouri,2010,1054160,1943899,REPUBLICAN
Missouri,2010,14,1943899,OTHER
Nevada,2010,3175,721404,OTHER
Nevada,2010,2510,721404,OTHER
Nevada,2010,362785,721404,DEMOCRAT
Nevada,2010,4261,721404,OTHER
Nevada,2010,16197,721404,OTHER
Nevada,2010,5811,721404,OTHER
Nevada,2010,321361,721404,REPUBLICAN
Nevada,2010,3185,721404,OTHER
Nevada,2010,2119,721404,OTHER
New Hampshire,2010,4753,454710,LIBERTARIAN
New Hampshire,2010,273218,454710,REPUBLICAN
New Hampshire,2010,167545,454710,DEMOCRAT
New Hampshire,2010,9194,454710,OTHER
New York,2010,2837684,4757635,DEMOCRAT
New York,2010,1239605,4763899,REPUBLICAN
New York,2010,17019,4757635,OTHER
New York,2010,18414,4757635,LIBERTARIAN
New York,2010,244385,4757635,OTHER
New York,2010,4516,4757635,OTHER
New York,2010,24871,4763899,LIBERTARIAN
New York,2010,1338308,4757635,REPUBLICAN
New York,2010,240818,4763899,OTHER
New York,2010,42341,4763899,OTHER
New York,2010,3047880,4763899,DEMOCRAT
New York,2010,250033,4757635,OTHER
New York,2010,35489,4757635,OTHER
New York,2010,168384,4763899,OTHER
New York,2010,11787,4757635,OTHER
North Carolina,2010,1145074,2660079,DEMOCRAT
North Carolina,2010,1272,2660079,OTHER
North Carolina,2010,55687,2660079,LIBERTARIAN
North Carolina,2010,1458046,2660079,REPUBLICAN
North Dakota,2010,3890,238534,LIBERTARIAN
North Dakota,2010,52955,238534,DEMOCRAT
North Dakota,2010,181689,238534,REPUBLICAN
Ohio,2010,1503297,3815098,DEMOCRAT
Ohio,2010,648,3815098,OTHER
Ohio,2010,2168742,3815098,REPUBLICAN
Ohio,2010,50101,3815098,OTHER
Ohio,2010,26454,3815098,OTHER
Ohio,2010,65856,3815098,OTHER
Oklahoma,2010,25048,1017151,OTHER
Oklahoma,2010,718482,1017151,REPUBLICAN
Oklahoma,2010,265814,1017151,DEMOCRAT
Oklahoma,2010,7807,1017151,OTHER
Oregon,2010,18940,1442588,OTHER
Oregon,2010,566199,1442588,REPUBLICAN
Oregon,2010,825507,1442588,DEMOCRAT
Oregon,2010,16028,1442588,LIBERTARIAN
Oregon,2010,1448,1442588,OTHER
Oregon,2010,14466,1442588,OTHER
Pennsylvania,2010,2028945,3977661,REPUBLICAN
Pennsylvania,2010,1948716,3977661,DEMOCRAT
South Carolina,2010,21953,1318794,OTHER
South Carolina,2010,121472,1318794,OTHER
South Carolina,2010,364598,1318794,DEMOCRAT
South Carolina,2010,810771,1318794,REPUBLICAN
South Dakota,2010,227947,227947,REPUBLICAN
Utah,2010,33095,585230,OTHER
Utah,2010,360403,585230,REPUBLICAN
Utah,2010,191732,585230,DEMOCRAT
Vermont,2010,2356,235178,OTHER
Vermont,2010,72699,235178,REPUBLICAN
Vermont,2010,3544,235178,OTHER
Vermont,2010,1021,235178,OTHER
Vermont,2010,151281,235178,DEMOCRAT
Vermont,2010,113,235178,OTHER
Vermont,2010,1433,235178,OTHER
Vermont,2010,2731,235178,OTHER
Washington,2010,1314930,2511094,DEMOCRAT
Washington,2010,1196164,2511094,REPUBLICAN
West Virginia,2010,6425,529948,OTHER
West Virginia,2010,10152,529948,OTHER
West Virginia,2010,283358,529948,DEMOCRAT
West Virginia,2010,230013,529948,REPUBLICAN
Wisconsin,2010,23473,2171331,OTHER
Wisconsin,2010,1020958,2171331,DEMOCRAT
Wisconsin,2010,134,2171331,REPUBLICAN
Wisconsin,2010,638,2171331,OTHER
Wisconsin,2010,1125999,2171331,REPUBLICAN
Wisconsin,2010,129,2171331,OTHER
Arizona,2012,102109,2243422,LIBERTARIAN
Arizona,2012,1104457,2243422,REPUBLICAN
Arizona,2012,290,2243422,OTHER
Arizona,2012,24,2243422,OTHER
Arizona,2012,1036542,2243422,DEMOCRAT
California,2012,7864624,12578511,DEMOCRAT
California,2012,4713887,12578511,REPUBLICAN
Connecticut,2012,25045,1511764,LIBERTARIAN
Connecticut,2012,19,1511764,OTHER
Connecticut,2012,8,1511764,OTHER
Connecticut,2012,6414,1511764,OTHER
Connecticut,2012,40,1511764,OTHER
Connecticut,2012,388,1511764,OTHER
Connecticut,2012,792983,1511764,DEMOCRAT
Connecticut,2012,35778,1511764,OTHER
Connecticut,2012,46520,1511764,OTHER
Connecticut,2012,604569,1511764,REPUBLICAN
Delaware,2012,265415,399606,DEMOCRAT
Delaware,2012,3191,399606,OTHER
Delaware,2012,15300,399606,OTHER
Delaware,2012,115700,399606,REPUBLICAN
Florida,2012,4523451,8189946,DEMOCRAT
Florida,2012,19,8189946,OTHER
Florida,2012,12,8189946,OTHER
Florida,2012,126079,8189946,OTHER
Florida,2012,82089,8189946,OTHER
Florida,2012,2,8189946,OTHER
Florida,2012,9,8189946,OTHER
Florida,2012,3458267,8189946,REPUBLICAN
Florida,2012,18,8189946,OTHER
Hawaii,2012,77,437159,OTHER
Hawaii,2012,160994,437159,REPUBLICAN
Hawaii,2012,6599,437159,OTHER
Hawaii,2012,269489,437159,DEMOCRAT
Indiana,2012,1133621,2560102,REPUBLICAN
Indiana,2012,1281181,2560102,DEMOCRAT
Indiana,2012,145282,2560102,LIBERTARIAN
Indiana,2012,15,2560102,OTHER
Indiana,2012,3,2560102,OTHER
Maine,2012,5807,724720,OTHER
Maine,2012,10289,724720,OTHER
Maine,2012,370580,724720,OTHER
Maine,2012,24121,724720,OTHER
Maine,2012,92900,724720,DEMOCRAT
Maine,2012,215399,724720,REPUBLICAN
Maine,2012,5624,724720,OTHER
Maryland,2012,1474028,2633234,DEMOCRAT
Maryland,2012,151,2633234,OTHER
Maryland,2012,2346,2633234,OTHER
Maryland,2012,693291,2633234,REPUBLICAN
Maryland,2012,430934,2633234,OTHER
Maryland,2012,163,2633234,OTHER
Maryland,2012,48,2633234,OTHER
Maryland,2012,21,2633234,OTHER
Maryland,2012,32252,2633234,LIBERTARIAN
Massachusetts,2012,27643,3184196,OTHER
Massachusetts,2012,1458048,3184196,REPUBLICAN
Massachusetts,2012,1696346,3184196,DEMOCRAT
Massachusetts,2012,2159,3184196,OTHER
Michigan,2012,10,4652918,OTHER
Michigan,2012,2735826,4652918,DEMOCRAT
Michigan,2012,7,4652918,OTHER
Michigan,2012,27890,4652918,OTHER
Michigan,2012,26038,4652918,OTHER
Michigan,2012,11229,4652918,OTHER
Michigan,2012,1767386,4652918,REPUBLICAN
Michigan,2012,48,4652918,OTHER
Michigan,2012,4,4652918,OTHER
Michigan,2012,84480,4652918,LIBERTARIAN
Minnesota,2012,2582,2843207,OTHER
Minnesota,2012,30531,2843207,OTHER
Minnesota,2012,13986,2843207,OTHER
Minnesota,2012,867974,2843207,REPUBLICAN
Minnesota,2012,1854595,2843207,DEMOCRAT
Minnesota,2012,73539,2843207,OTHER
Mississippi,2012,503467,1241568,DEMOCRAT
Mississippi,2012,13194,1241568,OTHER
Mississippi,2012,709626,1241568,REPUBLICAN
Mississippi,2012,15281,1241568,OTHER
Missouri,2012,4,2725793,OTHER
Missouri,2012,5,2725793,OTHER
Missouri,2012,6,2725793,OTHER
Missouri,2012,1066159,2725793,REPUBLICAN
Missouri,2012,1494125,2725793,DEMOCRAT
Missouri,2012,2,2725793,OTHER
Missouri,2012,9,2725793,OTHER
Missouri,2012,15,2725793,OTHER
Missouri,2012,165468,2725793,LIBERTARIAN
Montana,2012,31892,486066,LIBERTARIAN
Montana,2012,236123,486066,DEMOCRAT
Montana,2012,218051,486066,REPUBLICAN
Nebraska,2012,332979,788572,DEMOCRAT
Nebraska,2012,455593,788572,REPUBLICAN
Nevada,2012,48792,997805,OTHER
Nevada,2012,457656,997805,REPUBLICAN
Nevada,2012,446080,997805,DEMOCRAT
Nevada,2012,45277,997805,OTHER
New Jersey,2012,15801,3376649,OTHER
New Jersey,2012,3532,3376649,OTHER
New Jersey,2012,2249,3376649,OTHER
New Jersey,2012,1987680,3376649,DEMOCRAT
New Jersey,2012,1329534,3376649,REPUBLICAN
New Jersey,2012,3593,3376649,OTHER
New Jersey,2012,9359,3376649,OTHER
New Jersey,2012,16803,3376649,LIBERTARIAN
New Jersey,2012,3834,3376649,OTHER
New Jersey,2012,2198,3376649,OTHER
New Jersey,2012,2066,3376649,OTHER
New Mexico,2012,395717,775793,DEMOCRAT
New Mexico,2012,28199,775793,OTHER
New Mexico,2012,351260,775793,REPUBLICAN
New Mexico,2012,617,775793,OTHER
New York,2012,1514647,7116628,REPUBLICAN
New York,2012,31894,7116628,LIBERTARIAN
New York,2012,250580,7116628,OTHER
New York,2012,42442,7116628,OTHER
New York,2012,21985,7116628,OTHER
New York,2012,240819,7116628,OTHER
New York,2012,138255,7116628,OTHER
New York,2012,455963,7116628,OTHER
New York,2012,4420043,7116628,DEMOCRAT
North Dakota,2012,158401,321144,REPUBLICAN
North Dakota,2012,1406,321144,OTHER
North Dakota,2012,161337,321144,DEMOCRAT
Ohio,2012,2435712,5449018,REPUBLICAN
Ohio,2012,250616,5449018,OTHER
Ohio,2012,2762690,5449018,DEMOCRAT
Pennsylvania,2012,96926,5627422,LIBERTARIAN
Pennsylvania,2012,2509132,5627422,REPUBLICAN
Pennsylvania,2012,3021364,5627422,DEMOCRAT
Rhode Island,2012,933,418189,OTHER
Rhode Island,2012,271034,418189,DEMOCRAT
Rhode Island,2012,146222,418189,REPUBLICAN
Tennessee,2012,6523,2321477,OTHER
Tennessee,2012,409,2321477,OTHER
Tennessee,2012,18,2321477,OTHER
Tennessee,2012,2,2321477,OTHER
Tennessee,2012,20936,2321477,OTHER
Tennessee,2012,117,2321477,OTHER
Tennessee,2012,1506443,2321477,REPUBLICAN
Tennessee,2012,8080,2321477,OTHER
Tennessee,2012,7148,2321477,OTHER
Tennessee,2012,5,2321477,OTHER
Tennessee,2012,705882,2321477,DEMOCRAT
Tennessee,2012,12,2321477,OTHER
Tennessee,2012,18620,2321477,OTHER
Tennessee,2012,8085,2321477,OTHER
Tennessee,2012,38472,2321477,OTHER
Tennessee,2012,14,2321477,OTHER
Tennessee,2012,470,2321477,OTHER
Tennessee,2012,23,2321477,OTHER
Tennessee,2012,218,2321477,OTHER
Texas,2012,162354,7864822,LIBERTARIAN
Texas,2012,4440137,7864822,REPUBLICAN
Texas,2012,3194927,7864822,DEMOCRAT
Texas,2012,67404,7864822,OTHER
Utah,2012,1,1006901,OTHER
Utah,2012,7172,1006901,OTHER
Utah,2012,657608,1006901,REPUBLICAN
Utah,2012,31905,1006901,OTHER
Utah,2012,301873,1006901,DEMOCRAT
Utah,2012,8342,1006901,OTHER
Vermont,2012,2511,292762,OTHER
Vermont,2012,877,292762,OTHER
Vermont,2012,252,292762,OTHER
Vermont,2012,5924,292762,OTHER
Vermont,2012,72898,292762,REPUBLICAN
Vermont,2012,2452,292762,OTHER
Vermont,2012,207848,292762,OTHER
Virginia,2012,1785542,3802196,REPUBLICAN
Virginia,2012,6587,3802196,OTHER
Virginia,2012,2010067,3802196,DEMOCRAT
Washington,2012,1855493,3069417,DEMOCRAT
Washington,2012,1213924,3069417,REPUBLICAN
West Virginia,2012,399898,660202,DEMOCRAT
West Virginia,2012,19517,660202,OTHER
West Virginia,2012,240787,660202,REPUBLICAN
Wisconsin,2012,43,3009411,OTHER
Wisconsin,2012,3373,3009411,OTHER
Wisconsin,2012,70,3009411,OTHER
Wisconsin,2012,1547104,3009411,DEMOCRAT
Wisconsin,2012,1380126,3009411,REPUBLICAN
Wisconsin,2012,62240,3009411,LIBERTARIAN
Wisconsin,2012,16455,3009411,OTHER
Wyoming,2012,417,250700,OTHER
Wyoming,2012,6176,250700,OTHER
Wyoming,2012,185250,250700,REPUBLICAN
Wyoming,2012,53019,250700,DEMOCRAT
Wyoming,2012,91,250700,OTHER
Wyoming,2012,5747,250700,OTHER
Alabama,2014,22484,818090,OTHER
Alabama,2014,795606,818090,REPUBLICAN
Alaska,2014,1376,282400,OTHER
Alaska,2014,129431,282400,DEMOCRAT
Alaska,2014,10512,282400,LIBERTARIAN
Alaska,2014,5636,282400,OTHER
Alaska,2014,135445,282400,REPUBLICAN
Arkansas,2014,478819,847505,REPUBLICAN
Arkansas,2014,334174,847505,DEMOCRAT
Arkansas,2014,16797,847505,OTHER
Arkansas,2014,17210,847505,LIBERTARIAN
Arkansas,2014,505,847505,OTHER
Colorado,2014,24151,2041058,OTHER
Colorado,2014,21,2041058,OTHER
Colorado,2014,983891,2041058,REPUBLICAN
Colorado,2014,52876,2041058,LIBERTARIAN
Colorado,2014,17,2041058,OTHER
Colorado,2014,6427,2041058,OTHER
Colorado,2014,29472,2041058,OTHER
Colorado,2014,944203,2041058,DEMOCRAT
Delaware,2014,98823,234038,REPUBLICAN
Delaware,2014,130655,234038,DEMOCRAT
Delaware,2014,4560,234038,OTHER
Georgia,2014,1358088,2567805,REPUBLICAN
Georgia,2014,14,2567805,OTHER
Georgia,2014,1160811,2567805,DEMOCRAT
Georgia,2014,9,2567805,OTHER
Georgia,2014,48862,2567805,LIBERTARIAN
Georgia,2014,21,2567805,OTHER
Hawaii,2014,15777,369703,OTHER
Hawaii,2014,98006,369703,REPUBLICAN
Hawaii,2014,8941,369703,LIBERTARIAN
Hawaii,2014,246827,369703,DEMOCRAT
Hawaii,2014,152,369703,OTHER
Idaho,2014,151574,437170,DEMOCRAT
Idaho,2014,285596,437170,REPUBLICAN
Illinois,2014,1929637,3603519,DEMOCRAT
Illinois,2014,135316,3603519,LIBERTARIAN
Illinois,2014,1538522,3603519,REPUBLICAN
Illinois,2014,12,3603519,OTHER
Illinois,2014,1,3603519,OTHER
Illinois,2014,31,3603519,OTHER
Iowa,2014,8232,1129700,LIBERTARIAN
Iowa,2014,26815,1129700,OTHER
Iowa,2014,1111,1129700,OTHER
Iowa,2014,5873,1129700,OTHER
Iowa,2014,4724,1129700,OTHER
Iowa,2014,588575,1129700,REPUBLICAN
Iowa,2014,494370,1129700,DEMOCRAT
Kansas,2014,368372,866191,OTHER
Kansas,2014,460350,866191,REPUBLICAN
Kansas,2014,37469,866191,LIBERTARIAN
Kentucky,2014,17,1435868,OTHER
Kentucky,2014,44240,1435868,LIBERTARIAN
Kentucky,2014,53,1435868,OTHER
Kentucky,2014,584698,1435868,DEMOCRAT
Kentucky,2014,806787,1435868,REPUBLICAN
Kentucky,2014,9,1435868,OTHER
Kentucky,2014,64,1435868,OTHER
Louisiana,2014,13034,3523183,LIBERTARIAN
Louisiana,2014,11323,3523183,DEMOCRAT
Louisiana,2014,3835,3523183,DEMOCRAT
Louisiana,2014,4673,3523183,DEMOCRAT
Louisiana,2014,1712379,3523183,REPUBLICAN
Louisiana,2014,1561210,3523183,DEMOCRAT
Louisiana,2014,14173,3523183,REPUBLICAN
Louisiana,2014,202556,3523183,REPUBLICAN
Maine,2014,269,616996,OTHER
Maine,2014,12968,616996,OTHER
Maine,2014,413505,616996,REPUBLICAN
Maine,2014,190254,616996,DEMOCRAT
Massachusetts,2014,791950,2186789,REPUBLICAN
Massachusetts,2014,101817,2186789,OTHER
Massachusetts,2014,3072,2186789,OTHER
Massachusetts,2014,6,2186789,OTHER
Massachusetts,2014,1289944,2186789,DEMOCRAT
Michigan,2014,67,3121771,OTHER
Michigan,2014,37529,3121771,OTHER
Michigan,2014,1290199,3121771,REPUBLICAN
Michigan,2014,62897,3121771,LIBERTARIAN
Michigan,2014,1704936,3121771,DEMOCRAT
Michigan,2014,26137,3121771,OTHER
Michigan,2014,6,3121771,OTHER
Minnesota,2014,29685,1981528,LIBERTARIAN
Minnesota,2014,47530,1981528,OTHER
Minnesota,2014,850227,1981528,REPUBLICAN
Minnesota,2014,881,1981528,OTHER
Minnesota,2014,1053205,1981528,DEMOCRAT
Mississippi,2014,239439,631858,DEMOCRAT
Mississippi,2014,13938,631858,OTHER
Mississippi,2014,378481,631858,REPUBLICAN
Montana,2014,213709,369826,REPUBLICAN
Montana,2014,7933,369826,LIBERTARIAN
Montana,2014,148184,369826,DEMOCRAT
Nebraska,2014,170127,540337,DEMOCRAT
Nebraska,2014,6260,540337,OTHER
Nebraska,2014,15868,540337,OTHER
Nebraska,2014,347636,540337,REPUBLICAN
Nebraska,2014,446,540337,OTHER
New Hampshire,2014,251184,488159,DEMOCRAT
New Hampshire,2014,235347,488159,REPUBLICAN
New Hampshire,2014,1628,488159,OTHER
New Jersey,2014,16721,1869535,LIBERTARIAN
New Jersey,2014,1043866,1869535,DEMOCRAT
New Jersey,2014,3544,1869535,OTHER
New Jersey,2014,791297,1869535,REPUBLICAN
New Jersey,2014,3890,1869535,OTHER
New Jersey,2014,4513,1869535,OTHER
New Jersey,2014,5704,1869535,OTHER
New Mexico,2014,229097,515506,REPUBLICAN
New Mexico,2014,286409,515506,DEMOCRAT
North Carolina,2014,1377651,2915281,DEMOCRAT
North Carolina,2014,201,2915281,OTHER
North Carolina,2014,1423259,2915281,REPUBLICAN
North Carolina,2014,142,2915281,OTHER
North Carolina,2014,109100,2915281,LIBERTARIAN
North Carolina,2014,621,2915281,OTHER
North Carolina,2014,4307,2915281,OTHER
Oklahoma,2014,10554,820733,OTHER
Oklahoma,2014,237923,820890,DEMOCRAT
Oklahoma,2014,234307,820733,DEMOCRAT
Oklahoma,2014,25965,820890,OTHER
Oklahoma,2014,558166,820733,REPUBLICAN
Oklahoma,2014,9913,820733,OTHER
Oklahoma,2014,557002,820890,REPUBLICAN
Oklahoma,2014,7793,820733,OTHER
Oregon,2014,44916,1461618,LIBERTARIAN
Oregon,2014,32434,1461618,OTHER
Oregon,2014,814537,1461618,DEMOCRAT
Oregon,2014,538847,1461618,REPUBLICAN
Oregon,2014,24212,1461618,OTHER
Oregon,2014,6672,1461618,OTHER
Rhode Island,2014,223675,316898,DEMOCRAT
Rhode Island,2014,92684,316898,REPUBLICAN
Rhode Island,2014,539,316898,OTHER
South Carolina,2014,24207,1240075,OTHER
South Carolina,2014,456726,1240075,DEMOCRAT
South Carolina,2014,21652,1238982,OTHER
South Carolina,2014,672941,1240075,REPUBLICAN
South Carolina,2014,459583,1238982,DEMOCRAT
South Carolina,2014,4774,1240075,OTHER
South Carolina,2014,757215,1238982,REPUBLICAN
South Carolina,2014,532,1238982,OTHER
South Carolina,2014,47588,1240075,OTHER
South Carolina,2014,33839,1240075,LIBERTARIAN
South Dakota,2014,140741,279412,REPUBLICAN
South Dakota,2014,8474,279412,OTHER
South Dakota,2014,47741,279412,OTHER
South Dakota,2014,82456,279412,DEMOCRAT
Tennessee,2014,12570,1374065,OTHER
Tennessee,2014,11157,1374065,OTHER
Tennessee,2014,437848,1374065,DEMOCRAT
Tennessee,2014,787,1374065,OTHER
Tennessee,2014,850087,1374065,REPUBLICAN
Tennessee,2014,2386,1374065,OTHER
Tennessee,2014,7713,1374065,OTHER
Tennessee,2014,2314,1374065,OTHER
Tennessee,2014,5759,1374065,OTHER
Tennessee,2014,36088,1374065,OTHER
Tennessee,2014,1673,1374065,OTHER
Tennessee,2014,5,1374065,OTHER
Tennessee,2014,5678,1374065,OTHER
Texas,2014,988,4648358,OTHER
Texas,2014,133751,4648358,LIBERTARIAN
Texas,2014,54701,4648358,OTHER
Texas,2014,2861531,4648358,REPUBLICAN
Texas,2014,1597387,4648358,DEMOCRAT
Virginia,2014,1055940,2184473,REPUBLICAN
Virginia,2014,1073667,2184473,DEMOCRAT
Virginia,2014,53102,2184473,LIBERTARIAN
Virginia,2014,1764,2184473,OTHER
West Virginia,2014,2566,453689,OTHER
West Virginia,2014,5,453689,OTHER
West Virginia,2014,156360,453689,DEMOCRAT
West Virginia,2014,281820,453689,REPUBLICAN
West Virginia,2014,7409,453689,LIBERTARIAN
West Virginia,2014,5504,453689,OTHER
West Virginia,2014,10,453689,OTHER
West Virginia,2014,7,453689,OTHER
West Virginia,2014,8,453689,OTHER
Wyoming,2014,13311,171153,OTHER
Wyoming,2014,130,171153,OTHER
Wyoming,2014,3677,171153,LIBERTARIAN
Wyoming,2014,2633,171153,OTHER
Wyoming,2014,471,171153,OTHER
Wyoming,2014,121554,171153,REPUBLICAN
Wyoming,2014,29377,171153,DEMOCRAT
Alabama,2016,748709,2087444,DEMOCRAT
Alabama,2016,1335104,2087444,REPUBLICAN
Alabama,2016,3631,2087444,OTHER
Alaska,2016,90825,311441,LIBERTARIAN
Alaska,2016,1758,311441,OTHER
Alaska,2016,36200,311441,DEMOCRAT
Alaska,2016,41194,311441,OTHER
Alaska,2016,2609,311441,OTHER
Alaska,2016,138149,311441,REPUBLICAN
Alaska,2016,706,311441,OTHER
Arizona,2016,45,2530730,OTHER
Arizona,2016,1031245,2530730,DEMOCRAT
Arizona,2016,4,2530730,OTHER
Arizona,2016,694,2530730,OTHER
Arizona,2016,83,2530730,OTHER
Arizona,2016,494,2530730,REPUBLICAN
Arizona,2016,34,2530730,OTHER
Arizona,2016,1359267,2530730,REPUBLICAN
Arizona,2016,223,2530730,OTHER
Arizona,2016,7,2530730,OTHER
Arizona,2016,138634,2530730,OTHER
Arkansas,2016,661984,1107522,REPUBLICAN
Arkansas,2016,1070,1107522,OTHER
Arkansas,2016,400602,1107522,DEMOCRAT
Arkansas,2016,43866,1107522,LIBERTARIAN
California,2016,4701417,12244170,DEMOCRAT
California,2016,7542753,12244170,DEMOCRAT
Colorado,2016,3216,2743023,OTHER
Colorado,2016,8361,2743023,OTHER
Colorado,2016,1370710,2743023,DEMOCRAT
Colorado,2016,99277,2743023,LIBERTARIAN
Colorado,2016,9336,2743023,OTHER
Colorado,2016,1215318,2743023,REPUBLICAN
Colorado,2016,36805,2743023,OTHER
Connecticut,2016,920766,1596276,DEMOCRAT
Connecticut,2016,87948,1596276,OTHER
Connecticut,2016,26,1596276,OTHER
Connecticut,2016,552621,1596276,REPUBLICAN
Connecticut,2016,12,1596276,OTHER
Connecticut,2016,18190,1596276,LIBERTARIAN
Connecticut,2016,16713,1596276,OTHER
Florida,2016,56,9301820,OTHER
Florida,2016,26918,9301820,OTHER
Florida,2016,7,9301820,OTHER
Florida,2016,4122088,9301820,DEMOCRAT
Florida,2016,196956,9301820,LIBERTARIAN
Florida,2016,22236,9301820,OTHER
Florida,2016,50,9301820,OTHER
Florida,2016,10,9301820,OTHER
Florida,2016,37,9301820,OTHER
Florida,2016,52451,9301820,OTHER
Florida,2016,4835191,9301820,REPUBLICAN
Florida,2016,45820,9301820,OTHER
Georgia,2016,813,3898605,OTHER
Georgia,2016,1599726,3898605,DEMOCRAT
Georgia,2016,162260,3898605,LIBERTARIAN
Georgia,2016,2135806,3898605,REPUBLICAN
Hawaii,2016,20763,437664,OTHER
Hawaii,2016,1393,437664,OTHER
Hawaii,2016,9103,437664,OTHER
Hawaii,2016,6809,437664,LIBERTARIAN
Hawaii,2016,306604,437664,DEMOCRAT
Hawaii,2016,339,437664,OTHER
Hawaii,2016,92653,437664,REPUBLICAN
Idaho,2016,41677,678943,OTHER
Idaho,2016,449017,678943,REPUBLICAN
Idaho,2016,188249,678943,DEMOCRAT
Illinois,2016,117619,5491878,OTHER
Illinois,2016,175988,5491878,LIBERTARIAN
Illinois,2016,42,5491878,OTHER
Illinois,2016,2184692,5491878,REPUBLICAN
Illinois,2016,3012940,5491878,DEMOCRAT
Illinois,2016,77,5491878,OTHER
Illinois,2016,106,5491878,OTHER
Illinois,2016,408,5491878,OTHER
Illinois,2016,5,5491878,OTHER
Illinois,2016,1,5491878,OTHER
Indiana,2016,1158947,2732546,DEMOCRAT
Indiana,2016,1423991,2732546,REPUBLICAN
Indiana,2016,149481,2732546,LIBERTARIAN
Indiana,2016,127,2732546,OTHER
Iowa,2016,926007,1541036,REPUBLICAN
Iowa,2016,549460,1541036,DEMOCRAT
Iowa,2016,4441,1541036,OTHER
Iowa,2016,1685,1541036,OTHER
Iowa,2016,41794,1541036,LIBERTARIAN
Iowa,2016,17649,1541036,OTHER
Kansas,2016,379740,1177922,DEMOCRAT
Kansas,2016,46,1177922,OTHER
Kansas,2016,65760,1177922,LIBERTARIAN
Kansas,2016,732376,1177922,REPUBLICAN
Kentucky,2016,1090177,1903465,REPUBLICAN
Kentucky,2016,6,1903465,OTHER
Kentucky,2016,813246,1903465,DEMOCRAT
Kentucky,2016,36,1903465,OTHER
Louisiana,2016,298008,1997218,REPUBLICAN
Louisiana,2016,51774,1997218,DEMOCRAT
Louisiana,2016,4927,1997218,DEMOCRAT
Louisiana,2016,204026,1997218,REPUBLICAN
Louisiana,2016,240917,1997218,DEMOCRAT
Louisiana,2016,6855,1997218,DEMOCRAT
Louisiana,2016,4067,1997218,LIBERTARIAN
Louisiana,2016,90856,1997218,REPUBLICAN
Louisiana,2016,4108,1997218,OTHER
Louisiana,2016,7395,1997218,DEMOCRAT
Louisiana,2016,1424,1997218,OTHER
Louisiana,2016,19352,1997218,OTHER
Louisiana,2016,1483,1997218,OTHER
Louisiana,2016,9503,1997218,OTHER
Louisiana,2016,536191,1997218,REPUBLICAN
Louisiana,2016,1151,1997218,OTHER
Louisiana,2016,11370,1997218,LIBERTARIAN
Louisiana,2016,45587,1997218,DEMOCRAT
Louisiana,2016,347816,1997218,DEMOCRAT
Louisiana,2016,1576,1997218,REPUBLICAN
Louisiana,2016,21019,1997218,REPUBLICAN
Louisiana,2016,58606,1997218,REPUBLICAN
Louisiana,2016,25523,1997218,REPUBLICAN
Louisiana,2016,3684,1997218,REPUBLICAN
Maryland,2016,1659907,2726170,DEMOCRAT
Maryland,2016,89970,2726170,OTHER
Maryland,2016,77,2726170,OTHER
Maryland,2016,7,2726170,OTHER
Maryland,2016,242,2726170,OTHER
Maryland,2016,138,2726170,OTHER
Maryland,2016,15,2726170,OTHER
Maryland,2016,26,2726170,OTHER
Maryland,2016,3231,2726170,OTHER
Maryland,2016,972557,2726170,REPUBLICAN
Missouri,2016,4,2802637,OTHER
Missouri,2016,53,2802637,OTHER
Missouri,2016,12,2802637,OTHER
Missouri,2016,1378458,2802637,REPUBLICAN
Missouri,2016,30743,2802637,OTHER
Missouri,2016,1,2802637,OTHER
Missouri,2016,25407,2802637,OTHER
Missouri,2016,1300200,2802637,DEMOCRAT
Missouri,2016,21,2802637,OTHER
Missouri,2016,67738,2802637,LIBERTARIAN
Nevada,2016,495079,1108294,REPUBLICAN
Nevada,2016,14208,1108294,OTHER
Nevada,2016,521994,1108294,DEMOCRAT
Nevada,2016,10740,1108294,OTHER
Nevada,2016,17128,1108294,OTHER
Nevada,2016,42257,1108294,OTHER
Nevada,2016,6888,1108294,OTHER
New Hampshire,2016,353632,739140,REPUBLICAN
New Hampshire,2016,354649,739140,DEMOCRAT
New Hampshire,2016,520,739140,OTHER
New Hampshire,2016,12597,739140,LIBERTARIAN
New Hampshire,2016,17742,739140,OTHER
New York,2016,48121,7800725,LIBERTARIAN
New York,2016,241672,7800725,OTHER
New York,2016,1723927,7800725,REPUBLICAN
New York,2016,400943,7800725,OTHER
New York,2016,3474,7800725,OTHER
New York,2016,17813,7800725,OTHER
New York,2016,45402,7800725,OTHER
New York,2016,3472,7800725,OTHER
New York,2016,4784220,7800725,DEMOCRAT
New York,2016,267613,7800725,OTHER
New York,2016,113413,7800725,OTHER
New York,2016,150655,7800725,OTHER
North Carolina,2016,2128165,4691133,DEMOCRAT
North Carolina,2016,2395376,4691133,REPUBLICAN
North Carolina,2016,167592,4691133,LIBERTARIAN
North Dakota,2016,366,342501,OTHER
North Dakota,2016,4675,342501,OTHER
North Dakota,2016,268788,342501,REPUBLICAN
North Dakota,2016,58116,342501,DEMOCRAT
North Dakota,2016,10556,342501,LIBERTARIAN
Ohio,2016,111,5374164,OTHER
Ohio,2016,77291,5374164,OTHER
Ohio,2016,1996908,5374164,DEMOCRAT
Ohio,2016,88246,5374164,OTHER
Ohio,2016,93041,5374164,OTHER
Ohio,2016,3118567,5374164,REPUBLICAN
Oklahoma,2016,355911,1448047,DEMOCRAT
Oklahoma,2016,980892,1448047,REPUBLICAN
Oklahoma,2016,40405,1448047,OTHER
Oklahoma,2016,43421,1448047,LIBERTARIAN
Oklahoma,2016,27418,1448047,OTHER
Oregon,2016,48823,1952478,OTHER
Oregon,2016,2058,1952478,OTHER
Oregon,2016,1105119,1952478,DEMOCRAT
Oregon,2016,61915,1952478,OTHER
Oregon,2016,59516,1952478,OTHER
Oregon,2016,651106,1952478,REPUBLICAN
Oregon,2016,23941,1952478,LIBERTARIAN
Pennsylvania,2016,2865012,6051856,DEMOCRAT
Pennsylvania,2016,235142,6051856,LIBERTARIAN
Pennsylvania,2016,2951702,6051856,REPUBLICAN
South Carolina,2016,704540,2049893,DEMOCRAT
South Carolina,2016,24830,2049893,LIBERTARIAN
South Carolina,2016,37610,2049893,OTHER
South Carolina,2016,12652,2049893,OTHER
South Carolina,2016,1241609,2049893,REPUBLICAN
South Carolina,2016,1857,2049893,OTHER
South Carolina,2016,11923,2049893,OTHER
South Carolina,2016,14872,2049893,OTHER
South Dakota,2016,265516,369656,REPUBLICAN
South Dakota,2016,104140,369656,DEMOCRAT
Utah,2016,760220,1115583,REPUBLICAN
Utah,2016,26166,1115583,OTHER
Utah,2016,27339,1115583,OTHER
Utah,2016,301858,1115583,DEMOCRAT
Vermont,2016,466,320467,OTHER
Vermont,2016,103637,320467,REPUBLICAN
Vermont,2016,9156,320467,OTHER
Vermont,2016,5223,320467,OTHER
Vermont,2016,3241,320467,OTHER
Vermont,2016,6192,320467,OTHER
Vermont,2016,309,320467,OTHER
Vermont,2016,192243,320467,DEMOCRAT
Washington,2016,1329338,3243317,REPUBLICAN
Washington,2016,1913979,3243317,DEMOCRAT
Wisconsin,2016,1380335,2948741,DEMOCRAT
Wisconsin,2016,87531,2948741,LIBERTARIAN
Wisconsin,2016,8,2948741,OTHER
Wisconsin,2016,1479471,2948741,REPUBLICAN
Wisconsin,2016,1396,2948741,OTHER
Arizona,2018,1135200,2384308,REPUBLICAN
Arizona,2018,1191100,2384308,DEMOCRAT
Arizona,2018,57442,2384308,OTHER
Arizona,2018,566,2384308,OTHER
California,2018,6019422,11113364,DEMOCRAT
California,2018,5093942,11113364,DEMOCRAT
Connecticut,2018,787685,1386840,DEMOCRAT
Connecticut,2018,545717,1386840,REPUBLICAN
Connecticut,2018,37894,1386840,OTHER
Connecticut,2018,8838,1386840,LIBERTARIAN
Connecticut,2018,6618,1386840,OTHER
Connecticut,2018,88,1386840,OTHER
Delaware,2018,217385,362592,DEMOCRAT
Delaware,2018,137127,362592,REPUBLICAN
Delaware,2018,4170,362592,OTHER
Delaware,2018,3910,362592,LIBERTARIAN
Florida,2018,4099505,8190005,REPUBLICAN
Florida,2018,4089472,8190005,DEMOCRAT
Florida,2018,1028,8190005,OTHER
Hawaii,2018,276316,388351,DEMOCRAT
Hawaii,2018,112035,388351,REPUBLICAN
Indiana,2018,1158000,2282565,REPUBLICAN
Indiana,2018,1023553,2282565,DEMOCRAT
Indiana,2018,100942,2282565,LIBERTARIAN
Indiana,2018,70,2282565,OTHER
Maine,2018,223502,634409,REPUBLICAN
Maine,2018,344575,634409,OTHER
Maine,2018,66268,634409,DEMOCRAT
Maine,2018,64,634409,OTHER
Maryland,2018,697017,2299889,REPUBLICAN
Maryland,2018,1491614,2299889,DEMOCRAT
Maryland,2018,22943,2299889,LIBERTARIAN
Maryland,2018,85964,2299889,OTHER
Maryland,2018,2351,2299889,OTHER
Massachusetts,2018,1633371,2707090,DEMOCRAT
Massachusetts,2018,979210,2707090,REPUBLICAN
Massachusetts,2018,91710,2707090,OTHER
Massachusetts,2018,2799,2707090,OTHER
Michigan,2018,1938818,4237271,REPUBLICAN
Michigan,2018,2214478,4237271,DEMOCRAT
Michigan,2018,27251,4237271,OTHER
Michigan,2018,40204,4237271,OTHER
Michigan,2018,16502,4237271,OTHER
Michigan,2018,18,4237271,OTHER
Minnesota,2018,940437,2596879,REPUBLICAN
Minnesota,2018,1566174,2596879,DEMOCRAT
Minnesota,2018,66236,2596879,OTHER
Minnesota,2018,23101,2596879,OTHER
Minnesota,2018,931,2596879,OTHER
Minnesota,2018,1095777,2587356,REPUBLICAN
Minnesota,2018,1370540,2587356,DEMOCRAT
Minnesota,2018,95614,2587356,OTHER
Minnesota,2018,24324,2587356,OTHER
Minnesota,2018,1101,2587356,OTHER
Mississippi,2018,369567,936215,DEMOCRAT
Mississippi,2018,547619,936215,REPUBLICAN
Mississippi,2018,12981,936215,LIBERTARIAN
Mississippi,2018,6048,936215,OTHER
Mississippi,2018,486769,907588,REPUBLICAN
Mississippi,2018,420819,907588,DEMOCRAT
Missouri,2018,1254927,2442289,REPUBLICAN
Missouri,2018,1112935,2442289,DEMOCRAT
Missouri,2018,27316,2442289,LIBERTARIAN
Missouri,2018,12706,2442289,OTHER
Missouri,2018,34398,2442289,OTHER
Missouri,2018,7,2442289,OTHER
Montana,2018,253876,504384,DEMOCRAT
Montana,2018,14545,504384,LIBERTARIAN
Montana,2018,235963,504384,REPUBLICAN
Nebraska,2018,403151,698883,REPUBLICAN
Nebraska,2018,269917,698883,DEMOCRAT
Nebraska,2018,25349,698883,LIBERTARIAN
Nebraska,2018,466,698883,OTHER
Nevada,2018,490071,972132,DEMOCRAT
Nevada,2018,441202,972132,REPUBLICAN
Nevada,2018,15303,972132,OTHER
Nevada,2018,9269,972132,OTHER
Nevada,2018,9196,972132,LIBERTARIAN
Nevada,2018,7091,972132,OTHER
New Jersey,2018,1711654,3169310,DEMOCRAT
New Jersey,2018,1357355,3169310,REPUBLICAN
New Jersey,2018,25150,3169310,OTHER
New Jersey,2018,21212,3169310,LIBERTARIAN
New Jersey,2018,19897,3169310,OTHER
New Jersey,2018,16101,3169310,OTHER
New Jersey,2018,9087,3169310,OTHER
New Jersey,2018,8854,3169310,OTHER
New Mexico,2018,376998,697012,DEMOCRAT
New Mexico,2018,107201,697012,LIBERTARIAN
New Mexico,2018,212813,697012,REPUBLICAN
New York,2018,3755489,6055151,DEMOCRAT
New York,2018,1730439,6055151,REPUBLICAN
New York,2018,246171,6055151,OTHER
New York,2018,160128,6055151,OTHER
New York,2018,99325,6055151,OTHER
New York,2018,41989,6055151,OTHER
New York,2018,21610,6055151,OTHER
North Dakota,2018,179720,326138,REPUBLICAN
North Dakota,2018,144376,326138,DEMOCRAT
North Dakota,2018,2042,326138,OTHER
Ohio,2018,2355923,4410898,DEMOCRAT
Ohio,2018,1012,4410898,OTHER
Ohio,2018,2053963,4410898,REPUBLICAN
Pennsylvania,2018,2777680,4994643,DEMOCRAT
Pennsylvania,2018,2134848,4994643,REPUBLICAN
Pennsylvania,2018,31208,4994643,OTHER
Pennsylvania,2018,50907,4994643,LIBERTARIAN
Rhode Island,2018,231477,376738,DEMOCRAT
Rhode Island,2018,144421,376738,REPUBLICAN
Rhode Island,2018,840,376738,OTHER
Tennessee,2018,1227483,2243740,REPUBLICAN
Tennessee,2018,985450,2243740,DEMOCRAT
Tennessee,2018,9455,2243740,OTHER
Tennessee,2018,3398,2243740,OTHER
Tennessee,2018,8717,2243740,OTHER
Tennessee,2018,1927,2243740,OTHER
Tennessee,2018,2226,2243740,OTHER
Tennessee,2018,5084,2243740,OTHER
Texas,2018,4260553,8371655,REPUBLICAN
Texas,2018,4045632,8371655,DEMOCRAT
Texas,2018,65470,8371655,LIBERTARIAN
Utah,2018,665215,1062845,REPUBLICAN
Utah,2018,328541,1062845,DEMOCRAT
Utah,2018,28774,1062845,OTHER
Utah,2018,27607,1062845,LIBERTARIAN
Utah,2018,12708,1062845,OTHER
Vermont,2018,1979,272624,OTHER
Vermont,2018,2763,272624,OTHER
Vermont,2018,914,272624,OTHER
Vermont,2018,2244,272624,OTHER
Vermont,2018,1171,272624,OTHER
Vermont,2018,3787,272624,OTHER
Vermont,2018,183529,272624,OTHER
Vermont,2018,1280,272624,OTHER
Vermont,2018,74663,272624,REPUBLICAN
Vermont,2018,294,272624,OTHER
Virginia,2018,1374313,3351373,REPUBLICAN
Virginia,2018,1910370,3351373,DEMOCRAT
Virginia,2018,61565,3351373,LIBERTARIAN
Virginia,2018,5125,3351373,OTHER
Washington,2018,1803364,3086168,DEMOCRAT
Washington,2018,1282804,3086168,REPUBLICAN
West Virginia,2018,288808,582911,DEMOCRAT
West Virginia,2018,269872,582911,REPUBLICAN
West Virginia,2018,24231,582911,LIBERTARIAN
Wisconsin,2018,1472914,2657841,DEMOCRAT
Wisconsin,2018,1184885,2657841,REPUBLICAN
Wisconsin,2018,42,2657841,OTHER
Wyoming,2018,136210,203420,REPUBLICAN
Wyoming,2018,61227,203420,DEMOCRAT
Wyoming,2018,5658,203420,LIBERTARIAN
Wyoming,2018,325,203420,OTHER
Alabama,2020,920478,2316445,DEMOCRAT
Alabama,2020,1392076,2316445,REPUBLICAN
Alabama,2020,3891,2316445,OTHER
Alaska,2020,146068,354587,DEMOCRAT
Alaska,2020,16806,354587,OTHER
Alaska,2020,191112,354587,REPUBLICAN
Alaska,2020,601,354587,OTHER
Arizona,2020,28,3355307,REPUBLICAN
Arizona,2020,1637661,3355307,REPUBLICAN
Arizona,2020,92,3355307,REPUBLICAN
Arizona,2020,98,3355307,REPUBLICAN
Arizona,2020,29,3355307,REPUBLICAN
Arizona,2020,68,3355307,DEMOCRAT
Arizona,2020,58,3355307,DEMOCRAT
Arizona,2020,19,3355307,DEMOCRAT
Arizona,2020,1716467,3355307,DEMOCRAT
Arizona,2020,22,3355307,DEMOCRAT
Arizona,2020,379,3355307,LIBERTARIAN
Arizona,2020,59,3355307,OTHER
Arizona,2020,21,3355307,OTHER
Arizona,2020,152,3355307,OTHER
Arizona,2020,37,3355307,OTHER
Arizona,2020,17,3355307,OTHER
Arizona,2020,69,3355307,OTHER
Arizona,2020,8,3355307,OTHER
Arizona,2020,23,3355307,OTHER
Arkansas,2020,399390,1193261,LIBERTARIAN
Arkansas,2020,793871,1193261,REPUBLICAN
Colorado,2020,1731114,3235790,DEMOCRAT
Colorado,2020,1429492,3235790,REPUBLICAN
Colorado,2020,9820,3235790,OTHER
Colorado,2020,8971,3235790,OTHER
Colorado,2020,56262,3235790,LIBERTARIAN
Colorado,2020,55,3235790,OTHER
Colorado,2020,71,3235790,OTHER
Colorado,2020,5,3235790,OTHER
Delaware,2020,291804,490935,DEMOCRAT
Delaware,2020,186054,490935,REPUBLICAN
Delaware,2020,7833,490935,OTHER
Delaware,2020,5244,490935,LIBERTARIAN
Georgia,2020,2462617,4952175,REPUBLICAN
Georgia,2020,2374519,4952175,DEMOCRAT
Georgia,2020,115039,4952175,LIBERTARIAN
Georgia,2020,14640,4914361,OTHER
Georgia,2020,17954,4914361,OTHER
Georgia,2020,980454,4914361,REPUBLICAN
Georgia,2020,15293,4914361,OTHER
Georgia,2020,51592,4914361,REPUBLICAN
Georgia,2020,13293,4914361,OTHER
Georgia,2020,44335,4914361,REPUBLICAN
Georgia,2020,324118,4914361,DEMOCRAT
Georgia,2020,94406,4914361,DEMOCRAT
Georgia,2020,36176,4914361,REPUBLICAN
Georgia,2020,106767,4914361,DEMOCRAT
Georgia,2020,136021,4914361,DEMOCRAT
Georgia,2020,1273214,4914361,REPUBLICAN
Georgia,2020,44945,4914361,DEMOCRAT
Georgia,2020,35431,4914361,LIBERTARIAN
Georgia,2020,13318,4914361,OTHER
Georgia,2020,26333,4914361,DEMOCRAT
Georgia,2020,40349,4914361,REPUBLICAN
Georgia,2020,1617035,4914361,DEMOCRAT
Georgia,2020,28687,4914361,DEMOCRAT
Idaho,2020,25329,859827,OTHER
Idaho,2020,285864,859827,DEMOCRAT
Idaho,2020,538446,859827,REPUBLICAN
Idaho,2020,10188,859827,OTHER
Illinois,2020,3278930,5968901,DEMOCRAT
Illinois,2020,2319870,5968901,REPUBLICAN
Illinois,2020,237699,5968901,OTHER
Illinois,2020,75673,5968901,LIBERTARIAN
Illinois,2020,56711,5968901,OTHER
Illinois,2020,10,5968901,OTHER
Illinois,2020,6,5968901,OTHER
Illinois,2020,2,5968901,OTHER
Iowa,2020,864997,1700130,REPUBLICAN
Iowa,2020,754859,1700130,DEMOCRAT
Iowa,2020,36961,1700130,LIBERTARIAN
Iowa,2020,13800,1700130,OTHER
Iowa,2020,1211,1700130,OTHER
Iowa,2020,27438,1700130,OTHER
Iowa,2020,864,1700130,OTHER
Kansas,2020,727962,1367755,REPUBLICAN
Kansas,2020,571530,1367755,DEMOCRAT
Kansas,2020,68263,1367755,LIBERTARIAN
Kentucky,2020,1233315,2135057,REPUBLICAN
Kentucky,2020,816257,2135057,DEMOCRAT
Kentucky,2020,85386,2135057,LIBERTARIAN
Kentucky,2020,70,2135057,OTHER
Kentucky,2020,18,2135057,OTHER
Kentucky,2020,9,2135057,OTHER
Kentucky,2020,1,2135057,OTHER
Louisiana,2020,17362,2071543,OTHER
Louisiana,2020,16518,2071543,OTHER
Louisiana,2020,1228908,2071543,REPUBLICAN
Louisiana,2020,3954,2071543,OTHER
Louisiana,2020,229814,2071543,DEMOCRAT
Louisiana,2020,2813,2071543,OTHER
Louisiana,2020,36962,2071543,DEMOCRAT
Louisiana,2020,7811,2071543,OTHER
Louisiana,2020,5804,2071543,OTHER
Louisiana,2020,38383,2071543,REPUBLICAN
Louisiana,2020,394049,2071543,DEMOCRAT
Louisiana,2020,55710,2071543,DEMOCRAT
Louisiana,2020,7680,2071543,OTHER
Louisiana,2020,11321,2071543,LIBERTARIAN
Louisiana,2020,14454,2071543,DEMOCRAT
Maine,2020,417645,828305,REPUBLICAN
Maine,2020,347223,828305,DEMOCRAT
Maine,2020,13508,828305,OTHER
Maine,2020,40579,828305,OTHER
Maine,2020,228,828305,OTHER
Maine,2020,9122,828305,OTHER
Massachusetts,2020,2357809,3658005,DEMOCRAT
Massachusetts,2020,1177765,3658005,REPUBLICAN
Massachusetts,2020,21134,3658005,OTHER
Massachusetts,2020,7428,3658005,OTHER
Massachusetts,2020,93869,3658005,OTHER
Michigan,2020,2734568,5479720,DEMOCRAT
Michigan,2020,2642233,5479720,REPUBLICAN
Michigan,2020,50597,5479720,OTHER
Michigan,2020,39217,5479720,OTHER
Michigan,2020,13093,5479720,OTHER
Michigan,2020,5,5479720,OTHER
Michigan,2020,7,5479720,OTHER
Minnesota,2020,190154,3214256,OTHER
Minnesota,2020,57174,3214256,OTHER
Minnesota,2020,1398145,3214256,REPUBLICAN
Minnesota,2020,1566522,3214256,DEMOCRAT
Minnesota,2020,2261,3214256,OTHER
Mississippi,2020,578691,1311354,DEMOCRAT
Mississippi,2020,709511,1311354,REPUBLICAN
Mississippi,2020,23152,1311354,LIBERTARIAN
Montana,2020,272463,605637,DEMOCRAT
Montana,2020,333174,605637,REPUBLICAN
Nebraska,2020,583507,930012,REPUBLICAN
Nebraska,2020,227191,930012,DEMOCRAT
Nebraska,2020,55115,930012,LIBERTARIAN
Nebraska,2020,58411,930012,OTHER
Nebraska,2020,5788,930012,OTHER
New Hampshire,2020,326229,795914,REPUBLICAN
New Hampshire,2020,450778,795914,DEMOCRAT
New Hampshire,2020,18421,795914,LIBERTARIAN
New Hampshire,2020,486,795914,OTHER
New Jersey,2020,2541178,4440440,DEMOCRAT
New Jersey,2020,1817052,4440440,REPUBLICAN
New Jersey,2020,38288,4440440,OTHER
New Jersey,2020,32290,4440440,OTHER
New Jersey,2020,11632,4440440,OTHER
New Mexico,2020,24271,917237,LIBERTARIAN
New Mexico,2020,418483,917237,REPUBLICAN
New Mexico,2020,474483,917237,DEMOCRAT
North Carolina,2020,2665598,5474952,REPUBLICAN
North Carolina,2020,2569965,5474952,DEMOCRAT
North Carolina,2020,171571,5474952,LIBERTARIAN
North Carolina,2020,67818,5474952,OTHER
Oklahoma,2020,979140,1556361,REPUBLICAN
Oklahoma,2020,34435,1556361,LIBERTARIAN
Oklahoma,2020,509763,1556361,DEMOCRAT
Oklahoma,2020,21652,1556361,OTHER
Oklahoma,2020,11371,1556361,OTHER
Oregon,2020,912814,2321249,REPUBLICAN
Oregon,2020,1321047,2321249,DEMOCRAT
Oregon,2020,42239,2321249,OTHER
Oregon,2020,42747,2321249,LIBERTARIAN
Oregon,2020,2402,2321249,OTHER
Rhode Island,2020,328574,494262,DEMOCRAT
Rhode Island,2020,164855,494262,REPUBLICAN
Rhode Island,2020,833,494262,OTHER
South Carolina,2020,32845,2515104,OTHER
South Carolina,2020,1369137,2515104,REPUBLICAN
South Carolina,2020,1110828,2515104,DEMOCRAT
South Carolina,2020,2294,2515104,OTHER
South Dakota,2020,276232,420219,REPUBLICAN
South Dakota,2020,143987,420219,DEMOCRAT
Tennessee,2020,1840926,2959761,REPUBLICAN
Tennessee,2020,1040691,2959761,DEMOCRAT
Tennessee,2020,10727,2959761,OTHER
Tennessee,2020,4160,2959761,OTHER
Tennessee,2020,8478,2959761,OTHER
Tennessee,2020,4872,2959761,OTHER
Tennessee,2020,9609,2959761,OTHER
Tennessee,2020,7203,2959761,OTHER
Tennessee,2020,16652,2959761,OTHER
Tennessee,2020,9598,2959761,OTHER
Tennessee,2020,6781,2959761,OTHER
Tennessee,2020,64,2959761,OTHER
Texas,2020,5962983,11144040,REPUBLICAN
Texas,2020,4888764,11144040,DEMOCRAT
Texas,2020,209722,11144040,LIBERTARIAN
Texas,2020,81893,11144040,OTHER
Texas,2020,678,11144040,OTHER
Virginia,2020,2466500,4405087,DEMOCRAT
Virginia,2020,1934199,4405087,REPUBLICAN
Virginia,2020,4388,4405087,OTHER
West Virginia,2020,547454,778918,REPUBLICAN
West Virginia,2020,210309,778918,DEMOCRAT
West Virginia,2020,21155,778918,LIBERTARIAN
Wyoming,2020,198100,278503,OTHER
Wyoming,2020,72766,278503,OTHER
Wyoming,2020,1071,278503,OTHER
Wyoming,2020,165,278503,OTHER
Wyoming,2020,6401,278503,OTHER
Georgia,2021,2194848,4483294,REPUBLICAN
Georgia,2021,2288446,4483294,DEMOCRAT
Georgia,2021,2213979,4483241,REPUBLICAN
Georgia,2021,2269262,4483241,DEMOCRAT
