State,Year,CandidateVotes,TotalVotes,PartyAffiliation
Minnesota,2018,23101,2596879,OTHER
New York,2004,744943,7447818,OTHER
Pennsylvania,1994,1648481,3513361,DEMOCRAT
New Jersey,1996,23949,2883466,OTHER
Missouri,2016,67738,2802637,LIBERTARIAN
Indiana,1992,99,2211426,OTHER
Illinois,1984,12366,4787335,OTHER
Arizona,1998,23004,1013280,LIBERTARIAN
Florida,2016,45820,9301820,OTHER
South Dakota,1980,129018,327478,DEMOCRAT
Hawaii,2000,251215,345623,DEMOCRAT
New York,2006,1212902,4700632,REPUBLICAN
Illinois,2014,1538522,3603519,REPUBLICAN
Wisconsin,1998,4266,1760836,OTHER
Oregon,2014,814537,1461618,DEMOCRAT
Iowa,1986,106,891762,OTHER
Nebraska,2020,58411,930012,OTHER
South Carolina,2004,13464,1597221,OTHER
Alaska,2010,21,255503,OTHER
South Carolina,1992,591030,1180438,DEMOCRAT
Minnesota,1988,1176210,2093953,REPUBLICAN
Tennessee,2006,14,1833695,OTHER
Florida,1994,2895200,4106816,REPUBLICAN
Tennessee,1994,13244,1480391,OTHER
Michigan,2018,27251,4237271,OTHER
Florida,1982,1015330,2653419,REPUBLICAN
Tennessee,2012,12,2321477,OTHER
Illinois,2008,119135,5329884,OTHER
Connecticut,2016,920766,1596276,DEMOCRAT
North Carolina,1996,1345833,2556456,REPUBLICAN
Tennessee,1996,5569,1778664,OTHER
Arizona,1976,400334,741210,DEMOCRAT
New Jersey,2012,3834,3376649,OTHER
New Jersey,1976,19907,2771390,LIBERTARIAN
Maryland,2010,1140531,1833858,DEMOCRAT
Pennsylvania,2000,24089,4735116,OTHER
Wisconsin,1982,21807,1544883,OTHER
Colorado,2010,851590,1772286,DEMOCRAT
Kansas,1978,22497,748839,OTHER
Louisiana,2010,5734,1264994,OTHER
South Dakota,1996,166533,324487,DEMOCRAT
Pennsylvania,2016,235142,6051856,LIBERTARIAN
Louisiana,2016,6855,1997218,DEMOCRAT
Montana,2014,7933,369826,LIBERTARIAN
Tennessee,1976,751180,1432046,DEMOCRAT
Idaho,1986,196958,382024,REPUBLICAN
Delaware,2018,4170,362592,OTHER
Tennessee,1994,623164,1480391,DEMOCRAT
New Jersey,2012,2198,3376649,OTHER
New York,2018,246171,6055151,OTHER
Arkansas,1978,113,517138,OTHER
Ohio,1982,1923767,3395463,DEMOCRAT
Illinois,1980,29328,4580029,LIBERTARIAN
Nevada,2000,69,600776,OTHER
New York,2016,45402,7800725,OTHER
Nebraska,2014,347636,540337,REPUBLICAN
Nevada,2004,9559,810068,LIBERTARIAN
New Jersey,2018,21212,3169310,LIBERTARIAN
Connecticut,2006,5922,1134777,OTHER
South Carolina,1990,10317,750716,OTHER
Michigan,1984,2686,3700938,OTHER
New Jersey,1996,1519154,2883466,DEMOCRAT
Arizona,2010,1005615,1708484,REPUBLICAN
Maine,1984,28,551406,OTHER
Louisiana,1998,3227,969165,OTHER
Tennessee,2020,10727,2959761,OTHER
West Virginia,2010,6425,529948,OTHER
Nebraska,2018,269917,698883,DEMOCRAT
Colorado,2004,8442,2107472,OTHER
New Mexico,1996,24230,551821,OTHER
Florida,2000,80830,5856731,OTHER
Texas,2014,2861531,4648358,REPUBLICAN
Maryland,2000,715178,1946898,REPUBLICAN
New Mexico,2000,265,589526,OTHER
Alabama,1990,150,1185154,OTHER
Arizona,2020,59,3355307,OTHER
Colorado,1998,829370,1327235,REPUBLICAN
Connecticut,2010,6735,1153115,OTHER
Minnesota,2018,1566174,2596879,DEMOCRAT
Oregon,2016,23941,1952478,LIBERTARIAN
Wyoming,1982,94725,167191,REPUBLICAN
Rhode Island,2000,3635,391353,OTHER
Maryland,1998,444637,1507447,REPUBLICAN
Iowa,1996,9768,1224054,OTHER
Delaware,1988,151115,243493,REPUBLICAN
Tennessee,2014,1673,1374065,OTHER
Alaska,2004,149773,308315,REPUBLICAN
New Jersey,1990,918874,1938454,REPUBLICAN
Montana,2006,10377,406505,LIBERTARIAN
Oklahoma,1994,542390,982430,REPUBLICAN
Maryland,2016,972557,2726170,REPUBLICAN
Connecticut,2012,8,1511764,OTHER
West Virginia,2020,21155,778918,LIBERTARIAN
Illinois,2020,2319870,5968901,REPUBLICAN
Alabama,1996,633,1499393,OTHER
New Jersey,2000,2536,3015662,OTHER
Alaska,2004,423,308315,OTHER
Missouri,2000,1191812,2361586,DEMOCRAT
Alaska,1984,58804,206438,DEMOCRAT
Utah,1992,17549,758479,OTHER
New York,2012,21985,7116628,OTHER
Louisiana,2016,1424,1997218,OTHER
Georgia,2004,1287690,3220981,DEMOCRAT
Delaware,2008,257539,398134,DEMOCRAT
Minnesota,2002,3,2254636,OTHER
Vermont,1986,67798,196532,REPUBLICAN
Washington,2004,1549708,2818651,DEMOCRAT
Kentucky,1986,173330,677280,REPUBLICAN
California,1992,235919,10799703,LIBERTARIAN
Nevada,2018,441202,972132,REPUBLICAN
California,1976,104383,7470586,OTHER
Maryland,2004,783055,2321931,REPUBLICAN
Nevada,2006,5269,582572,LIBERTARIAN
New York,2004,1625069,7447818,REPUBLICAN
New Mexico,1984,141253,502634,DEMOCRAT
New York,2016,17813,7800725,OTHER
Hawaii,1998,70964,398124,REPUBLICAN
Colorado,2008,1230994,2331621,DEMOCRAT
New Jersey,1976,6650,2771390,OTHER
Pennsylvania,2012,96926,5627422,LIBERTARIAN
Indiana,1976,14321,2161187,OTHER
California,1988,166600,9743598,OTHER
Georgia,2008,29,3752485,OTHER
Louisiana,2010,3780,1264994,OTHER
Minnesota,2002,2254,2254636,OTHER
North Dakota,2010,52955,238534,DEMOCRAT
South Carolina,2016,37610,2049893,OTHER
Minnesota,2018,1101,2587356,OTHER
Louisiana,2002,119776,2481629,REPUBLICAN
Florida,2010,15340,5411106,OTHER
Maryland,2004,47,2321931,OTHER
New Mexico,1994,249989,463196,DEMOCRAT
Wisconsin,2006,1439214,2138297,DEMOCRAT
Minnesota,2000,21447,2419520,OTHER
Connecticut,2010,30836,1153115,OTHER
Texas,1978,1139149,2312540,DEMOCRAT
South Carolina,2020,1110828,2515104,DEMOCRAT
Arizona,1992,6335,1382051,OTHER
Oregon,1998,18221,1117747,LIBERTARIAN
California,2004,6955728,12053295,DEMOCRAT
Virginia,1994,235324,2057463,OTHER
New Hampshire,1980,179455,375060,DEMOCRAT
South Carolina,2014,672941,1240075,REPUBLICAN
Colorado,2020,71,3235790,OTHER
Alaska,1996,1009,231916,OTHER
Illinois,2010,3,3704473,OTHER
Georgia,2020,2374519,4952175,DEMOCRAT
Tennessee,1996,1091554,1778664,REPUBLICAN
Colorado,2014,24151,2041058,OTHER
California,2006,5076289,8541476,DEMOCRAT
Indiana,2016,149481,2732546,LIBERTARIAN
Colorado,2008,50004,2331621,OTHER
New Jersey,1978,2776,1957515,OTHER
Florida,2012,4523451,8189946,DEMOCRAT
New York,1980,21465,6014914,OTHER
Oklahoma,2020,21652,1556361,OTHER
Connecticut,2010,498341,1153115,REPUBLICAN
Delaware,1984,98101,245932,REPUBLICAN
Texas,1988,43989,5323606,LIBERTARIAN
Arkansas,1998,385878,700831,DEMOCRAT
New York,2010,168384,4763899,OTHER
New Jersey,1978,4736,1957515,OTHER
Massachusetts,1976,157,2491255,OTHER
Colorado,1996,750315,1459601,REPUBLICAN
Massachusetts,2008,93713,3102995,LIBERTARIAN
New Jersey,2020,2541178,4440440,DEMOCRAT
Arizona,2010,592011,1708484,DEMOCRAT
Tennessee,2020,64,2959761,OTHER
West Virginia,1988,223564,634547,REPUBLICAN
Colorado,1986,1571,1060765,OTHER
Minnesota,1984,3129,2066143,OTHER
Pennsylvania,1994,59115,3513361,LIBERTARIAN
New Mexico,1978,183442,343487,REPUBLICAN
New York,1986,212101,4484859,OTHER
New Jersey,2014,3544,1869535,OTHER
Michigan,2000,1994693,4167685,REPUBLICAN
South Carolina,1990,13805,750716,LIBERTARIAN
Tennessee,1994,6631,1480391,OTHER
Pennsylvania,1998,1028839,2957499,DEMOCRAT
New Hampshire,2004,588,657086,OTHER
Nevada,2018,9269,972132,OTHER
Oklahoma,1992,494350,1294423,DEMOCRAT
Wyoming,2006,135174,196215,REPUBLICAN
Kansas,1998,229718,727236,DEMOCRAT
Wisconsin,1976,1731,1935183,OTHER
Texas,1990,1429986,3822157,DEMOCRAT
Rhode Island,1996,127368,364371,REPUBLICAN
Illinois,2008,1,5329884,OTHER
Arizona,1992,26,1382051,OTHER
Minnesota,1982,5897,1804675,OTHER
Iowa,1978,3689,824576,LIBERTARIAN
Delaware,2010,10,307402,OTHER
Oregon,2010,18940,1442588,OTHER
South Dakota,2002,3071,337501,LIBERTARIAN
South Dakota,1986,152657,295830,DEMOCRAT
Ohio,1988,151,4352905,OTHER
Ohio,2010,648,3815098,OTHER
Massachusetts,1996,7169,2555942,OTHER
Georgia,2010,68750,2555258,LIBERTARIAN
Wisconsin,1982,4463,1544883,OTHER
New York,2000,82801,6959662,OTHER
Oregon,1978,550165,892518,REPUBLICAN
Louisiana,2014,4673,3523183,DEMOCRAT
Hawaii,1992,7547,363662,LIBERTARIAN
Oklahoma,1978,493953,754264,DEMOCRAT
Connecticut,2012,388,1511764,OTHER
New Hampshire,1996,22261,491873,LIBERTARIAN
Nevada,2016,14208,1108294,OTHER
Arkansas,2010,25234,779957,OTHER
Texas,2014,988,4648358,OTHER
Nevada,2000,330687,600776,REPUBLICAN
Kentucky,2014,806787,1435868,REPUBLICAN
California,1986,3646672,7398462,DEMOCRAT
California,2010,41,10000160,OTHER
Texas,2014,54701,4648358,OTHER
California,1998,3575078,8311905,REPUBLICAN
Alabama,1992,522015,1577799,REPUBLICAN
Michigan,2012,27890,4652918,OTHER
Oklahoma,2014,234307,820733,DEMOCRAT
Louisiana,2020,55710,2071543,DEMOCRAT
Arizona,2010,39,1708484,OTHER
West Virginia,2006,159154,206562,DEMOCRAT
Minnesota,1976,1290736,1912020,DEMOCRAT
Tennessee,2012,14,2321477,OTHER
Rhode Island,2020,328574,494262,DEMOCRAT
Connecticut,2004,457749,1424726,REPUBLICAN
Florida,1988,585,4068209,OTHER
Iowa,1996,280,1224054,OTHER
Florida,2004,3672864,7429894,REPUBLICAN
New Jersey,2006,2490,2250070,OTHER
North Carolina,1998,1029237,2012143,DEMOCRAT
Hawaii,2010,2697,370583,OTHER
Idaho,1996,198422,497233,DEMOCRAT
Iowa,1990,446869,983933,REPUBLICAN
Connecticut,2018,88,1386840,OTHER
New York,1998,319072,4989877,OTHER
Vermont,2004,75398,307208,REPUBLICAN
Connecticut,2012,6414,1511764,OTHER
Alabama,1978,5814,729842,OTHER
New Mexico,2020,418483,917237,REPUBLICAN
Georgia,2000,1413224,2415743,DEMOCRAT
Texas,2012,4440137,7864822,REPUBLICAN
Vermont,2016,192243,320467,DEMOCRAT
Kentucky,1980,386029,1106920,REPUBLICAN
Vermont,1994,106505,211672,REPUBLICAN
New York,1988,3907178,6040980,DEMOCRAT
Massachusetts,2018,979210,2707090,REPUBLICAN
California,2004,53,12053295,OTHER
Texas,1982,23494,3103167,LIBERTARIAN
Connecticut,2010,7,1153115,OTHER
Illinois,1980,11453,4580029,OTHER
Connecticut,2000,828902,1311261,DEMOCRAT
Indiana,1998,23641,1588617,LIBERTARIAN
Nevada,2016,42257,1108294,OTHER
North Dakota,2000,176470,287539,DEMOCRAT
Illinois,2020,3278930,5968901,DEMOCRAT
Virginia,2014,1055940,2184473,REPUBLICAN
North Carolina,2014,109100,2915281,LIBERTARIAN
Tennessee,1990,109,783922,OTHER
Montana,1984,215704,379155,DEMOCRAT
Pennsylvania,2010,2028945,3977661,REPUBLICAN
Pennsylvania,1976,3637,4546353,OTHER
Kentucky,2014,17,1435868,OTHER
Tennessee,1994,27,1465862,OTHER
Indiana,1990,696639,1502687,DEMOCRAT
Massachusetts,1976,1726657,2491255,DEMOCRAT
Tennessee,1996,654937,1778664,DEMOCRAT
Arizona,2006,12,1526782,OTHER
South Dakota,2014,47741,279412,OTHER
Texas,2002,35538,4514012,LIBERTARIAN
Texas,1976,17355,3874230,OTHER
Colorado,1986,11127,1060765,OTHER
Maine,1990,100,520320,OTHER
Missouri,1982,758629,1543521,DEMOCRAT
Indiana,2006,1171553,1341111,REPUBLICAN
New York,1986,60099,4484859,OTHER
South Carolina,1998,16991,1069063,LIBERTARIAN
North Dakota,1998,134747,213358,DEMOCRAT
Oregon,2008,805159,1767504,REPUBLICAN
Nevada,1994,5964,380530,LIBERTARIAN
California,1982,3494968,7805450,DEMOCRAT
South Dakota,1998,3796,262111,LIBERTARIAN
Arizona,1998,187,1013280,OTHER
Vermont,1976,85682,189060,DEMOCRAT
Delaware,2002,350,232314,OTHER
Maine,2000,197183,634872,DEMOCRAT
Louisiana,2016,347816,1997218,DEMOCRAT
Michigan,2002,23931,3129287,OTHER
Oregon,2016,651106,1952478,REPUBLICAN
New York,1980,275100,6014914,OTHER
Iowa,1992,293,1292494,OTHER
Vermont,2006,1518,262419,OTHER
Louisiana,2020,7680,2071543,OTHER
Wisconsin,1986,19266,1483174,OTHER
Washington,1980,792052,1728369,DEMOCRAT
Alaska,2016,36200,311441,DEMOCRAT
New Mexico,1976,906,413056,OTHER
South Carolina,2008,790621,1871431,DEMOCRAT
Rhode Island,2000,161023,391353,DEMOCRAT
Louisiana,2004,12463,1848056,OTHER
Kansas,1986,576902,823566,REPUBLICAN
Arizona,2016,694,2530730,OTHER
Arizona,1982,291749,723885,REPUBLICAN
Alabama,1986,602537,1211897,REPUBLICAN
Pennsylvania,2000,45775,4735116,LIBERTARIAN
Texas,1996,2428776,5527441,DEMOCRAT
Tennessee,2020,1840926,2959761,REPUBLICAN
Nebraska,2020,5788,930012,OTHER
Utah,2010,33095,585230,OTHER
Louisiana,2020,394049,2071543,DEMOCRAT
Wisconsin,1982,7947,1544883,LIBERTARIAN
Louisiana,2020,5804,2071543,OTHER
Wyoming,2002,133710,183280,REPUBLICAN
South Carolina,2004,10678,1597221,LIBERTARIAN
Vermont,2000,73352,288500,DEMOCRAT
Tennessee,2020,6781,2959761,OTHER
Delaware,1996,3340,275591,LIBERTARIAN
Missouri,1998,830625,1576857,REPUBLICAN
Louisiana,2002,596642,2481629,REPUBLICAN
New Hampshire,2004,221549,657086,DEMOCRAT
Maryland,1986,675225,1112637,DEMOCRAT
Maryland,2012,32252,2633234,LIBERTARIAN
North Dakota,2006,2194,218152,OTHER
West Virginia,2002,160902,436183,REPUBLICAN
Iowa,1984,716883,1292700,DEMOCRAT
Mississippi,1994,418333,608085,REPUBLICAN
Michigan,1976,1831031,3490412,DEMOCRAT
Tennessee,2014,7713,1374065,OTHER
Maine,2020,40579,828305,OTHER
California,2010,175242,10000160,LIBERTARIAN
Maryland,2016,26,2726170,OTHER
Massachusetts,1988,884267,2606225,REPUBLICAN
Arkansas,2008,207076,1011754,OTHER
Florida,2016,196956,9301820,LIBERTARIAN
Alaska,2016,706,311441,OTHER
Rhode Island,1996,6327,364371,OTHER
Minnesota,2012,867974,2843207,REPUBLICAN
Hawaii,1982,8953,306410,OTHER
New Jersey,2000,3836,3015662,OTHER
Rhode Island,2006,178950,384993,REPUBLICAN
New York,2010,244385,4757635,OTHER
Wyoming,2002,49570,183280,DEMOCRAT
Montana,1984,9143,379155,LIBERTARIAN
Georgia,2020,44335,4914361,REPUBLICAN
Ohio,2004,3464356,5425823,REPUBLICAN
Connecticut,1992,35315,1500661,OTHER
Connecticut,1988,12409,1383526,LIBERTARIAN
Massachusetts,2018,2799,2707090,OTHER
Maryland,1998,1062810,1507447,DEMOCRAT
California,1988,51,9743598,OTHER
South Dakota,1990,6567,258976,OTHER
Connecticut,1994,334833,1079664,REPUBLICAN
Massachusetts,1996,1143120,2555942,REPUBLICAN
Pennsylvania,1986,1906537,3378226,REPUBLICAN
Oregon,2016,59516,1952478,OTHER
Connecticut,2016,26,1596276,OTHER
Nevada,2000,2540,600776,OTHER
Delaware,2000,1103,326993,LIBERTARIAN
New York,1988,1686558,6040980,REPUBLICAN
Vermont,2018,1280,272624,OTHER
West Virginia,2014,5504,453689,OTHER
North Dakota,2004,212143,310696,DEMOCRAT
Illinois,1998,1709041,3394521,REPUBLICAN
New York,1976,25141,6666875,OTHER
South Carolina,1986,4588,737962,OTHER
Illinois,2010,468,3704473,OTHER
Wyoming,2000,47087,213659,DEMOCRAT
Virginia,1990,196755,1083690,OTHER
North Carolina,2014,1423259,2915281,REPUBLICAN
Wisconsin,1976,521902,1935183,REPUBLICAN
Pennsylvania,1988,25273,4366598,OTHER
New York,1992,289258,7078805,OTHER
Vermont,2000,1477,288500,OTHER
Alabama,1996,786436,1499393,REPUBLICAN
Utah,1982,309332,530802,REPUBLICAN
Colorado,2016,8361,2743023,OTHER
Illinois,2020,75673,5968901,LIBERTARIAN
New Jersey,2020,38288,4440440,OTHER
Vermont,1976,96,189060,OTHER
Delaware,2002,94793,232314,REPUBLICAN
Alaska,1996,177893,231916,REPUBLICAN
Missouri,2004,1518089,2706402,REPUBLICAN
Louisiana,2016,21019,1997218,REPUBLICAN
New Jersey,2000,1511237,3015662,DEMOCRAT
Minnesota,1978,4116,1558376,LIBERTARIAN
New York,2004,19073,7447818,LIBERTARIAN
Tennessee,2006,929911,1833695,REPUBLICAN
Colorado,1996,66,1459601,OTHER
Montana,2000,9089,411601,OTHER
Wyoming,1978,50456,133364,REPUBLICAN
Louisiana,2020,11321,2071543,LIBERTARIAN
Georgia,2010,24,2555258,OTHER
New York,1988,14770,6040980,OTHER
Wisconsin,1976,2148,1935183,OTHER
New Mexico,2008,505128,823650,DEMOCRAT
New York,1988,141471,6040980,OTHER
Mississippi,1988,510380,946719,REPUBLICAN
Virginia,1988,593652,2068897,REPUBLICAN
Kentucky,1996,560012,1307046,DEMOCRAT
Connecticut,1982,8163,1083508,LIBERTARIAN
Texas,2008,3389365,7912075,DEMOCRAT
Delaware,1994,3386,199000,LIBERTARIAN
Tennessee,2000,8416,1928613,OTHER
Pennsylvania,1986,23470,3378226,OTHER
New York,1982,232,4967729,OTHER
Nebraska,2008,317456,792511,DEMOCRAT
Rhode Island,2020,164855,494262,REPUBLICAN
Tennessee,1994,1184,1465862,OTHER
Vermont,1986,65,196532,OTHER
Tennessee,1990,8021,783922,OTHER
Oregon,2002,712287,1267221,REPUBLICAN
Louisiana,2014,11323,3523183,DEMOCRAT
Alabama,1980,650362,1296757,REPUBLICAN
Delaware,2002,996,232314,OTHER
Kansas,2010,11624,837692,OTHER
West Virginia,2020,210309,778918,DEMOCRAT
Alabama,2010,1699,1485499,OTHER
North Carolina,1998,36963,2012143,LIBERTARIAN
Colorado,1986,529449,1060765,DEMOCRAT
Tennessee,2006,2589,1833695,OTHER
Alaska,1986,97674,180801,REPUBLICAN
Massachusetts,1996,1511,2555942,OTHER
Virginia,2008,3178,3643294,OTHER
Ohio,1994,1348213,3436884,DEMOCRAT
Iowa,1986,299406,891762,DEMOCRAT
Colorado,2002,648130,1416082,DEMOCRAT
Kansas,1996,652677,1052300,REPUBLICAN
Michigan,1984,818,3700938,OTHER
Rhode Island,2012,271034,418189,DEMOCRAT
Wyoming,1996,2569,211077,OTHER
Illinois,1980,1946296,4580029,REPUBLICAN
Utah,1976,223948,522108,DEMOCRAT
Kentucky,2016,6,1903465,OTHER
Texas,2002,1955758,4514012,DEMOCRAT
South Carolina,2010,810771,1318794,REPUBLICAN
Illinois,2016,1,5491878,OTHER
Texas,2000,91329,6267964,OTHER
South Carolina,2002,487359,1102912,DEMOCRAT
Michigan,1990,250,2560494,OTHER
Connecticut,2018,545717,1386840,REPUBLICAN
Mississippi,2008,683409,1243473,REPUBLICAN
Nebraska,1988,278250,667860,REPUBLICAN
Mississippi,1978,267302,590236,REPUBLICAN
Vermont,1980,1776,209124,OTHER
Indiana,1976,1275833,2161187,REPUBLICAN
Oregon,2004,43053,1780550,OTHER
South Dakota,1986,143173,295830,REPUBLICAN
New York,1982,175650,4967729,OTHER
Arizona,2000,1108196,1397076,REPUBLICAN
Kentucky,1996,8344,1307046,OTHER
Colorado,1990,569048,1022027,REPUBLICAN
Washington,2010,1196164,2511094,REPUBLICAN
North Carolina,2014,1377651,2915281,DEMOCRAT
North Carolina,1984,1156768,2239051,REPUBLICAN
Missouri,2010,3,1943899,OTHER
New Jersey,2006,1200843,2250070,DEMOCRAT
Vermont,2016,466,320467,OTHER
Texas,2018,65470,8371655,LIBERTARIAN
Washington,1976,19373,1491111,LIBERTARIAN
Arizona,1980,12008,874238,LIBERTARIAN
New York,2004,220960,7447818,OTHER
Iowa,1984,422,1292700,OTHER
New York,1994,14892,5328486,OTHER
Illinois,1990,2115377,3251005,DEMOCRAT
West Virginia,2012,240787,660202,REPUBLICAN
North Carolina,1990,1087331,2069585,REPUBLICAN
Georgia,2004,7,3220981,OTHER
Delaware,1990,5,180157,OTHER
Massachusetts,1996,70007,2555942,OTHER
Pennsylvania,1994,1735691,3513361,REPUBLICAN
Ohio,2016,1996908,5374164,DEMOCRAT
North Carolina,2010,55687,2660079,LIBERTARIAN
New York,1986,135836,4484859,OTHER
Florida,2010,47,5411106,OTHER
Virginia,2018,1374313,3351373,REPUBLICAN
Nebraska,2014,15868,540337,OTHER
California,1992,4644182,10799703,REPUBLICAN
Minnesota,1984,1199926,2066143,REPUBLICAN
New Mexico,1996,357171,551821,REPUBLICAN
Illinois,1992,2631229,4939558,DEMOCRAT
Virginia,1990,10153,1083690,OTHER
Illinois,2020,56711,5968901,OTHER
Alaska,2014,10512,282400,LIBERTARIAN
New Mexico,1996,164356,551821,DEMOCRAT
Missouri,1994,1,1775116,OTHER
New Jersey,1994,4226,2054887,OTHER
Alaska,1986,3161,180801,LIBERTARIAN
Colorado,1998,14024,1327235,LIBERTARIAN
California,1998,54699,8311905,OTHER
Delaware,2006,170567,242972,DEMOCRAT
Mississippi,2008,480915,1247026,DEMOCRAT
California,1986,66261,7398462,LIBERTARIAN
Missouri,2018,7,2442289,OTHER
Utah,1988,1233,640702,OTHER
Oklahoma,1978,2209,754264,OTHER
Missouri,1980,985399,2066965,REPUBLICAN
Arkansas,2002,370735,804121,REPUBLICAN
Georgia,2008,43,3752485,OTHER
Arizona,1998,18288,1013280,OTHER
Vermont,2016,103637,320467,REPUBLICAN
Illinois,2008,1520621,5329884,REPUBLICAN
Alabama,2020,3891,2316445,OTHER
Pennsylvania,2018,31208,4994643,OTHER
Alabama,1996,9123,1499393,OTHER
Texas,1994,36107,4279940,LIBERTARIAN
Virginia,1982,212,1415622,OTHER
West Virginia,2012,399898,660202,DEMOCRAT
Georgia,2020,2462617,4952175,REPUBLICAN
Wisconsin,1986,1212,1483174,OTHER
Rhode Island,2002,253774,323582,DEMOCRAT
Maine,2002,295041,504899,REPUBLICAN
Indiana,2016,1158947,2732546,DEMOCRAT
Arkansas,1990,825,494735,OTHER
Nebraska,2006,378388,592316,DEMOCRAT
Hawaii,2012,77,437159,OTHER
Wyoming,1996,89103,211077,DEMOCRAT
New Jersey,1988,12354,2987634,LIBERTARIAN
Wyoming,1978,82908,133364,DEMOCRAT
Georgia,1992,635114,1253991,REPUBLICAN
Idaho,2010,91,449530,OTHER
Florida,2016,52451,9301820,OTHER
Maryland,2016,138,2726170,OTHER
Tennessee,1976,1406,1432046,OTHER
West Virginia,2014,281820,453689,REPUBLICAN
Louisiana,2016,3684,1997218,REPUBLICAN
Kansas,1992,45423,1126447,OTHER
Missouri,2000,4166,2361586,OTHER
North Carolina,1986,753881,1534848,REPUBLICAN
Utah,2006,9089,571252,OTHER
Oregon,2016,2058,1952478,OTHER
Oklahoma,1978,247857,754264,REPUBLICAN
Minnesota,2002,10119,2254636,OTHER
Connecticut,2006,109198,1134777,REPUBLICAN
New Mexico,2006,394365,558550,DEMOCRAT
Oklahoma,1994,392488,982430,DEMOCRAT
Wyoming,2018,61227,203420,DEMOCRAT
New Jersey,1996,50971,2883466,OTHER
New Mexico,2018,107201,697012,LIBERTARIAN
California,2010,5218441,10000160,DEMOCRAT
Vermont,2012,5924,292762,OTHER
Wyoming,2008,269,250007,OTHER
Washington,1992,1197973,2218802,DEMOCRAT
Florida,2010,3647,5411106,OTHER
Florida,2012,126079,8189946,OTHER
Delaware,1990,64554,180157,REPUBLICAN
Minnesota,1978,23261,1580622,OTHER
Maine,1978,27824,375114,OTHER
Ohio,1982,1396790,3395463,REPUBLICAN
Alaska,2014,129431,282400,DEMOCRAT
Massachusetts,1982,1247084,2050769,DEMOCRAT
Oregon,1978,737,892518,OTHER
New Jersey,1984,7135,3096456,LIBERTARIAN
Missouri,2006,1006941,2128459,REPUBLICAN
Georgia,2016,162260,3898605,LIBERTARIAN
Indiana,2012,145282,2560102,LIBERTARIAN
Delaware,1994,111074,199000,REPUBLICAN
Arizona,2016,34,2530730,OTHER
Oklahoma,2014,9913,820733,OTHER
Arkansas,2020,399390,1193261,LIBERTARIAN
Maryland,2004,109,2321931,OTHER
Tennessee,1976,31,1432046,OTHER
Iowa,1992,5508,1292494,OTHER
Minnesota,2006,71194,2202772,OTHER
Arizona,2016,138634,2530730,OTHER
Hawaii,1982,52071,306410,REPUBLICAN
Arizona,2020,37,3355307,OTHER
Connecticut,2018,37894,1386840,OTHER
Indiana,2012,15,2560102,OTHER
Arizona,1998,696577,1013280,REPUBLICAN
Michigan,1990,1055695,2560494,REPUBLICAN
Illinois,2010,16,3704473,OTHER
Utah,1994,357297,519304,REPUBLICAN
Louisiana,2016,7395,1997218,DEMOCRAT
Connecticut,1998,312177,964457,REPUBLICAN
Michigan,1988,2116865,3505985,DEMOCRAT
Nebraska,1982,363350,545647,DEMOCRAT
New Mexico,2002,314193,483056,REPUBLICAN
Louisiana,1990,1,1,DEMOCRAT
Florida,1980,159,3528028,OTHER
Florida,2016,4835191,9301820,REPUBLICAN
South Carolina,1992,554175,1180438,REPUBLICAN
Connecticut,1986,3800,976933,OTHER
Michigan,2006,27012,3780142,LIBERTARIAN
Alabama,1978,34951,582005,OTHER
Alaska,2014,135445,282400,REPUBLICAN
North Dakota,2018,144376,326138,DEMOCRAT
Florida,2006,1826127,4793534,REPUBLICAN
Michigan,1976,8842,3490412,LIBERTARIAN
Colorado,2020,56262,3235790,LIBERTARIAN
Ohio,1994,1836556,3436884,REPUBLICAN
Missouri,2018,12706,2442289,OTHER
Wisconsin,2012,1380126,3009411,REPUBLICAN
Iowa,1996,1844,1224054,OTHER
Massachusetts,2000,308860,2734048,LIBERTARIAN
Tennessee,2012,218,2321477,OTHER
Delaware,2014,98823,234038,REPUBLICAN
Vermont,2004,3999,307208,OTHER
Louisiana,2002,2423,2481629,OTHER
Montana,2006,199845,406505,DEMOCRAT
Louisiana,2016,19352,1997218,OTHER
Utah,1980,151454,594298,DEMOCRAT
Minnesota,1996,1130,2182905,OTHER
Illinois,2002,2103766,3486851,DEMOCRAT
Nebraska,2002,397438,480217,REPUBLICAN
Kansas,2016,379740,1177922,DEMOCRAT
South Dakota,1978,84767,255599,DEMOCRAT
Maryland,2010,6,1833858,OTHER
New York,1980,2618661,6014914,DEMOCRAT
Alaska,1980,596,156762,OTHER
Wisconsin,2018,42,2657841,OTHER
New Jersey,2020,1817052,4440440,REPUBLICAN
New Jersey,1978,2604,1957515,OTHER
New Jersey,1984,1986644,3096456,DEMOCRAT
Minnesota,2008,1212629,2887646,DEMOCRAT
Ohio,1998,1922087,3404351,REPUBLICAN
Iowa,1980,581545,1276986,DEMOCRAT
Massachusetts,1990,1321712,2424579,DEMOCRAT
California,1988,4287253,9743598,DEMOCRAT
Oklahoma,2004,596750,1446846,DEMOCRAT
Nevada,1976,127214,201899,DEMOCRAT
Texas,1990,89089,3822157,LIBERTARIAN
Hawaii,1994,14393,356902,LIBERTARIAN
New York,2018,3755489,6055151,DEMOCRAT
Missouri,1994,1060149,1775116,REPUBLICAN
Oregon,2020,912814,2321249,REPUBLICAN
Nevada,2010,3175,721404,OTHER
Oklahoma,2008,763375,1346819,REPUBLICAN
Alabama,2004,1848,1839066,OTHER
Missouri,2010,2,1943899,OTHER
Iowa,2002,8864,1023075,LIBERTARIAN
Louisiana,2004,15097,1848056,OTHER
Kentucky,2020,70,2135057,OTHER
Maryland,2018,1491614,2299889,DEMOCRAT
Ohio,2000,116724,4448801,LIBERTARIAN
Tennessee,1984,557016,1648036,REPUBLICAN
Iowa,1996,4248,1224054,OTHER
Connecticut,1988,10,1383526,OTHER
Washington,1982,943655,1368476,DEMOCRAT
Delaware,2000,181566,326993,DEMOCRAT
New York,2010,35489,4757635,OTHER
Georgia,2020,35431,4914361,LIBERTARIAN
Virginia,2012,6587,3802196,OTHER
South Carolina,2016,14872,2049893,OTHER
Kansas,1992,349525,1126447,DEMOCRAT
Arkansas,1992,366373,920008,REPUBLICAN
Tennessee,2008,7645,2424585,OTHER
Arkansas,2014,17210,847505,LIBERTARIAN
New Jersey,1994,9387,2054887,OTHER
Connecticut,2010,605204,1153115,DEMOCRAT
Alabama,1978,316170,729842,REPUBLICAN
California,1976,31629,7470586,OTHER
Colorado,2002,7140,1416082,OTHER
Missouri,2012,165468,2725793,LIBERTARIAN
New Jersey,2000,7241,3015662,OTHER
Delaware,1978,1663,162072,OTHER
Louisiana,2016,204026,1997218,REPUBLICAN
Iowa,2016,549460,1541036,DEMOCRAT
New York,1992,224914,7078805,OTHER
Tennessee,2012,2,2321477,OTHER
North Carolina,1980,7602,1797665,LIBERTARIAN
Ohio,1982,36103,3395463,LIBERTARIAN
Florida,1994,1039,4106816,OTHER
Connecticut,1976,561018,1361666,DEMOCRAT
Nebraska,1994,1240,579205,OTHER
Florida,2012,19,8189946,OTHER
New York,2004,168719,7447818,OTHER
Pennsylvania,1980,2230404,4418042,REPUBLICAN
Tennessee,2012,8080,2321477,OTHER
South Dakota,2016,265516,369656,REPUBLICAN
Mississippi,2006,9522,610921,LIBERTARIAN
Utah,1986,94,435111,OTHER
Illinois,1992,100422,4939558,OTHER
New York,2010,4516,4757635,OTHER
Delaware,2000,1044,326993,OTHER
Nebraska,2014,170127,540337,DEMOCRAT
Idaho,1992,208036,478504,DEMOCRAT
Arizona,2018,57442,2384308,OTHER
Massachusetts,2012,1458048,3184196,REPUBLICAN
New Mexico,1990,193,406938,OTHER
Tennessee,2014,5759,1374065,OTHER
Montana,1976,206232,321445,DEMOCRAT
New Hampshire,2010,4753,454710,LIBERTARIAN
New Jersey,1990,7804,1938454,OTHER
Missouri,2016,12,2802637,OTHER
Iowa,1992,4999,1292494,OTHER
Wyoming,1996,5289,211077,LIBERTARIAN
Nebraska,2012,455593,788572,REPUBLICAN
Nevada,2018,9196,972132,LIBERTARIAN
Georgia,2010,12,2555258,OTHER
New Mexico,2020,474483,917237,DEMOCRAT
Oregon,2016,61915,1952478,OTHER
New Mexico,2020,24271,917237,LIBERTARIAN
Michigan,1982,4335,2994334,OTHER
California,2006,117764,8541476,OTHER
New York,1982,15206,4967729,OTHER
California,2018,6019422,11113364,DEMOCRAT
North Carolina,1992,23,2577891,OTHER
Nevada,1986,9472,261932,OTHER
Oregon,1996,5426,1360230,OTHER
Massachusetts,2008,926044,3102995,REPUBLICAN
Maryland,2016,3231,2726170,OTHER
California,1976,3748973,7470586,REPUBLICAN
Kentucky,1996,724794,1307046,REPUBLICAN
Virginia,1976,70559,1557500,OTHER
Missouri,2002,935032,1877620,REPUBLICAN
Louisiana,1986,723586,1369897,DEMOCRAT
New York,2004,16196,7447818,OTHER
North Carolina,2002,727,2331181,OTHER
Vermont,1980,101421,209124,REPUBLICAN
New York,2010,24871,4763899,LIBERTARIAN
New Hampshire,1978,2070,263760,LIBERTARIAN
South Dakota,1990,135682,258976,REPUBLICAN
California,2016,4701417,12244170,DEMOCRAT
New Jersey,1994,6303,2054887,OTHER
Florida,1992,1716505,4962290,REPUBLICAN
Montana,1976,115213,321445,REPUBLICAN
Kansas,1984,6755,996729,LIBERTARIAN
Minnesota,1988,415,2093953,OTHER
Georgia,2020,26333,4914361,DEMOCRAT
Wyoming,2006,57671,196215,DEMOCRAT
Kansas,1986,246664,823566,DEMOCRAT
Florida,2016,56,9301820,OTHER
Texas,1978,128,2312540,OTHER
Arkansas,2010,288156,779957,DEMOCRAT
North Dakota,2000,111069,287539,REPUBLICAN
Florida,2010,24850,5411106,LIBERTARIAN
Texas,1994,2604218,4279940,REPUBLICAN
California,1994,255301,8514089,OTHER
Maryland,2016,15,2726170,OTHER
Pennsylvania,1992,219319,4802410,LIBERTARIAN
Nevada,1986,130955,261932,DEMOCRAT
California,1992,373051,10799703,OTHER
South Dakota,1980,190594,327478,REPUBLICAN
Michigan,1984,2279,3700938,OTHER
Virginia,2002,145102,1489422,OTHER
Vermont,2000,189133,288500,REPUBLICAN
Georgia,2020,40349,4914361,REPUBLICAN
Florida,2018,4089472,8190005,DEMOCRAT
Pennsylvania,2000,2154908,4735116,DEMOCRAT
Oklahoma,1998,15516,859713,OTHER
Arizona,2012,290,2243422,OTHER
North Dakota,1988,4334,289170,LIBERTARIAN
Nebraska,2014,6260,540337,OTHER
Minnesota,2008,12,2887646,OTHER
New York,2012,240819,7116628,OTHER
Maine,2020,228,828305,OTHER
Utah,2016,760220,1115583,REPUBLICAN
Arizona,2020,29,3355307,REPUBLICAN
Illinois,1992,8656,4939558,OTHER
Minnesota,1988,9016,2093953,OTHER
West Virginia,2014,5,453689,OTHER
Utah,2004,626640,911726,REPUBLICAN
Missouri,2006,18383,2128459,OTHER
Missouri,1982,784876,1543521,REPUBLICAN
Minnesota,1976,125612,1912020,OTHER
Mississippi,2018,12981,936215,LIBERTARIAN
Florida,1976,130,2857534,OTHER
New Jersey,1996,11107,2883466,OTHER
Pennsylvania,2016,2865012,6051856,DEMOCRAT
Wisconsin,2018,1184885,2657841,REPUBLICAN
Massachusetts,1978,890584,1985700,REPUBLICAN
Minnesota,1994,5054,1772929,OTHER
New York,2000,40991,6959662,OTHER
Kentucky,1992,17366,1330858,LIBERTARIAN
Delaware,2018,137127,362592,REPUBLICAN
Minnesota,1994,781860,1772929,DEMOCRAT
Virginia,1978,613232,1222256,REPUBLICAN
Indiana,2006,444,1341111,OTHER
Colorado,2016,99277,2743023,LIBERTARIAN
South Carolina,1996,9740,1161231,OTHER
Missouri,2004,10404,2706402,OTHER
North Dakota,2004,98553,310696,REPUBLICAN
Ohio,2010,26454,3815098,OTHER
Pennsylvania,2012,2509132,5627422,REPUBLICAN
Illinois,1980,5626,4580029,OTHER
Massachusetts,1984,408,2530471,OTHER
Illinois,2016,77,5491878,OTHER
Vermont,2010,1433,235178,OTHER
Utah,2006,356238,571252,REPUBLICAN
Minnesota,1976,5476,1912020,LIBERTARIAN
Colorado,2016,36805,2743023,OTHER
Massachusetts,1988,13199,2606225,LIBERTARIAN
Mississippi,2008,560064,1243473,OTHER
New Jersey,1978,3809,1957515,OTHER
Michigan,1984,23,3700938,OTHER
Wyoming,2012,91,250700,OTHER
Mississippi,2018,6048,936215,OTHER
Nevada,1994,12626,380530,OTHER
Illinois,2016,117619,5491878,OTHER
Nebraska,1988,10372,667860,OTHER
Arizona,2020,22,3355307,DEMOCRAT
Tennessee,2012,5,2321477,OTHER
Illinois,1986,2033783,3122883,DEMOCRAT
Oklahoma,1998,570682,859713,REPUBLICAN
New Mexico,1990,110033,406938,DEMOCRAT
New Jersey,1982,2955,2193945,OTHER
West Virginia,1994,290495,420936,DEMOCRAT
Utah,1992,420069,758479,REPUBLICAN
Arkansas,1980,331,808812,OTHER
Missouri,1994,81264,1775116,LIBERTARIAN
Michigan,2012,2735826,4652918,DEMOCRAT
Alaska,2010,1459,255503,LIBERTARIAN
Alaska,1998,165227,221807,REPUBLICAN
Oregon,2002,1354,1267221,OTHER
Nebraska,1994,317297,579205,DEMOCRAT
Pennsylvania,1976,5484,4546353,OTHER
Nevada,1992,7279,495887,OTHER
Colorado,2008,10,2331621,OTHER
Georgia,2020,51592,4914361,REPUBLICAN
Louisiana,2016,4067,1997218,LIBERTARIAN
Hawaii,1988,66987,323876,REPUBLICAN
New York,1998,109027,4989877,OTHER
Missouri,2000,1933,2361586,OTHER
Arizona,1980,422972,874238,DEMOCRAT
Illinois,1984,59777,4787335,LIBERTARIAN
Ohio,2006,1761037,4019236,REPUBLICAN
Arizona,2020,69,3355307,OTHER
Georgia,2020,980454,4914361,REPUBLICAN
North Carolina,2020,67818,5474952,OTHER
Illinois,1980,2565302,4580029,DEMOCRAT
Kentucky,2002,399634,1131313,DEMOCRAT
Iowa,1990,535975,983933,DEMOCRAT
Washington,1976,361546,1491111,REPUBLICAN
California,2010,128510,10000160,OTHER
Georgia,2020,94406,4914361,DEMOCRAT
Missouri,2000,13,2361586,OTHER
Illinois,2010,15,3704473,OTHER
Montana,1984,154308,379155,REPUBLICAN
Wyoming,2014,121554,171153,REPUBLICAN
New Hampshire,1992,9340,518170,OTHER
Minnesota,1996,5428,2182905,LIBERTARIAN
New Hampshire,2002,2396,447135,OTHER
Rhode Island,2018,840,376738,OTHER
Montana,1990,217563,319336,DEMOCRAT
New York,1998,2386314,4989877,DEMOCRAT
Vermont,2004,6486,307208,OTHER
Virginia,1990,876782,1083690,REPUBLICAN
Massachusetts,2012,2159,3184196,OTHER
Tennessee,1996,4104,1778664,OTHER
Connecticut,1976,558,1361666,OTHER
Wyoming,2000,157622,213659,REPUBLICAN
New Jersey,2002,24308,2112604,OTHER
Alaska,2008,13197,317723,OTHER
Kentucky,2020,1,2135057,OTHER
Alaska,2010,602,255503,OTHER
Michigan,1982,42,2994334,OTHER
Wyoming,2014,29377,171153,DEMOCRAT
Colorado,2014,944203,2041058,DEMOCRAT
Colorado,1978,2518,819256,OTHER
Iowa,2008,560006,1502918,REPUBLICAN
Minnesota,2014,881,1981528,OTHER
Utah,1982,953,530802,OTHER
New Jersey,1994,3606,2054887,OTHER
Virginia,2000,1420460,2718301,REPUBLICAN
Idaho,2008,3,644780,OTHER
Delaware,1976,437,224795,OTHER
Minnesota,2000,140583,2419520,OTHER
Minnesota,1978,8083,1580622,OTHER
Pennsylvania,2004,79263,5559105,LIBERTARIAN
Arizona,2020,1716467,3355307,DEMOCRAT
South Carolina,1996,510951,1161231,DEMOCRAT
Mississippi,2012,15281,1241568,OTHER
West Virginia,1984,3299,722212,OTHER
Missouri,2000,10612,2361586,OTHER
Hawaii,1998,11908,398124,LIBERTARIAN
Arizona,1988,5195,1164539,OTHER
Michigan,1976,2218,3490412,OTHER
Florida,2006,19695,4793534,OTHER
Indiana,2010,952116,1744481,REPUBLICAN
Wyoming,2014,13311,171153,OTHER
New York,2000,191141,6959662,OTHER
Maryland,1994,559908,1369101,REPUBLICAN
Maryland,2012,430934,2633234,OTHER
Alaska,1998,7126,221807,OTHER
North Carolina,1996,143,2556456,OTHER
Vermont,1998,629,214036,OTHER
Louisiana,1998,7964,969165,REPUBLICAN
Florida,2006,24880,4793534,OTHER
Wyoming,1990,56848,157632,DEMOCRAT
Michigan,2020,2642233,5479720,REPUBLICAN
Wyoming,1988,89821,180964,DEMOCRAT
Illinois,1992,12689,4939558,OTHER
Arizona,1986,18,862921,OTHER
Connecticut,2010,5,1153115,OTHER
Kentucky,2004,850855,1724362,DEMOCRAT
Iowa,2020,1211,1700130,OTHER
New Hampshire,2002,9835,447135,LIBERTARIAN
New York,1994,17991,5328486,LIBERTARIAN
Oklahoma,2014,25965,820890,OTHER
Arizona,1992,436321,1382051,DEMOCRAT
Alabama,2016,748709,2087444,DEMOCRAT
Connecticut,1982,499146,1083508,DEMOCRAT
Mississippi,2014,378481,631858,REPUBLICAN
Tennessee,1978,45908,1157094,OTHER
New Hampshire,2008,430,694787,OTHER
Pennsylvania,2012,3021364,5627422,DEMOCRAT
North Dakota,1994,99390,236547,REPUBLICAN
Georgia,1986,623707,1225008,DEMOCRAT
Connecticut,1980,763969,1356075,DEMOCRAT
Washington,1976,3389,1491111,OTHER
Idaho,1992,270468,478504,REPUBLICAN
Alaska,2004,3053,308315,OTHER
California,2004,4555922,12053295,REPUBLICAN
New York,1994,1711760,5328486,REPUBLICAN
New Hampshire,1992,18214,518170,LIBERTARIAN
New York,1988,11239,6040980,OTHER
Illinois,2020,10,5968901,OTHER
Minnesota,2006,954,2202772,OTHER
Ohio,2016,77291,5374164,OTHER
Arkansas,1996,445942,846183,REPUBLICAN
South Dakota,1980,7866,327478,OTHER
Alabama,1986,609360,1211897,DEMOCRAT
Minnesota,2018,24324,2587356,OTHER
Idaho,2010,17429,449530,OTHER
Kansas,2016,46,1177922,OTHER
Michigan,2012,10,4652918,OTHER
Massachusetts,1988,1693344,2606225,DEMOCRAT
Maine,2006,113131,545128,DEMOCRAT
Ohio,1980,42410,4027303,OTHER
Louisiana,2010,476572,1264994,DEMOCRAT
New Mexico,2012,395717,775793,DEMOCRAT
Alaska,2010,61,255503,OTHER
Vermont,1994,85868,211672,DEMOCRAT
Massachusetts,2020,1177765,3658005,REPUBLICAN
New York,2000,3040,6959662,OTHER
Hawaii,2010,79939,370583,REPUBLICAN
Montana,1996,19276,407490,OTHER
Utah,2018,28774,1062845,OTHER
Arizona,2020,28,3355307,REPUBLICAN
Arkansas,2002,433386,804121,DEMOCRAT
Ohio,1994,252031,3436884,OTHER
Georgia,2020,17954,4914361,OTHER
Montana,1982,12412,321062,LIBERTARIAN
Florida,2000,17338,5856731,OTHER
West Virginia,2010,230013,529948,REPUBLICAN
Michigan,1994,506,3043385,OTHER
Arizona,1992,771395,1382051,REPUBLICAN
Connecticut,2004,9188,1424726,LIBERTARIAN
New Jersey,1994,14343,2054887,OTHER
Iowa,2010,718215,1116063,REPUBLICAN
Mississippi,2018,547619,936215,REPUBLICAN
Tennessee,2012,18,2321477,OTHER
Colorado,1992,803725,1552289,DEMOCRAT
Louisiana,2016,45587,1997218,DEMOCRAT
Tennessee,2006,10831,1833695,OTHER
North Dakota,1976,103466,283062,REPUBLICAN
Missouri,2016,25407,2802637,OTHER
New Hampshire,1998,4733,314696,OTHER
Indiana,1994,1039625,1543568,REPUBLICAN
Connecticut,1998,628306,964457,DEMOCRAT
South Dakota,2002,166949,337501,REPUBLICAN
New York,1980,73,6014914,OTHER
California,1992,5853651,10782743,DEMOCRAT
Vermont,1998,2459,214036,OTHER
Vermont,2016,6192,320467,OTHER
West Virginia,2018,288808,582911,DEMOCRAT
Alabama,2008,1305383,2060191,REPUBLICAN
Utah,1988,6016,640702,OTHER
Michigan,1982,1223288,2994334,REPUBLICAN
Delaware,1978,93930,162072,DEMOCRAT
Vermont,2018,2763,272624,OTHER
South Carolina,1978,351917,632063,REPUBLICAN
Kansas,2016,65760,1177922,LIBERTARIAN
South Carolina,1990,244112,750716,DEMOCRAT
Virginia,1988,1474086,2068897,DEMOCRAT
Utah,2018,665215,1062845,REPUBLICAN
Tennessee,2014,11157,1374065,OTHER
Tennessee,2002,6401,1642432,OTHER
Illinois,1978,5465,3184764,OTHER
Kentucky,2020,816257,2135057,DEMOCRAT
Arizona,2006,814398,1526782,REPUBLICAN
Massachusetts,2002,6077,2220301,OTHER
Missouri,1988,1407416,2078875,REPUBLICAN
Michigan,2012,84480,4652918,LIBERTARIAN
California,1986,109856,7398462,OTHER
Arkansas,2010,376,779957,OTHER
Maryland,2004,9009,2321931,OTHER
Illinois,2016,106,5491878,OTHER
New Hampshire,2008,358438,694787,DEMOCRAT
Tennessee,2014,12570,1374065,OTHER
Colorado,1978,5789,819256,OTHER
Wisconsin,1976,4876,1935183,OTHER
Utah,2006,2512,571252,OTHER
Louisiana,1984,1,1,DEMOCRAT
Vermont,1998,2893,214036,OTHER
Tennessee,2000,259,1928613,OTHER
Montana,2000,208082,411601,REPUBLICAN
Idaho,2020,538446,859827,REPUBLICAN
Arizona,1988,20849,1164539,LIBERTARIAN
Missouri,2016,53,2802637,OTHER
Connecticut,2010,559,1153115,OTHER
Ohio,2006,2257369,4019236,DEMOCRAT
Missouri,1980,6707,2066965,OTHER
Florida,1988,2016553,4068209,DEMOCRAT
Wyoming,1990,100784,157632,REPUBLICAN
Tennessee,2008,9170,2424585,OTHER
Michigan,1982,6085,2994334,OTHER
Delaware,1988,92378,243493,DEMOCRAT
Vermont,1994,709,211672,OTHER
Illinois,2004,69253,5141520,LIBERTARIAN
Illinois,2004,2957,5141520,OTHER
New York,2016,3474,7800725,OTHER
Alabama,1984,498508,1371234,REPUBLICAN
Maryland,2016,1659907,2726170,DEMOCRAT
Hawaii,1990,4787,349666,LIBERTARIAN
Maine,1996,23441,606777,OTHER
Maryland,2012,48,2633234,OTHER
Michigan,1976,1635087,3490412,REPUBLICAN
Illinois,2004,1390690,5141520,REPUBLICAN
Kentucky,2014,9,1435868,OTHER
Colorado,1998,9775,1327235,OTHER
New York,1976,311494,6666875,OTHER
New Jersey,2000,32841,3015662,OTHER
Alabama,1980,610175,1296757,DEMOCRAT
Wyoming,2008,61,250007,OTHER
New Jersey,2006,7918,2250070,OTHER
Vermont,1982,774,168002,OTHER
New York,1982,1415749,4967729,REPUBLICAN
Wyoming,1982,72466,167191,DEMOCRAT
Arizona,2020,152,3355307,OTHER
Wyoming,1994,3669,201710,LIBERTARIAN
Wisconsin,1988,1198,2168190,OTHER
Michigan,2006,24,3780142,OTHER
Louisiana,2004,12289,1848056,DEMOCRAT
West Virginia,1978,249034,493351,DEMOCRAT
Colorado,1998,4101,1327235,OTHER
New Jersey,1978,3817,1957515,OTHER
Tennessee,2012,117,2321477,OTHER
Vermont,2010,1021,235178,OTHER
Idaho,2008,371744,644780,REPUBLICAN
New York,2004,36942,7447818,OTHER
Arkansas,1980,477905,808812,DEMOCRAT
Missouri,1992,1057967,2354916,DEMOCRAT
North Dakota,1986,141812,289013,REPUBLICAN
New Jersey,2014,791297,1869535,REPUBLICAN
Vermont,1982,892,168002,LIBERTARIAN
Michigan,1988,1348219,3505985,REPUBLICAN
South Dakota,2014,82456,279412,DEMOCRAT
Idaho,2016,41677,678943,OTHER
Massachusetts,2000,42113,2734048,OTHER
Minnesota,1988,3105,2093953,OTHER
Nebraska,1988,378717,667860,DEMOCRAT
Ohio,1994,84,3436884,OTHER
New York,1998,14735,4989877,OTHER
Hawaii,2018,276316,388351,DEMOCRAT
Alaska,1980,84159,156762,REPUBLICAN
Pennsylvania,1986,1448219,3378226,DEMOCRAT
Tennessee,1994,1719,1465862,OTHER
Massachusetts,2000,334341,2734048,REPUBLICAN
South Carolina,1978,280146,632063,DEMOCRAT
Oregon,2004,565254,1780550,REPUBLICAN
Massachusetts,2008,1971974,3102995,DEMOCRAT
Washington,2006,29331,2083734,LIBERTARIAN
Minnesota,2008,8907,2887646,OTHER
Tennessee,2020,1040691,2959761,DEMOCRAT
Washington,2018,1282804,3086168,REPUBLICAN
Georgia,1992,618877,1253991,DEMOCRAT
Florida,2010,1607549,5411106,OTHER
Wisconsin,2000,21348,2540083,LIBERTARIAN
Maine,1976,193489,486193,REPUBLICAN
Tennessee,2018,5084,2243740,OTHER
Pennsylvania,1988,6455,4366598,OTHER
Wyoming,2018,325,203420,OTHER
Montana,2006,196283,406505,REPUBLICAN
Kansas,2002,641075,776850,REPUBLICAN
Michigan,2008,43440,4848620,OTHER
Alaska,2010,60045,255503,DEMOCRAT
New Mexico,1988,36,508598,OTHER
New Jersey,2012,1987680,3376649,DEMOCRAT
Montana,2002,204853,326537,DEMOCRAT
Utah,2012,8342,1006901,OTHER
North Carolina,2014,201,2915281,OTHER
Delaware,2010,174012,307402,DEMOCRAT
Connecticut,2016,87948,1596276,OTHER
Colorado,2020,9820,3235790,OTHER
Kansas,2010,587175,837692,REPUBLICAN
Michigan,1996,12235,3762575,OTHER
Hawaii,1980,224485,288006,DEMOCRAT
New York,2006,210579,4700632,OTHER
California,2006,133851,8541476,LIBERTARIAN
Pennsylvania,1982,16530,3604108,OTHER
Minnesota,1988,856694,2093953,DEMOCRAT
New Jersey,2006,6243,2250070,OTHER
Tennessee,2000,3135,1928613,OTHER
Louisiana,2016,1576,1997218,REPUBLICAN
North Carolina,2010,1145074,2660079,DEMOCRAT
Kansas,1998,474639,727236,REPUBLICAN
Ohio,2000,786,4448801,OTHER
Arizona,2012,102109,2243422,LIBERTARIAN
Connecticut,2018,8838,1386840,LIBERTARIAN
Maine,2012,10289,724720,OTHER
Iowa,1998,289049,947907,DEMOCRAT
North Dakota,1994,137157,236547,DEMOCRAT
Wisconsin,1992,2733,2455124,OTHER
Wisconsin,1988,3965,2168190,OTHER
Oklahoma,1990,148814,884498,REPUBLICAN
Tennessee,2018,8717,2243740,OTHER
Illinois,2010,12,3704473,OTHER
New Hampshire,2016,17742,739140,OTHER
Hawaii,1994,256189,356902,DEMOCRAT
North Dakota,2012,158401,321144,REPUBLICAN
Washington,2010,1314930,2511094,DEMOCRAT
Washington,1982,332273,1368476,REPUBLICAN
Vermont,2018,914,272624,OTHER
Vermont,1980,104176,209124,DEMOCRAT
Michigan,2018,2214478,4237271,DEMOCRAT
New Mexico,1976,234681,413056,REPUBLICAN
Nevada,1998,8129,435864,LIBERTARIAN
New Jersey,1996,7749,2883466,OTHER
South Carolina,2014,47588,1240075,OTHER
Texas,1978,17869,2312540,OTHER
Minnesota,1978,538675,1558376,DEMOCRAT
Mississippi,2002,533269,630495,REPUBLICAN
Oklahoma,1978,3015,754264,OTHER
New Hampshire,1986,11423,244735,OTHER
Georgia,2008,1757393,3752485,DEMOCRAT
West Virginia,2020,547454,778918,REPUBLICAN
Oregon,2004,12397,1780550,OTHER
Colorado,2010,19415,1772286,OTHER
Iowa,2016,1685,1541036,OTHER
Illinois,1992,2126833,4939558,REPUBLICAN
Washington,2006,21254,2083734,OTHER
Maine,1988,104164,556745,REPUBLICAN
Massachusetts,2012,1696346,3184196,DEMOCRAT
Massachusetts,2002,213543,2220301,OTHER
Pennsylvania,1980,18595,4418042,LIBERTARIAN
Massachusetts,2014,1289944,2186789,DEMOCRAT
Delaware,2018,217385,362592,DEMOCRAT
Michigan,2020,50597,5479720,OTHER
Connecticut,1992,304907,1500661,OTHER
Michigan,1994,14746,3043385,OTHER
Pennsylvania,2016,2951702,6051856,REPUBLICAN
Ohio,2016,111,5374164,OTHER
Arkansas,1998,295870,700831,REPUBLICAN
New York,2010,250033,4757635,OTHER
Florida,1998,2436407,3900162,DEMOCRAT
Tennessee,1976,5137,1432046,OTHER
Mississippi,2000,9344,994144,OTHER
New York,1976,2525139,6666875,REPUBLICAN
Missouri,1994,5,1775116,OTHER
Missouri,2010,41309,1943899,OTHER
Connecticut,1992,577662,1500661,DEMOCRAT
New Mexico,1982,217682,404810,DEMOCRAT
Maine,1994,308244,511733,REPUBLICAN
South Carolina,1992,22962,1180438,LIBERTARIAN
New York,2018,21610,6055151,OTHER
Alabama,2014,795606,818090,REPUBLICAN
Maine,1982,179882,459715,REPUBLICAN
Idaho,1998,7833,378174,OTHER
Vermont,1982,187,168002,OTHER
Nevada,2000,11503,600776,OTHER
Wyoming,2006,3019,196215,OTHER
Illinois,1996,61023,4250722,OTHER
Maryland,2000,1594,1946898,OTHER
Maine,2018,64,634409,OTHER
Missouri,2006,88,2128459,OTHER
South Carolina,1984,13333,965130,LIBERTARIAN
Arkansas,2004,128,1039349,OTHER
Rhode Island,1984,107545,393356,REPUBLICAN
Florida,2000,88,5856731,OTHER
Ohio,2010,50101,3815098,OTHER
Delaware,1996,1698,275591,OTHER
Kansas,2008,441399,1210690,DEMOCRAT
Wisconsin,2010,129,2171331,OTHER
Connecticut,1980,5336,1356075,LIBERTARIAN
Nevada,1980,92129,243273,DEMOCRAT
Indiana,2012,1133621,2560102,REPUBLICAN
Wyoming,2014,3677,171153,LIBERTARIAN
Alabama,2002,538878,1353023,DEMOCRAT
Georgia,2020,15293,4914361,OTHER
Alabama,2002,20234,1353023,LIBERTARIAN
New Hampshire,2016,520,739140,OTHER
Kentucky,2008,847005,1800821,DEMOCRAT
Hawaii,1980,53068,288006,REPUBLICAN
Ohio,1986,1949208,3121189,DEMOCRAT
Maine,1978,127327,375114,DEMOCRAT
Wyoming,1994,79287,201710,DEMOCRAT
Nevada,2016,495079,1108294,REPUBLICAN
Massachusetts,2000,2473,2734048,OTHER
Kansas,2008,16443,1210690,OTHER
Connecticut,1986,340438,976933,REPUBLICAN
Minnesota,1978,638375,1580622,DEMOCRAT
Oregon,2020,2402,2321249,OTHER
Connecticut,1982,30212,1083508,OTHER
Virginia,1982,724571,1415622,REPUBLICAN
Hawaii,1990,155978,349666,REPUBLICAN
New Jersey,2008,1951218,3482445,DEMOCRAT
Nevada,1980,144224,243273,REPUBLICAN
Ohio,2000,1595066,4448801,DEMOCRAT
Ohio,1998,210,3404351,OTHER
Colorado,1980,7265,1173142,OTHER
New York,2000,3562415,6959662,DEMOCRAT
Nevada,1992,253150,495887,DEMOCRAT
Alaska,1990,2999,189957,OTHER
Texas,1984,273,5314178,OTHER
Rhode Island,2014,92684,316898,REPUBLICAN
Louisiana,2016,25523,1997218,REPUBLICAN
Nevada,2012,48792,997805,OTHER
Arizona,2010,160,1708484,OTHER
Kentucky,2014,584698,1435868,DEMOCRAT
Missouri,2012,15,2725793,OTHER
Arizona,2012,1036542,2243422,DEMOCRAT
Arizona,1994,442510,1119060,DEMOCRAT
Minnesota,1984,852844,2066143,DEMOCRAT
Nebraska,2008,7763,792511,OTHER
Colorado,2014,52876,2041058,LIBERTARIAN
Texas,1978,1151376,2312540,REPUBLICAN
Colorado,2002,20776,1416082,LIBERTARIAN
Missouri,2016,1,2802637,OTHER
Nevada,1988,161336,342407,REPUBLICAN
Georgia,1996,1073969,2259224,REPUBLICAN
Alabama,1980,2973,1296757,OTHER
Hawaii,2016,1393,437664,OTHER
New York,1992,2943001,7078805,DEMOCRAT
Texas,1982,4564,3103167,OTHER
Alaska,2010,458,255503,OTHER
Virginia,2008,21690,3643294,OTHER
Tennessee,2006,1,1833695,OTHER
Arizona,2006,664141,1526782,DEMOCRAT
New Hampshire,2010,273218,454710,REPUBLICAN
Nevada,2004,6001,810068,OTHER
Iowa,2020,754859,1700130,DEMOCRAT
Wisconsin,1994,636989,1565628,REPUBLICAN
New Jersey,2014,5704,1869535,OTHER
Mississippi,2008,766111,1247026,REPUBLICAN
North Carolina,2020,2569965,5474952,DEMOCRAT
New York,1998,104565,4989877,OTHER
Oregon,2014,32434,1461618,OTHER
Alabama,2004,595018,1839066,DEMOCRAT
Washington,2018,1803364,3086168,DEMOCRAT
Idaho,2002,266215,408544,REPUBLICAN
Missouri,2012,2,2725793,OTHER
Kansas,2014,37469,866191,LIBERTARIAN
North Carolina,2002,1248664,2331181,REPUBLICAN
Michigan,2008,76347,4848620,LIBERTARIAN
North Carolina,1980,887653,1797665,DEMOCRAT
North Dakota,2016,268788,342501,REPUBLICAN
North Carolina,1984,2493,2239051,OTHER
Vermont,2010,113,235178,OTHER
Tennessee,1990,530898,783922,DEMOCRAT
Maryland,1976,772101,1365290,DEMOCRAT
Illinois,1986,5671,3122883,OTHER
South Carolina,2016,12652,2049893,OTHER
California,2006,2990822,8541476,REPUBLICAN
Pennsylvania,1980,2122391,4418042,DEMOCRAT
Pennsylvania,1976,2126977,4546353,DEMOCRAT
California,2006,326,8541476,OTHER
Alaska,1998,665,221807,OTHER
South Carolina,2014,4774,1240075,OTHER
Massachusetts,1990,109950,2424579,OTHER
Pennsylvania,1998,68377,2957499,OTHER
Minnesota,1990,1851,1808045,OTHER
Nebraska,2002,7423,480217,LIBERTARIAN
New York,1994,95954,5328486,OTHER
Massachusetts,2000,42,2734048,OTHER
Minnesota,2002,1067246,2254636,DEMOCRAT
New Jersey,2008,15935,3482445,OTHER
Florida,2016,4122088,9301820,DEMOCRAT
South Carolina,1996,7693,1161231,OTHER
Utah,1982,1035,530802,LIBERTARIAN
Kentucky,1998,12546,1145414,OTHER
South Carolina,1996,12988,1161231,LIBERTARIAN
Georgia,2004,69051,3220981,LIBERTARIAN
Massachusetts,1994,688,2179945,OTHER
North Dakota,2012,1406,321144,OTHER
Nebraska,1976,163,593310,OTHER
California,1994,3817025,8514089,REPUBLICAN
Washington,2016,1913979,3243317,DEMOCRAT
Maryland,2018,697017,2299889,REPUBLICAN
Oklahoma,2016,980892,1448047,REPUBLICAN
Iowa,2014,26815,1129700,OTHER
Montana,1982,133789,321062,REPUBLICAN
Louisiana,1998,620502,969165,DEMOCRAT
North Carolina,1992,85948,2577891,LIBERTARIAN
Mississippi,2020,709511,1311354,REPUBLICAN
Washington,1982,72297,1368476,OTHER
Vermont,1980,1629,209124,OTHER
Idaho,2010,319953,449530,REPUBLICAN
Alabama,1978,401852,729842,DEMOCRAT
Vermont,2012,207848,292762,OTHER
Delaware,2010,25,307402,OTHER
Minnesota,1976,2214,1912020,OTHER
New Jersey,1976,9185,2771390,OTHER
Florida,2010,2645743,5411106,REPUBLICAN
West Virginia,2018,24231,582911,LIBERTARIAN
Utah,2000,11938,769704,OTHER
Massachusetts,1976,26283,2491255,OTHER
Kentucky,2010,338,1356096,OTHER
South Dakota,2008,237889,380673,DEMOCRAT
South Dakota,1992,108733,334495,REPUBLICAN
Washington,2004,34055,2818651,LIBERTARIAN
Georgia,2016,2135806,3898605,REPUBLICAN
Wyoming,1976,70558,155368,DEMOCRAT
Virginia,1996,2989,2354715,OTHER
Idaho,1980,214439,439647,DEMOCRAT
Louisiana,2016,298008,1997218,REPUBLICAN
Texas,2008,4337469,7912075,REPUBLICAN
Arkansas,2016,661984,1107522,REPUBLICAN
Arizona,2020,23,3355307,OTHER
Virginia,2014,53102,2184473,LIBERTARIAN
Indiana,1994,470799,1543568,DEMOCRAT
Texas,2006,97672,4314663,LIBERTARIAN
Wisconsin,1994,15439,1565628,LIBERTARIAN
New Jersey,2006,5138,2250070,OTHER
Wisconsin,2010,1020958,2171331,DEMOCRAT
Georgia,2020,115039,4952175,LIBERTARIAN
Arizona,1994,600999,1119060,REPUBLICAN
Illinois,2004,3597456,5141520,DEMOCRAT
Ohio,2010,1503297,3815098,DEMOCRAT
Delaware,2008,140595,398134,REPUBLICAN
Alaska,1978,92783,122741,REPUBLICAN
South Carolina,1996,619859,1161231,REPUBLICAN
Utah,2016,26166,1115583,OTHER
Minnesota,2012,2582,2843207,OTHER
South Dakota,1998,95431,262111,REPUBLICAN
Georgia,2020,1617035,4914361,DEMOCRAT
Florida,2018,1028,8190005,OTHER
Iowa,1992,3404,1292494,OTHER
California,2000,58537,10623608,OTHER
Michigan,1976,7281,3490412,OTHER
Louisiana,2016,90856,1997218,REPUBLICAN
California,1976,82739,7470586,OTHER
Missouri,1976,1090067,1914460,REPUBLICAN
Delaware,2006,2671,242972,LIBERTARIAN
Maryland,2000,1230013,1946898,DEMOCRAT
Tennessee,1990,233703,783922,REPUBLICAN
Indiana,1992,35733,2211426,LIBERTARIAN
New York,2012,4420043,7116628,DEMOCRAT
Arizona,2020,8,3355307,OTHER
Wyoming,2012,6176,250700,OTHER
Colorado,1996,41620,1459601,OTHER
Hawaii,2000,84701,345623,REPUBLICAN
Tennessee,1978,466228,1157094,DEMOCRAT
Tennessee,1994,834226,1480391,REPUBLICAN
Washington,2000,64734,2461379,LIBERTARIAN
Arizona,2010,5938,1708484,OTHER
Georgia,1990,1033439,1033439,DEMOCRAT
New Mexico,2018,376998,697012,DEMOCRAT
Connecticut,2010,15,1153115,OTHER
Louisiana,1980,484770,841013,DEMOCRAT
Idaho,1984,105591,406168,DEMOCRAT
Montana,2000,194430,411601,DEMOCRAT
Tennessee,2002,1170,1642432,OTHER
Arkansas,2016,43866,1107522,LIBERTARIAN
Kansas,2004,780863,1129022,REPUBLICAN
Nevada,1986,4899,261932,LIBERTARIAN
Massachusetts,2020,21134,3658005,OTHER
Wisconsin,1976,202,1935183,OTHER
Minnesota,2002,1116697,2254636,REPUBLICAN
Nevada,1992,13154,495887,OTHER
California,1992,122,10782743,OTHER
Alaska,2020,601,354587,OTHER
Michigan,1984,2135,3700938,OTHER
Idaho,2002,132975,408544,DEMOCRAT
Michigan,2020,39217,5479720,OTHER
Kansas,1990,139,786235,OTHER
Missouri,2010,1,1943899,OTHER
Wisconsin,1998,5591,1760836,LIBERTARIAN
Pennsylvania,1976,239,4546353,OTHER
Louisiana,2002,573347,2481629,DEMOCRAT
Connecticut,2018,787685,1386840,DEMOCRAT
Minnesota,2002,45139,2254636,OTHER
Massachusetts,2014,6,2186789,OTHER
Arizona,2016,83,2530730,OTHER
Louisiana,2020,14454,2071543,DEMOCRAT
Minnesota,1978,878,1558376,OTHER
Indiana,1994,17343,1543568,LIBERTARIAN
New York,1986,305412,4484859,OTHER
Rhode Island,2018,231477,376738,DEMOCRAT
Florida,1976,1799518,2857534,DEMOCRAT
Kansas,2020,727962,1367755,REPUBLICAN
Mississippi,1976,554433,554433,DEMOCRAT
Louisiana,2002,638654,2481629,DEMOCRAT
Maryland,1992,1307610,1841298,DEMOCRAT
Missouri,2010,14,1943899,OTHER
Maine,2012,24121,724720,OTHER
Illinois,2014,135316,3603519,LIBERTARIAN
Iowa,1998,648480,947907,REPUBLICAN
New Jersey,2008,15925,3482445,OTHER
South Carolina,1986,465500,737962,DEMOCRAT
Massachusetts,2006,1500738,2243835,DEMOCRAT
Ohio,1992,321234,4793953,OTHER
Tennessee,2020,9598,2959761,OTHER
Louisiana,2004,47222,1848056,DEMOCRAT
Vermont,2018,2244,272624,OTHER
New Hampshire,1998,213477,314696,REPUBLICAN
Texas,2020,209722,11144040,LIBERTARIAN
Maryland,2010,20717,1833858,OTHER
Minnesota,2020,1566522,3214256,DEMOCRAT
Minnesota,2008,1212317,2887646,REPUBLICAN
Colorado,2008,116,2331621,OTHER
Wyoming,2018,136210,203420,REPUBLICAN
South Dakota,1992,4353,334495,LIBERTARIAN
North Dakota,2012,161337,321144,DEMOCRAT
Oregon,2014,24212,1461618,OTHER
Massachusetts,1976,722641,2491255,REPUBLICAN
Tennessee,2014,437848,1374065,DEMOCRAT
Colorado,2010,67,1772286,OTHER
Iowa,1992,1370,1292494,OTHER
New Jersey,2018,1711654,3169310,DEMOCRAT
Illinois,2016,408,5491878,OTHER
Maryland,1980,435118,1286088,DEMOCRAT
Illinois,1998,280,3394521,OTHER
Tennessee,2008,1579477,2424585,REPUBLICAN
California,1980,4704098,8324012,DEMOCRAT
Maryland,2000,113,1946898,OTHER
Alaska,2016,138149,311441,REPUBLICAN
Wyoming,2020,165,278503,OTHER
South Carolina,1990,450,750716,OTHER
Texas,2006,1555202,4314663,DEMOCRAT
South Carolina,2008,1076534,1871431,REPUBLICAN
Georgia,2000,22975,2415743,OTHER
Utah,2006,21526,571252,OTHER
Nevada,2006,238796,582572,DEMOCRAT
Michigan,1988,8908,3505985,OTHER
New York,1982,142275,4967729,OTHER
California,2010,5,10000160,OTHER
Oregon,1990,507743,1099255,DEMOCRAT
Utah,1994,2543,519304,OTHER
New York,1986,7376,4484859,OTHER
New Jersey,1996,1227351,2883466,REPUBLICAN
Georgia,2014,21,2567805,OTHER
Arizona,2018,1191100,2384308,DEMOCRAT
California,2012,4713887,12578511,REPUBLICAN
Alaska,1992,20019,239714,OTHER
Louisiana,2016,11370,1997218,LIBERTARIAN
Montana,1994,218542,350387,REPUBLICAN
Missouri,2010,789736,1943899,DEMOCRAT
Maryland,1982,407334,1114690,REPUBLICAN
Tennessee,2008,9367,2424585,OTHER
Delaware,2012,115700,399606,REPUBLICAN
Vermont,2004,216972,307208,DEMOCRAT
Maine,2006,26222,545128,OTHER
Iowa,1984,564381,1292700,REPUBLICAN
New Jersey,2006,3433,2250070,OTHER
Minnesota,1978,2992,1580622,LIBERTARIAN
Massachusetts,2000,134586,2734048,OTHER
Louisiana,2014,1561210,3523183,DEMOCRAT
Florida,1998,1463755,3900162,REPUBLICAN
Colorado,2010,11330,1772286,OTHER
Arizona,1986,28,862921,OTHER
Virginia,2018,1910370,3351373,DEMOCRAT
Georgia,2020,13318,4914361,OTHER
North Dakota,1976,3824,283062,OTHER
Virginia,1984,601142,2007487,DEMOCRAT
Vermont,1986,1583,196532,OTHER
Hawaii,1992,97928,363662,REPUBLICAN
Missouri,1988,11410,2078875,LIBERTARIAN
Nevada,1994,193804,380530,DEMOCRAT
Missouri,2002,18345,1877620,LIBERTARIAN
Illinois,2010,1778698,3704473,REPUBLICAN
Georgia,1998,918540,1753953,REPUBLICAN
Tennessee,2012,409,2321477,OTHER
Utah,2012,301873,1006901,DEMOCRAT
Wyoming,1976,84810,155368,REPUBLICAN
Connecticut,1988,678454,1383526,REPUBLICAN
Nevada,2004,284640,810068,REPUBLICAN
Louisiana,2002,3866,2481629,OTHER
Indiana,2006,294,1341111,OTHER
Vermont,2012,252,292762,OTHER
Minnesota,2012,13986,2843207,OTHER
Illinois,1978,159,3184764,OTHER
California,1982,4022565,7805450,REPUBLICAN
Connecticut,1982,545987,1083508,REPUBLICAN
Tennessee,2006,3033,1833695,OTHER
Utah,1994,1514,519304,OTHER
Illinois,2010,1719478,3704473,DEMOCRAT
New York,2016,3472,7800725,OTHER
Ohio,1980,76412,4027303,OTHER
Illinois,2010,9,3704473,OTHER
Oregon,1986,656317,1042555,REPUBLICAN
New Jersey,1976,1054508,2771390,REPUBLICAN
Louisiana,2020,2813,2071543,OTHER
Alaska,2016,90825,311441,LIBERTARIAN
Oklahoma,1994,47552,982430,OTHER
Colorado,2004,980668,2107472,REPUBLICAN
Arkansas,1998,187,700831,OTHER
Minnesota,1994,2614,1772929,OTHER
Indiana,2012,3,2560102,OTHER
South Carolina,2004,4245,1597221,OTHER
New Jersey,2018,1357355,3169310,REPUBLICAN
Florida,2004,25,7429894,OTHER
South Carolina,1984,644815,965130,REPUBLICAN
North Dakota,2018,2042,326138,OTHER
Vermont,2018,294,272624,OTHER
South Carolina,2010,21953,1318794,OTHER
Kansas,1992,706246,1126447,REPUBLICAN
Mississippi,1996,13861,878662,OTHER
South Carolina,1984,306982,965130,DEMOCRAT
South Dakota,1996,157954,324487,REPUBLICAN
Louisiana,2004,542150,1848056,DEMOCRAT
Colorado,2014,29472,2041058,OTHER
Kansas,2002,70725,776850,LIBERTARIAN
South Dakota,2014,8474,279412,OTHER
West Virginia,2000,12627,603477,LIBERTARIAN
Kansas,1978,403354,748839,REPUBLICAN
Tennessee,1982,30,1259785,OTHER
North Dakota,1982,8288,262465,OTHER
New York,2016,4784220,7800725,DEMOCRAT
Maine,2008,620,724430,OTHER
Ohio,2012,250616,5449018,OTHER
Utah,1988,430089,640702,REPUBLICAN
Wisconsin,1992,3264,2455124,OTHER
Michigan,2000,5630,4167685,OTHER
Delaware,1996,105088,275591,REPUBLICAN
Nebraska,2020,55115,930012,LIBERTARIAN
Minnesota,2014,47530,1981528,OTHER
Vermont,1986,124123,196532,DEMOCRAT
New York,2006,55469,4700632,OTHER
Oregon,1998,377739,1117747,REPUBLICAN
Illinois,1996,2384028,4250722,DEMOCRAT
Hawaii,2016,6809,437664,LIBERTARIAN
Oregon,1998,8372,1117747,OTHER
Texas,1990,725,3822157,OTHER
South Carolina,2004,5859,1597221,OTHER
Texas,2008,185241,7912075,LIBERTARIAN
Colorado,2016,1215318,2743023,REPUBLICAN
Illinois,2002,1325703,3486851,REPUBLICAN
Oregon,2010,14466,1442588,OTHER
Mississippi,2020,23152,1311354,LIBERTARIAN
Illinois,1980,96,4580029,OTHER
Kentucky,1978,175766,476783,REPUBLICAN
Louisiana,2010,9973,1264994,OTHER
Delaware,2010,8201,307402,OTHER
Nevada,2010,3185,721404,OTHER
Kansas,2004,21842,1129022,LIBERTARIAN
New Jersey,1988,1349937,2987634,REPUBLICAN
West Virginia,2014,2566,453689,OTHER
Arkansas,1984,502341,875956,DEMOCRAT
Vermont,1992,123854,285739,REPUBLICAN
Maryland,1988,999166,1617065,DEMOCRAT
Tennessee,2006,13,1833695,OTHER
Louisiana,2008,18590,1896574,LIBERTARIAN
Pennsylvania,1992,2224966,4802410,DEMOCRAT
Minnesota,1978,72,1580622,OTHER
Nevada,1976,63471,201899,REPUBLICAN
Pennsylvania,1988,11822,4366598,LIBERTARIAN
Vermont,2010,2731,235178,OTHER
Arkansas,2010,143,779957,OTHER
New Jersey,2020,11632,4440440,OTHER
Oregon,1992,12934,1376033,OTHER
California,1992,4093501,10782743,REPUBLICAN
Missouri,1980,1074859,2066965,DEMOCRAT
Utah,1988,203364,640702,DEMOCRAT
Colorado,1998,464754,1327235,DEMOCRAT
Oregon,1980,501963,1140494,DEMOCRAT
Vermont,2006,171638,262419,OTHER
West Virginia,1988,410983,634547,DEMOCRAT
Indiana,2016,1423991,2732546,REPUBLICAN
Tennessee,2008,31631,2424585,OTHER
Hawaii,2012,6599,437159,OTHER
Alabama,1996,681651,1499393,DEMOCRAT
Missouri,2018,27316,2442289,LIBERTARIAN
Pennsylvania,1976,2381891,4546353,REPUBLICAN
Arkansas,2016,400602,1107522,DEMOCRAT
Montana,2014,213709,369826,REPUBLICAN
Montana,2018,14545,504384,LIBERTARIAN
Washington,1976,28182,1491111,OTHER
Wisconsin,2004,8367,2949743,LIBERTARIAN
California,2000,96552,10623608,OTHER
Colorado,2004,18783,2107472,OTHER
Kentucky,2020,9,2135057,OTHER
Missouri,2018,34398,2442289,OTHER
Delaware,2014,130655,234038,DEMOCRAT
Tennessee,2014,5,1374065,OTHER
Oklahoma,1980,1823,1098294,OTHER
Vermont,2000,10079,288500,OTHER
Washington,2004,30304,2818651,OTHER
Alaska,2002,291,229548,OTHER
Texas,1990,2302357,3822157,REPUBLICAN
Vermont,1988,2424,240108,OTHER
Ohio,1986,1171893,3121189,REPUBLICAN
New Jersey,1978,2384,1957515,OTHER
Pennsylvania,1980,27229,4418042,OTHER
Arizona,2020,19,3355307,DEMOCRAT
Maryland,2012,2346,2633234,OTHER
Maine,1982,279819,459715,DEMOCRAT
Iowa,1996,1941,1224054,OTHER
Louisiana,1996,852945,1700102,DEMOCRAT
Oklahoma,1998,4617,859713,OTHER
South Dakota,1992,4314,334495,OTHER
Illinois,1978,1698711,3184764,REPUBLICAN
Michigan,2002,1185545,3129287,REPUBLICAN
Minnesota,1988,44474,2093953,OTHER
New Jersey,2012,3593,3376649,OTHER
Washington,2006,16384,2083734,OTHER
Mississippi,1990,274244,274244,REPUBLICAN
Delaware,1976,646,224795,OTHER
Kansas,2004,15980,1129022,OTHER
Iowa,2004,412365,1479228,DEMOCRAT
Mississippi,2012,503467,1241568,DEMOCRAT
Oklahoma,1980,9757,1098294,LIBERTARIAN
Mississippi,1996,624154,878662,REPUBLICAN
South Carolina,2016,1857,2049893,OTHER
Tennessee,2018,1227483,2243740,REPUBLICAN
North Carolina,2008,1719,4271970,OTHER
Florida,2010,4,5411106,OTHER
Arizona,2016,494,2530730,REPUBLICAN
Iowa,2002,447892,1023075,REPUBLICAN
Nevada,2012,457656,997805,REPUBLICAN
South Dakota,2002,167481,337501,DEMOCRAT
Vermont,2010,72699,235178,REPUBLICAN
Washington,1998,785377,1888561,REPUBLICAN
Georgia,2014,48862,2567805,LIBERTARIAN
Colorado,1984,2208,1297809,OTHER
Tennessee,1996,61,1778664,OTHER
Hawaii,2000,2360,345623,OTHER
New Hampshire,2002,207478,447135,DEMOCRAT
Idaho,1984,7384,406168,LIBERTARIAN
North Carolina,1980,4346,1797665,OTHER
Georgia,1984,44,1681344,OTHER
Oregon,2010,16028,1442588,LIBERTARIAN
New York,1976,6716,6666875,OTHER
New Jersey,2000,5657,3015662,OTHER
Utah,2018,27607,1062845,LIBERTARIAN
New York,1980,4161,6014914,OTHER
Oregon,2004,29582,1780550,LIBERTARIAN
Illinois,1984,4913,4787335,OTHER
Illinois,1986,1053734,3122883,REPUBLICAN
Florida,2012,18,8189946,OTHER
Wyoming,1984,40525,186898,DEMOCRAT
Michigan,2014,1290199,3121771,REPUBLICAN
South Carolina,2014,532,1238982,OTHER
Delaware,1982,653,190960,LIBERTARIAN
Nebraska,1994,260668,579205,REPUBLICAN
Maryland,1992,533688,1841298,REPUBLICAN
South Dakota,2010,227947,227947,REPUBLICAN
New Jersey,2012,1329534,3376649,REPUBLICAN
Georgia,2008,909923,2137956,DEMOCRAT
New Jersey,1990,19978,1938454,OTHER
Wisconsin,1992,16513,2455124,OTHER
Oklahoma,1980,478283,1098294,DEMOCRAT
North Dakota,2016,10556,342501,LIBERTARIAN
Wisconsin,2010,1125999,2171331,REPUBLICAN
New York,1998,1680203,4989877,REPUBLICAN
Alaska,1998,43743,221807,DEMOCRAT
South Carolina,2016,1241609,2049893,REPUBLICAN
Louisiana,2002,171752,2481629,REPUBLICAN
Texas,1978,4018,2312540,OTHER
Wisconsin,1986,2926,1483174,OTHER
New York,2004,216198,7447818,OTHER
Indiana,2004,903913,2428233,REPUBLICAN
Texas,1976,1636370,3874230,REPUBLICAN
Alabama,2002,1350,1353023,OTHER
Oregon,1998,1413,1117747,OTHER
New Hampshire,1990,91299,291393,DEMOCRAT
Alaska,2008,151767,317723,DEMOCRAT
Florida,1986,77,3429996,OTHER
Kansas,2008,25727,1210690,LIBERTARIAN
Missouri,1976,813571,1914460,DEMOCRAT
Texas,2020,81893,11144040,OTHER
Massachusetts,1982,18878,2050769,LIBERTARIAN
Illinois,1992,15118,4939558,OTHER
Arkansas,1978,395506,517138,DEMOCRAT
Maryland,2010,110,1833858,OTHER
Arkansas,1992,553635,920008,DEMOCRAT
Nebraska,1976,58,593310,OTHER
Ohio,2004,1961171,5425823,DEMOCRAT
California,1988,79997,9743598,LIBERTARIAN
Maryland,1976,62750,1365290,OTHER
Wyoming,2014,471,171153,OTHER
Delaware,2000,389,326993,OTHER
Illinois,1992,28,4939558,OTHER
New York,1980,664544,6014914,OTHER
North Dakota,1992,118162,303957,REPUBLICAN
New Hampshire,2020,450778,795914,DEMOCRAT
West Virginia,1982,173910,565314,REPUBLICAN
Maryland,1994,809125,1369101,DEMOCRAT
Texas,2012,3194927,7864822,DEMOCRAT
Virginia,1978,513,1222256,OTHER
North Dakota,1998,75013,213358,REPUBLICAN
Georgia,2000,11875,2415743,OTHER
Alaska,2004,3785,308315,OTHER
Georgia,1998,791904,1753953,DEMOCRAT
Connecticut,2010,45,1153115,OTHER
Washington,2012,1855493,3069417,DEMOCRAT
Maryland,2010,204,1833858,OTHER
Louisiana,1980,13739,841013,REPUBLICAN
Vermont,1992,222,285739,OTHER
Washington,1988,944359,1848542,REPUBLICAN
Pennsylvania,1982,19244,3604108,LIBERTARIAN
Massachusetts,1984,1393150,2530471,DEMOCRAT
Nevada,2018,490071,972132,DEMOCRAT
Maryland,2010,84,1833858,DEMOCRAT
Missouri,2012,4,2725793,OTHER
Hawaii,1994,86320,356902,REPUBLICAN
New Hampshire,2014,1628,488159,OTHER
Mississippi,1978,187541,590236,DEMOCRAT
New Mexico,2014,286409,515506,DEMOCRAT
Illinois,1992,34527,4939558,LIBERTARIAN
New Mexico,1976,176382,413056,DEMOCRAT
Iowa,2014,1111,1129700,OTHER
Virginia,1994,882213,2057463,REPUBLICAN
Colorado,1992,20347,1552289,OTHER
Michigan,2020,13093,5479720,OTHER
Rhode Island,1978,229557,305618,DEMOCRAT
Oregon,1998,7553,1117747,OTHER
Tennessee,2018,2226,2243740,OTHER
California,1998,48685,8311905,OTHER
Oklahoma,2002,65056,1018424,OTHER
Louisiana,1978,1,1,DEMOCRAT
New Jersey,2012,9359,3376649,OTHER
Illinois,2004,81164,5141520,OTHER
New Hampshire,2004,102,657086,OTHER
Florida,2010,13,5411106,OTHER
Vermont,1998,48051,214036,REPUBLICAN
Louisiana,2010,715415,1264994,REPUBLICAN
Iowa,1992,899761,1292494,REPUBLICAN
Louisiana,2016,1151,1997218,OTHER
Virginia,2020,1934199,4405087,REPUBLICAN
Texas,2000,4078954,6267964,REPUBLICAN
Wyoming,2008,183063,249619,REPUBLICAN
Florida,2000,26087,5856731,OTHER
Maine,1976,292704,486193,DEMOCRAT
Florida,2016,37,9301820,OTHER
Ohio,1992,2444419,4793953,DEMOCRAT
New York,2010,2837684,4757635,DEMOCRAT
Michigan,1982,19131,2994334,LIBERTARIAN
Hawaii,2016,306604,437664,DEMOCRAT
Nevada,1982,114720,235097,DEMOCRAT
Oregon,2020,42747,2321249,LIBERTARIAN
Minnesota,2006,835653,2202772,REPUBLICAN
Massachusetts,2000,8452,2734048,OTHER
Idaho,2008,34510,644780,OTHER
Wisconsin,2000,940744,2540083,REPUBLICAN
Texas,2002,1422,4514012,OTHER
California,2010,11,10000160,OTHER
Oklahoma,1978,3355,754264,OTHER
Mississippi,2000,654941,994144,REPUBLICAN
Wisconsin,1980,6502,2204202,OTHER
Louisiana,2004,275821,1848056,DEMOCRAT
Colorado,2004,1750,2107472,OTHER
North Carolina,2020,2665598,5474952,REPUBLICAN
Minnesota,1982,5870,1804675,LIBERTARIAN
Montana,1994,131845,350387,DEMOCRAT
Vermont,2012,2452,292762,OTHER
Tennessee,2012,20936,2321477,OTHER
Louisiana,2008,988298,1896574,DEMOCRAT
New Jersey,1982,3726,2193945,OTHER
Oklahoma,2010,265814,1017151,DEMOCRAT
Indiana,2018,70,2282565,OTHER
Nevada,2016,6888,1108294,OTHER
Maine,2000,437689,634872,REPUBLICAN
Colorado,2010,10,1772286,OTHER
Arkansas,2014,478819,847505,REPUBLICAN
Utah,2000,504803,769704,REPUBLICAN
Delaware,2002,922,232314,LIBERTARIAN
New Jersey,1984,10409,3096456,OTHER
Mississippi,1996,240647,878662,DEMOCRAT
Colorado,2010,5767,1772286,OTHER
Louisiana,2020,1228908,2071543,REPUBLICAN
Alaska,2016,41194,311441,OTHER
Texas,2012,67404,7864822,OTHER
Wisconsin,2004,1301183,2949743,REPUBLICAN
Michigan,2012,48,4652918,OTHER
Illinois,2010,117914,3704473,OTHER
New York,2012,1514647,7116628,REPUBLICAN
Missouri,2010,58663,1943899,LIBERTARIAN
Illinois,2008,3615844,5329884,DEMOCRAT
Minnesota,1994,95400,1772929,OTHER
Tennessee,2000,10004,1928613,OTHER
California,1998,82918,8311905,OTHER
Minnesota,2018,66236,2596879,OTHER
Missouri,2016,21,2802637,OTHER
South Carolina,2004,857167,1597221,REPUBLICAN
Nevada,2000,10286,600776,OTHER
Arkansas,1984,373615,875956,REPUBLICAN
Tennessee,1976,1061,1432046,OTHER
Arizona,2000,109230,1397076,OTHER
Vermont,1982,84449,168002,REPUBLICAN
Utah,1998,163172,494909,DEMOCRAT
Florida,2004,27,7429894,OTHER
Illinois,2014,1929637,3603519,DEMOCRAT
Maryland,2004,24816,2321931,OTHER
Pennsylvania,2004,2334126,5559105,DEMOCRAT
Ohio,2012,2435712,5449018,REPUBLICAN
Nebraska,2000,353093,692350,DEMOCRAT
South Carolina,1998,563377,1069063,DEMOCRAT
Washington,2012,1213924,3069417,REPUBLICAN
New York,1976,16350,6666875,OTHER
Maryland,2010,80,1833858,OTHER
Illinois,2008,24059,5329884,OTHER
Florida,2004,119,7429894,OTHER
Georgia,2010,996516,2555258,DEMOCRAT
Idaho,1980,6507,439647,LIBERTARIAN
Wisconsin,2010,23473,2171331,OTHER
Vermont,1994,1416,211672,OTHER
Delaware,1990,112918,180157,DEMOCRAT
Indiana,1986,5914,1545563,OTHER
Oklahoma,2008,55708,1346819,OTHER
New Jersey,1982,1830,2193945,OTHER
California,1992,5173467,10799703,DEMOCRAT
Ohio,1980,1137695,4027303,REPUBLICAN
Idaho,2002,9354,408544,LIBERTARIAN
Tennessee,2018,1927,2243740,OTHER
Georgia,1996,1103993,2259224,DEMOCRAT
Iowa,1996,571807,1224054,REPUBLICAN
California,2016,7542753,12244170,DEMOCRAT
New York,2004,14811,7447818,OTHER
Oklahoma,2014,557002,820890,REPUBLICAN
Montana,2020,333174,605637,REPUBLICAN
Idaho,1998,262966,378174,REPUBLICAN
Colorado,1992,23,1552289,LIBERTARIAN
New York,1976,10943,6666875,LIBERTARIAN
New York,1976,184083,6666875,OTHER
Arkansas,1986,262313,695487,REPUBLICAN
Oklahoma,1996,8691,1183150,OTHER
Maine,2020,9122,828305,OTHER
Idaho,1990,122295,315936,DEMOCRAT
Oregon,1996,624370,1360230,DEMOCRAT
Maine,2014,269,616996,OTHER
Connecticut,2018,6618,1386840,OTHER
Louisiana,2010,13957,1264994,LIBERTARIAN
Utah,2006,177459,571252,DEMOCRAT
New Jersey,2008,9187,3482445,OTHER
Michigan,1988,4877,3505985,OTHER
Connecticut,1998,6517,964457,OTHER
Alaska,1986,79727,180801,DEMOCRAT
Oklahoma,2002,369789,1018424,DEMOCRAT
Oregon,1996,14193,1360230,OTHER
Alaska,2020,191112,354587,REPUBLICAN
Ohio,1988,1872716,4352905,REPUBLICAN
West Virginia,2000,469215,603477,DEMOCRAT
Nevada,2010,5811,721404,OTHER
Mississippi,2014,13938,631858,OTHER
Oklahoma,2010,718482,1017151,REPUBLICAN
New York,1988,189226,6040980,OTHER
Nevada,1988,175548,342407,DEMOCRAT
Utah,1998,316652,494909,REPUBLICAN
Mississippi,1978,133646,590236,OTHER
Idaho,2010,112057,449530,DEMOCRAT
Missouri,2016,1300200,2802637,DEMOCRAT
Washington,1976,1071219,1491111,DEMOCRAT
Michigan,1982,1728793,2994334,DEMOCRAT
Connecticut,2016,552621,1596276,REPUBLICAN
Wyoming,2008,60631,250007,DEMOCRAT
Illinois,2010,561,3704473,OTHER
South Dakota,1998,162884,262111,DEMOCRAT
North Dakota,1988,171899,289170,DEMOCRAT
Minnesota,1982,3300,1804675,OTHER
Oklahoma,2016,43421,1448047,LIBERTARIAN
Iowa,2014,494370,1129700,DEMOCRAT
Michigan,2018,16502,4237271,OTHER
Massachusetts,2014,791950,2186789,REPUBLICAN
Nevada,2000,1579,600776,OTHER
Rhode Island,1976,167665,398906,DEMOCRAT
West Virginia,1982,4234,565314,OTHER
New Hampshire,1992,4752,518170,OTHER
Alaska,2002,2354,229548,LIBERTARIAN
New Hampshire,1996,242257,491873,REPUBLICAN
Georgia,1978,536320,645128,DEMOCRAT
Florida,2016,10,9301820,OTHER
Colorado,1990,11801,1022027,OTHER
South Carolina,2008,4276,1871431,OTHER
West Virginia,2014,156360,453689,DEMOCRAT
West Virginia,2008,447560,702308,DEMOCRAT
Louisiana,2002,23553,2481629,DEMOCRAT
Florida,2012,2,8189946,OTHER
Louisiana,2010,4043,1264994,OTHER
New Mexico,2000,225517,589526,REPUBLICAN
Florida,2010,2,5411106,OTHER
Vermont,1980,122,209124,OTHER
Oklahoma,1984,280638,1197937,REPUBLICAN
Indiana,1986,936143,1545563,REPUBLICAN
Minnesota,1990,29820,1808045,OTHER
Vermont,1986,2963,196532,OTHER
Idaho,2008,9958,644780,LIBERTARIAN
Maine,1996,298422,606777,REPUBLICAN
Ohio,2006,830,4019236,OTHER
Idaho,2016,449017,678943,REPUBLICAN
Minnesota,1996,4321,2182905,OTHER
Virginia,1984,1406194,2007487,REPUBLICAN
New Mexico,2018,212813,697012,REPUBLICAN
Nevada,2012,45277,997805,OTHER
Michigan,2020,5,5479720,OTHER
Minnesota,2002,1790,2254636,OTHER
Wisconsin,1986,754573,1483174,REPUBLICAN
Vermont,2016,309,320467,OTHER
Minnesota,1976,478602,1912020,REPUBLICAN
New Hampshire,2010,167545,454710,DEMOCRAT
Indiana,2010,99,1744481,OTHER
Vermont,2012,877,292762,OTHER
Kentucky,1996,8595,1307046,LIBERTARIAN
North Dakota,1992,179347,303957,DEMOCRAT
Louisiana,2020,7811,2071543,OTHER
Colorado,1992,42455,1552289,OTHER
Arkansas,2010,14430,779957,OTHER
Alaska,2008,147814,317723,REPUBLICAN
Florida,2006,16,4793534,OTHER
Florida,2016,50,9301820,OTHER
Tennessee,1976,673231,1432046,REPUBLICAN
Kentucky,1978,290730,476783,DEMOCRAT
Hawaii,2010,2957,370583,LIBERTARIAN
New Jersey,1984,2891,3096456,OTHER
Rhode Island,2012,146222,418189,REPUBLICAN
Utah,2012,1,1006901,OTHER
Mississippi,2000,314090,994144,DEMOCRAT
Missouri,1998,690208,1576857,DEMOCRAT
Iowa,2020,13800,1700130,OTHER
Missouri,2000,1142852,2361586,REPUBLICAN
Connecticut,1994,280049,1079664,OTHER
California,2006,75350,8541476,OTHER
Illinois,2010,19,3704473,OTHER
Washington,1980,936317,1728369,REPUBLICAN
Texas,1994,1639615,4279940,DEMOCRAT
Wisconsin,1998,890059,1760836,DEMOCRAT
Georgia,2020,13293,4914361,OTHER
Tennessee,2012,6523,2321477,OTHER
New Mexico,2000,363744,589526,DEMOCRAT
Connecticut,2006,4638,1134777,OTHER
Oregon,2004,1128728,1780550,DEMOCRAT
Georgia,2020,44945,4914361,DEMOCRAT
Florida,2012,3458267,8189946,REPUBLICAN
Kentucky,1984,639721,1292407,DEMOCRAT
Georgia,2021,2288446,4483294,DEMOCRAT
New Hampshire,2016,354649,739140,DEMOCRAT
North Carolina,2014,4307,2915281,OTHER
Georgia,2008,1867097,3752485,REPUBLICAN
Hawaii,2018,112035,388351,REPUBLICAN
Iowa,1998,2542,947907,OTHER
Arizona,2018,1135200,2384308,REPUBLICAN
Michigan,2002,12831,3129287,OTHER
New York,1980,2715,6014914,OTHER
New Hampshire,1984,1094,384369,LIBERTARIAN
Oklahoma,1978,3875,754264,OTHER
Louisiana,2020,17362,2071543,OTHER
Alabama,2016,3631,2087444,OTHER
Maryland,2006,965477,1781139,DEMOCRAT
Maryland,2012,693291,2633234,REPUBLICAN
Alabama,2002,792561,1353023,REPUBLICAN
Oregon,1980,555,1140494,OTHER
Wisconsin,2018,1472914,2657841,DEMOCRAT
Tennessee,2002,6106,1642432,OTHER
Wyoming,1994,118754,201710,REPUBLICAN
Ohio,1992,2028300,4793953,REPUBLICAN
North Dakota,2016,58116,342501,DEMOCRAT
Illinois,1998,74704,3394521,OTHER
Idaho,2016,188249,678943,DEMOCRAT
Louisiana,2014,14173,3523183,REPUBLICAN
New York,1986,2030260,4484859,REPUBLICAN
California,2010,10,10000160,OTHER
Florida,2010,4792,5411106,OTHER
Michigan,1996,36911,3762575,LIBERTARIAN
South Carolina,2016,24830,2049893,LIBERTARIAN
Montana,1996,182111,407490,REPUBLICAN
Maryland,2018,22943,2299889,LIBERTARIAN
Virginia,2006,1166277,2370445,REPUBLICAN
South Carolina,1980,257946,870500,REPUBLICAN
Missouri,2018,1112935,2442289,DEMOCRAT
Nevada,2010,362785,721404,DEMOCRAT
California,1998,46543,8311905,OTHER
Colorado,2014,21,2041058,OTHER
Nevada,2016,10740,1108294,OTHER
Wisconsin,1994,538,1565628,OTHER
Arizona,2016,45,2530730,OTHER
Nevada,1994,156020,380530,REPUBLICAN
Tennessee,2006,3746,1833695,OTHER
New Mexico,2012,28199,775793,OTHER
Florida,1986,1877543,3429996,DEMOCRAT
New Jersey,2012,15801,3376649,OTHER
Rhode Island,1994,222856,345388,REPUBLICAN
Nebraska,2008,11438,792511,OTHER
Vermont,1976,8801,189060,OTHER
Oregon,2010,825507,1442588,DEMOCRAT
Arizona,1986,521850,862921,REPUBLICAN
Virginia,2000,1296093,2718301,DEMOCRAT
Missouri,2010,7,1943899,OTHER
Georgia,2008,127923,3752485,LIBERTARIAN
Alabama,2004,1242200,1839066,REPUBLICAN
Maryland,2016,242,2726170,OTHER
New Jersey,1978,2955,1957515,OTHER
Alabama,1990,467190,1185154,REPUBLICAN
South Carolina,2020,32845,2515104,OTHER
Washington,1986,677471,1337367,DEMOCRAT
Oklahoma,2016,355911,1448047,DEMOCRAT
Louisiana,2020,3954,2071543,OTHER
Alabama,2010,515619,1485499,DEMOCRAT
Louisiana,2014,3835,3523183,DEMOCRAT
New York,2000,3414,6959662,OTHER
Connecticut,1988,4154,1383526,OTHER
Florida,2006,78,4793534,OTHER
New York,2016,400943,7800725,OTHER
Wyoming,2012,53019,250700,DEMOCRAT
Florida,1982,422,2653419,OTHER
Oklahoma,2014,10554,820733,OTHER
Massachusetts,2002,1605976,2220301,DEMOCRAT
New York,2010,11787,4757635,OTHER
Minnesota,2018,95614,2587356,OTHER
Connecticut,2006,80,1134777,OTHER
Maine,1988,452581,556745,DEMOCRAT
Massachusetts,2002,24898,2220301,OTHER
Hawaii,2004,9269,415347,OTHER
Maryland,2010,14,1833858,OTHER
Oregon,1984,808152,1214735,REPUBLICAN
Rhode Island,1982,175495,342778,REPUBLICAN
Arizona,2016,223,2530730,OTHER
Vermont,1998,4199,214036,LIBERTARIAN
Texas,2000,72657,6267964,LIBERTARIAN
New Jersey,2006,14637,2250070,LIBERTARIAN
Missouri,2002,913778,1877620,DEMOCRAT
Florida,1988,2051071,4068209,REPUBLICAN
Louisiana,2010,4810,1264994,OTHER
Kentucky,2016,36,1903465,OTHER
Virginia,2008,2369327,3643294,DEMOCRAT
Utah,2018,12708,1062845,OTHER
Wisconsin,2006,630299,2138297,REPUBLICAN
Louisiana,2014,13034,3523183,LIBERTARIAN
Delaware,1982,84413,190960,DEMOCRAT
Oregon,1986,10503,1042555,OTHER
Arizona,2006,48231,1526782,LIBERTARIAN
Minnesota,1994,15920,1772929,OTHER
Pennsylvania,1982,1412965,3604108,DEMOCRAT
New Jersey,2002,6404,2112604,OTHER
Arizona,1994,75493,1119060,LIBERTARIAN
New York,2010,240818,4763899,OTHER
Delaware,1996,165465,275591,DEMOCRAT
Missouri,1988,660045,2078875,DEMOCRAT
Rhode Island,2014,539,316898,OTHER
New Jersey,2018,25150,3169310,OTHER
Alabama,1998,474568,1293405,DEMOCRAT
Arizona,2020,379,3355307,LIBERTARIAN
Arizona,2020,1637661,3355307,REPUBLICAN
Oregon,2020,1321047,2321249,DEMOCRAT
California,1992,281973,10782743,OTHER
California,2010,135093,10000160,OTHER
Minnesota,1984,240,2066143,OTHER
Colorado,2016,3216,2743023,OTHER
Pennsylvania,2018,2134848,4994643,REPUBLICAN
California,2018,5093942,11113364,DEMOCRAT
Florida,2010,1092936,5411106,DEMOCRAT
Virginia,2000,1748,2718301,OTHER
Tennessee,2012,38472,2321477,OTHER
Virginia,1976,890778,1557500,OTHER
Arkansas,2016,1070,1107522,OTHER
Alaska,2010,90839,255503,REPUBLICAN
Wisconsin,1980,16156,2204202,OTHER
Alaska,1978,29574,122741,DEMOCRAT
Iowa,2020,864997,1700130,REPUBLICAN
Rhode Island,2008,116174,438812,REPUBLICAN
Oklahoma,1996,14595,1183150,LIBERTARIAN
Wisconsin,1998,7942,1760836,OTHER
Michigan,2014,37529,3121771,OTHER
Arizona,2010,7,1708484,OTHER
Nebraska,1976,279284,593310,REPUBLICAN
Maine,2008,444300,724430,REPUBLICAN
Vermont,2006,801,262419,OTHER
Iowa,2010,872,1116063,OTHER
Tennessee,2008,11073,2424585,OTHER
Ohio,1976,53657,3920613,OTHER
New Jersey,1990,13988,1938454,LIBERTARIAN
Missouri,2006,1055255,2128459,DEMOCRAT
Wisconsin,2012,43,3009411,OTHER
New York,1998,8223,4989877,LIBERTARIAN
Wyoming,2012,5747,250700,OTHER
Hawaii,2006,126097,342842,REPUBLICAN
North Carolina,1978,619151,1135814,REPUBLICAN
New Hampshire,1978,127945,263760,DEMOCRAT
Vermont,2018,1979,272624,OTHER
Rhode Island,2008,1994,438812,OTHER
Wisconsin,2000,4296,2540083,OTHER
Vermont,1976,94481,189060,REPUBLICAN
Massachusetts,2000,13687,2734048,OTHER
Oregon,2010,1448,1442588,OTHER
Georgia,2021,2213979,4483241,REPUBLICAN
New Mexico,2008,318522,823650,REPUBLICAN
Pennsylvania,2010,1948716,3977661,DEMOCRAT
Massachusetts,1978,1093283,1985700,DEMOCRAT
Alabama,2008,752391,2060191,DEMOCRAT
Kansas,1978,317602,748839,DEMOCRAT
Vermont,2016,9156,320467,OTHER
Utah,1980,1983,594298,OTHER
North Carolina,1990,981573,2069585,DEMOCRAT
New Jersey,2014,3890,1869535,OTHER
Kentucky,1998,569817,1145414,REPUBLICAN
California,1986,3541804,7398462,REPUBLICAN
Wyoming,2014,130,171153,OTHER
Illinois,2020,237699,5968901,OTHER
Kansas,1996,574021,1064716,REPUBLICAN
Michigan,1996,1500106,3762575,REPUBLICAN
Kentucky,1980,720891,1106920,DEMOCRAT
New Jersey,1984,6053,3096456,OTHER
Tennessee,1994,1150,1465862,OTHER
West Virginia,1978,244317,493351,REPUBLICAN
South Carolina,2002,6648,1102912,LIBERTARIAN
Nevada,2006,8232,582572,OTHER
Nevada,2010,321361,721404,REPUBLICAN
Wisconsin,2000,902,2540083,OTHER
New Jersey,1978,1082960,1957515,DEMOCRAT
Rhode Island,1976,912,398906,OTHER
Virginia,2008,1228830,3643294,REPUBLICAN
Colorado,1998,3230,1327235,OTHER
New Hampshire,2020,18421,795914,LIBERTARIAN
Rhode Island,1984,285811,393356,DEMOCRAT
Michigan,2012,26038,4652918,OTHER
New York,2004,4384907,7447818,DEMOCRAT
Tennessee,1988,6042,1567181,OTHER
Alaska,2008,2483,317723,LIBERTARIAN
South Carolina,2004,704384,1597221,DEMOCRAT
Florida,1994,1210577,4106816,DEMOCRAT
Delaware,2010,123053,307402,REPUBLICAN
Missouri,2002,10465,1877620,OTHER
New York,2000,4734,6959662,LIBERTARIAN
Oregon,2002,501898,1267221,DEMOCRAT
Louisiana,1986,646311,1369897,REPUBLICAN
Maine,2014,12968,616996,OTHER
Iowa,2016,17649,1541036,OTHER
Michigan,2008,30827,4848620,OTHER
New York,2006,20996,4700632,LIBERTARIAN
Michigan,2000,29966,4167685,LIBERTARIAN
Arizona,1980,3608,874238,OTHER
Georgia,2000,920478,2415743,OTHER
Idaho,1990,193641,315936,REPUBLICAN
North Carolina,1996,1173875,2556456,DEMOCRAT
Hawaii,2016,339,437664,OTHER
Massachusetts,2014,3072,2186789,OTHER
North Dakota,1986,143932,289013,DEMOCRAT
Wyoming,2000,8950,213659,LIBERTARIAN
Rhode Island,2008,320644,438812,DEMOCRAT
Minnesota,2008,13923,2887646,LIBERTARIAN
Rhode Island,2020,833,494262,OTHER
Illinois,1990,1135628,3251005,REPUBLICAN
Minnesota,1996,152328,2182905,OTHER
Vermont,2018,74663,272624,REPUBLICAN
Idaho,1978,194412,284047,REPUBLICAN
Colorado,2010,22589,1772286,LIBERTARIAN
Wisconsin,2006,25096,2138297,OTHER
New York,2018,41989,6055151,OTHER
Connecticut,1976,14407,1361666,OTHER
Louisiana,1998,9893,969165,DEMOCRAT
New Mexico,1984,10,502634,OTHER
Missouri,1992,75048,2354916,LIBERTARIAN
Ohio,1976,33285,3920613,OTHER
New Jersey,1984,1080100,3096456,REPUBLICAN
Delaware,2018,3910,362592,LIBERTARIAN
Minnesota,1996,1098430,2182905,DEMOCRAT
Ohio,1988,2480038,4352905,DEMOCRAT
Oklahoma,2014,7793,820733,OTHER
California,1988,5143409,9743598,REPUBLICAN
California,2000,5932522,10623608,DEMOCRAT
Colorado,2004,10160,2107472,LIBERTARIAN
Minnesota,2008,2340,2887646,OTHER
Arizona,2020,68,3355307,DEMOCRAT
Indiana,1976,868522,2161187,DEMOCRAT
Hawaii,1998,315252,398124,DEMOCRAT
Indiana,1992,1267972,2211426,REPUBLICAN
New Jersey,2002,1138193,2112604,DEMOCRAT
Indiana,2010,161,1744481,OTHER
New Mexico,1976,1087,413056,OTHER
Vermont,1982,79340,168002,DEMOCRAT
Virginia,1994,938376,2057463,DEMOCRAT
New York,2010,42341,4763899,OTHER
North Dakota,2006,150146,218152,DEMOCRAT
Georgia,2004,1864202,3220981,REPUBLICAN
Indiana,2006,168820,1341111,LIBERTARIAN
North Dakota,1998,3598,213358,OTHER
Georgia,1998,43467,1753953,LIBERTARIAN
Utah,1976,3026,522108,LIBERTARIAN
Massachusetts,2008,2516,3102995,OTHER
Iowa,1992,351561,1292494,DEMOCRAT
Florida,2012,12,8189946,OTHER
Washington,2000,1197208,2461379,REPUBLICAN
Texas,2012,162354,7864822,LIBERTARIAN
Maine,2018,223502,634409,REPUBLICAN
Texas,2014,133751,4648358,LIBERTARIAN
Oregon,1998,682425,1117747,DEMOCRAT
North Carolina,1984,1070488,2239051,DEMOCRAT
Georgia,2021,2194848,4483294,REPUBLICAN
California,1982,96388,7805450,OTHER
Connecticut,2012,604569,1511764,REPUBLICAN
Washington,1998,1103184,1888561,DEMOCRAT
Texas,1976,2199956,3874230,DEMOCRAT
Arkansas,1980,330576,808812,REPUBLICAN
Tennessee,2014,2314,1374065,OTHER
Connecticut,1994,443793,1079664,DEMOCRAT
Louisiana,1980,10208,841013,REPUBLICAN
Delaware,2012,15300,399606,OTHER
Michigan,1976,3399,3490412,OTHER
South Carolina,1986,4789,737962,LIBERTARIAN
Minnesota,2018,931,2596879,OTHER
Utah,1986,3023,435111,LIBERTARIAN
Nebraska,1982,26443,545647,OTHER
Tennessee,2002,2217,1642432,OTHER
Colorado,1986,3756,1060765,OTHER
Maine,2012,215399,724720,REPUBLICAN
Maryland,1994,68,1369101,OTHER
Vermont,2016,3241,320467,OTHER
Hawaii,1982,245386,306410,DEMOCRAT
Iowa,1980,5858,1276986,OTHER
Arkansas,1986,52,695487,OTHER
New York,1980,3643,6014914,OTHER
Minnesota,1982,840401,1804675,DEMOCRAT
Maryland,1986,1,1112637,OTHER
Oregon,2002,29979,1267221,LIBERTARIAN
Nevada,2000,457,600776,OTHER
Mississippi,1994,189752,608085,DEMOCRAT
Alabama,2016,1335104,2087444,REPUBLICAN
Utah,1992,5292,758479,OTHER
Utah,1980,3186,594298,OTHER
Kansas,1996,362380,1052300,DEMOCRAT
Colorado,1996,667600,1459601,DEMOCRAT
Utah,1986,115523,435111,DEMOCRAT
Mississippi,2006,213000,610921,DEMOCRAT
Mississippi,1982,414099,645026,DEMOCRAT
Indiana,1994,15801,1543568,OTHER
Iowa,1986,588880,891762,REPUBLICAN
Texas,2006,2661789,4314663,REPUBLICAN
South Carolina,1998,457,1069063,OTHER
Nebraska,1988,521,667860,OTHER
Montana,1990,93836,319336,REPUBLICAN
New York,2016,150655,7800725,OTHER
Arizona,2010,14,1708484,OTHER
New Jersey,2000,19312,3015662,OTHER
Nebraska,1996,379933,661837,REPUBLICAN
Montana,1996,4168,407490,OTHER
Tennessee,2020,7203,2959761,OTHER
New York,2016,267613,7800725,OTHER
California,1994,173,8514089,OTHER
Louisiana,2016,58606,1997218,REPUBLICAN
Hawaii,2004,313629,415347,DEMOCRAT
New York,1994,118154,5328486,OTHER
Connecticut,2010,17,1153115,OTHER
Florida,1976,1057886,2857534,REPUBLICAN
Vermont,1994,3141,211672,OTHER
Tennessee,2012,8085,2321477,OTHER
Arizona,2010,24603,1708484,OTHER
Colorado,2008,59733,2331621,OTHER
Illinois,2016,5,5491878,OTHER
Colorado,1986,512994,1060765,REPUBLICAN
Vermont,2018,183529,272624,OTHER
Tennessee,2002,5349,1642432,OTHER
New York,1988,13573,6040980,OTHER
Indiana,1986,595192,1545563,DEMOCRAT
Rhode Island,2014,223675,316898,DEMOCRAT
Illinois,1996,41218,4250722,LIBERTARIAN
Oregon,1992,5793,1376033,OTHER
Tennessee,1988,541033,1567181,REPUBLICAN
Nebraska,1984,332217,639668,DEMOCRAT
Nevada,1988,5523,342407,LIBERTARIAN
Illinois,2020,2,5968901,OTHER
Oregon,1984,406122,1214735,DEMOCRAT
Alaska,1990,61152,189957,DEMOCRAT
Iowa,2014,4724,1129700,OTHER
New York,2000,21439,6959662,OTHER
Missouri,2012,5,2725793,OTHER
Nevada,2004,494805,810068,DEMOCRAT
Montana,2012,236123,486066,DEMOCRAT
South Carolina,2020,1369137,2515104,REPUBLICAN
Illinois,1980,2715,4580029,OTHER
Indiana,1986,8314,1545563,LIBERTARIAN
Connecticut,1994,20989,1079664,OTHER
New Mexico,2012,351260,775793,REPUBLICAN
Oklahoma,1984,11168,1197937,LIBERTARIAN
New York,2018,160128,6055151,OTHER
Michigan,2006,2151278,3780142,DEMOCRAT
Arizona,1992,145361,1382051,OTHER
Alabama,1998,817973,1293405,REPUBLICAN
Missouri,1992,1221901,2354916,REPUBLICAN
New York,1988,56,6040980,OTHER
West Virginia,2014,8,453689,OTHER
California,1988,66288,9743598,OTHER
Nebraska,1984,307147,639668,REPUBLICAN
Iowa,1978,421598,824576,REPUBLICAN
Massachusetts,1994,14484,2179945,LIBERTARIAN
Washington,2006,1184659,2083734,DEMOCRAT
California,2010,4217366,10000160,REPUBLICAN
Pennsylvania,1976,26028,4546353,OTHER
New Jersey,1994,1033487,2054887,DEMOCRAT
Oregon,1986,375735,1042555,DEMOCRAT
Louisiana,1980,325922,841013,DEMOCRAT
Kansas,2014,460350,866191,REPUBLICAN
Georgia,2014,14,2567805,OTHER
Mississippi,2000,7315,994144,OTHER
Georgia,2014,1358088,2567805,REPUBLICAN
Minnesota,1984,4653,2066143,LIBERTARIAN
Oregon,2014,538847,1461618,REPUBLICAN
Arkansas,1996,400241,846183,DEMOCRAT
New York,2006,6004,4700632,OTHER
Kentucky,2020,18,2135057,OTHER
Louisiana,1998,12203,969165,OTHER
Rhode Island,2018,144421,376738,REPUBLICAN
Kansas,1998,11545,727236,LIBERTARIAN
Colorado,2016,9336,2743023,OTHER
Iowa,1980,4233,1276986,LIBERTARIAN
South Carolina,2002,667,1102912,OTHER
Texas,1984,2202557,5314178,DEMOCRAT
Hawaii,2006,6415,342842,LIBERTARIAN
Maryland,2004,204,2321931,OTHER
Alaska,2014,5636,282400,OTHER
Texas,1996,3027680,5527441,REPUBLICAN
Georgia,2002,932422,2031604,DEMOCRAT
Louisiana,2020,229814,2071543,DEMOCRAT
Nebraska,1982,155760,545647,REPUBLICAN
Georgia,1992,1108416,2251587,DEMOCRAT
Minnesota,1996,4381,2182905,OTHER
Nevada,1998,2781,435864,OTHER
Arkansas,2004,580973,1039349,DEMOCRAT
Oregon,2010,566199,1442588,REPUBLICAN
Delaware,1982,537,190960,OTHER
Oklahoma,1986,493436,893666,REPUBLICAN
Minnesota,2002,7,2254636,OTHER
Michigan,1996,304,3762575,OTHER
Oklahoma,1996,474162,1183150,DEMOCRAT
Tennessee,1982,479642,1259785,REPUBLICAN
Missouri,2012,1066159,2725793,REPUBLICAN
Oregon,1980,43686,1140494,LIBERTARIAN
Rhode Island,1990,138947,364062,REPUBLICAN
Michigan,1994,20010,3043385,OTHER
New Hampshire,2016,12597,739140,LIBERTARIAN
Arizona,1982,411970,723885,DEMOCRAT
Colorado,2010,19,1772286,OTHER
New Jersey,1996,15183,2883466,OTHER
Ohio,1976,31805,3920613,OTHER
Rhode Island,2000,222588,391353,REPUBLICAN
New York,2006,148792,4700632,OTHER
Minnesota,2012,30531,2843207,OTHER
Iowa,2002,701,1023075,OTHER
Montana,1988,175809,365254,DEMOCRAT
Indiana,1982,978301,1817287,REPUBLICAN
Mississippi,2002,97226,630495,OTHER
Montana,2020,272463,605637,DEMOCRAT
North Dakota,2018,179720,326138,REPUBLICAN
New Jersey,2012,3532,3376649,OTHER
Arizona,1980,432371,874238,REPUBLICAN
Illinois,2014,31,3603519,OTHER
Nevada,1980,6920,243273,LIBERTARIAN
Connecticut,2012,46520,1511764,OTHER
New York,2012,138255,7116628,OTHER
Kansas,2010,220971,837692,DEMOCRAT
New York,1992,2652822,7078805,REPUBLICAN
New York,1998,55724,4989877,OTHER
Illinois,1986,13891,3122883,LIBERTARIAN
Arizona,1976,321236,741210,REPUBLICAN
North Carolina,1998,945943,2012143,REPUBLICAN
Mississippi,2000,8454,994144,LIBERTARIAN
New Hampshire,1996,227355,491873,DEMOCRAT
Iowa,2004,475,1479228,OTHER
Georgia,2004,31,3220981,OTHER
Connecticut,2004,12442,1424726,OTHER
North Carolina,2014,621,2915281,OTHER
Oregon,1992,639851,1376033,DEMOCRAT
Georgia,2008,1228033,2137956,REPUBLICAN
New Mexico,1994,213025,463196,REPUBLICAN
Ohio,2016,3118567,5374164,REPUBLICAN
New Jersey,2008,10345,3482445,OTHER
Florida,2006,15562,4793534,OTHER
Vermont,2006,1536,262419,OTHER
Wyoming,2020,1071,278503,OTHER
Wisconsin,1992,459,2455124,OTHER
Iowa,2014,8232,1129700,LIBERTARIAN
Oregon,1978,341616,892518,DEMOCRAT
Tennessee,2020,8478,2959761,OTHER
Vermont,2016,5223,320467,OTHER
Delaware,2012,265415,399606,DEMOCRAT
Indiana,2000,1427944,2145209,REPUBLICAN
Kansas,1990,578605,786235,REPUBLICAN
Minnesota,2018,1370540,2587356,DEMOCRAT
Tennessee,1996,5865,1778664,OTHER
Arizona,2004,404507,1961677,DEMOCRAT
Ohio,1980,2770786,4027303,DEMOCRAT
Colorado,2008,990755,2331621,REPUBLICAN
Ohio,1986,88,3121189,OTHER
Hawaii,1976,1404,302092,LIBERTARIAN
Georgia,2014,9,2567805,OTHER
Oregon,1996,20381,1360230,OTHER
Arkansas,2020,793871,1193261,REPUBLICAN
Florida,1986,1552376,3429996,REPUBLICAN
Missouri,2016,30743,2802637,OTHER
New York,1994,538150,5328486,OTHER
Arizona,1976,7310,741210,LIBERTARIAN
Minnesota,2006,1278849,2202772,DEMOCRAT
New Jersey,1988,5347,2987634,OTHER
Tennessee,2008,8986,2424585,OTHER
California,1980,202410,8324012,LIBERTARIAN
Iowa,1986,3370,891762,OTHER
Georgia,1992,69878,2251587,LIBERTARIAN
Nevada,2018,7091,972132,OTHER
West Virginia,2008,254629,702308,REPUBLICAN
Massachusetts,2020,7428,3658005,OTHER
Hawaii,2000,4220,345623,OTHER
Alaska,2004,140424,308315,DEMOCRAT
New Mexico,1994,182,463196,OTHER
Wisconsin,2006,1254,2138297,OTHER
Utah,1994,1462,519304,OTHER
Maine,2002,209858,504899,DEMOCRAT
Oklahoma,2008,527736,1346819,DEMOCRAT
Oregon,1996,12697,1360230,LIBERTARIAN
Arizona,2012,24,2243422,OTHER
Nebraska,1984,304,639668,OTHER
Tennessee,1994,4169,1465862,OTHER
Florida,2010,6,5411106,OTHER
Nebraska,1976,313805,593310,DEMOCRAT
New York,1998,34281,4989877,OTHER
Minnesota,2002,11381,2254636,DEMOCRAT
Tennessee,1990,11191,783922,OTHER
Massachusetts,1996,1334135,2555942,DEMOCRAT
North Carolina,1978,516663,1135814,DEMOCRAT
Wyoming,1984,146373,186898,REPUBLICAN
Alaska,2004,8885,308315,OTHER
Texas,1976,20549,3874230,OTHER
Texas,2014,1597387,4648358,DEMOCRAT
Idaho,1996,10137,497233,OTHER
Massachusetts,1988,207,2606225,OTHER
Missouri,1998,31876,1576857,LIBERTARIAN
Maine,1984,142626,551406,DEMOCRAT
Delaware,2002,135253,232314,DEMOCRAT
Virginia,1976,596009,1557500,DEMOCRAT
Arizona,2016,1031245,2530730,DEMOCRAT
Oregon,2016,1105119,1952478,DEMOCRAT
Michigan,2018,1938818,4237271,REPUBLICAN
New York,1988,64845,6040980,OTHER
Minnesota,2012,73539,2843207,OTHER
Mississippi,2006,388399,610921,REPUBLICAN
Arizona,2016,4,2530730,OTHER
Washington,2016,1329338,3243317,REPUBLICAN
California,1976,3502862,7470586,DEMOCRAT
Kentucky,2010,600052,1356096,DEMOCRAT
North Dakota,1988,112937,289170,REPUBLICAN
South Carolina,2014,21652,1238982,OTHER
Connecticut,2012,40,1511764,OTHER
Colorado,2020,1429492,3235790,REPUBLICAN
Oklahoma,2014,237923,820890,DEMOCRAT
Maine,2018,66268,634409,DEMOCRAT
Arizona,1982,20100,723885,LIBERTARIAN
Oklahoma,2020,34435,1556361,LIBERTARIAN
Tennessee,2008,767236,2424585,DEMOCRAT
Arkansas,1978,37211,517138,OTHER
New Hampshire,1998,7603,314696,LIBERTARIAN
Oregon,2008,5388,1767504,OTHER
Minnesota,2008,437505,2887646,OTHER
Alabama,1992,31811,1577799,LIBERTARIAN
West Virginia,2010,283358,529948,DEMOCRAT
North Dakota,2016,4675,342501,OTHER
Arizona,1980,13,874238,OTHER
New Jersey,2018,8854,3169310,OTHER
New Jersey,2020,32290,4440440,OTHER
Iowa,2016,4441,1541036,OTHER
Wisconsin,1980,1065487,2204202,DEMOCRAT
Oregon,1998,22024,1117747,OTHER
California,1998,4410056,8311905,DEMOCRAT
Hawaii,2010,7762,370583,OTHER
Alabama,1998,864,1293405,OTHER
Washington,2000,1199437,2461379,DEMOCRAT
Hawaii,2004,5277,415347,LIBERTARIAN
Texas,1982,1256759,3103167,REPUBLICAN
Missouri,2010,4,1943899,OTHER
Arizona,2016,7,2530730,OTHER
New York,2000,179823,6959662,OTHER
Alaska,1990,125806,189957,REPUBLICAN
Maryland,2004,1504691,2321931,DEMOCRAT
South Carolina,2016,704540,2049893,DEMOCRAT
Indiana,2000,683273,2145209,DEMOCRAT
Georgia,1984,1344104,1681344,DEMOCRAT
Louisiana,2002,339506,2481629,REPUBLICAN
Alabama,2020,1392076,2316445,REPUBLICAN
Wisconsin,2000,1563238,2540083,DEMOCRAT
Wisconsin,2016,1396,2948741,OTHER
Oklahoma,1992,21225,1294423,OTHER
Minnesota,1990,911999,1808045,DEMOCRAT
Delaware,1978,66479,162072,REPUBLICAN
Georgia,2000,25942,2415743,OTHER
Michigan,2000,26274,4167685,OTHER
North Carolina,2008,1887510,4271970,REPUBLICAN
Utah,2004,17289,911726,OTHER
Maryland,2016,77,2726170,OTHER
Iowa,2020,27438,1700130,OTHER
Texas,2020,5962983,11144040,REPUBLICAN
Connecticut,1998,12261,964457,OTHER
Minnesota,1982,949207,1804675,REPUBLICAN
Iowa,2014,5873,1129700,OTHER
Michigan,1990,1471753,2560494,DEMOCRAT
Vermont,2012,72898,292762,REPUBLICAN
Alaska,2020,146068,354587,DEMOCRAT
Indiana,1998,552732,1588617,REPUBLICAN
Iowa,2002,11340,1023075,OTHER
Massachusetts,1982,205,2050769,OTHER
Washington,1994,752352,1700173,DEMOCRAT
Connecticut,1988,688499,1383526,DEMOCRAT
Texas,1988,2129228,5323606,REPUBLICAN
Oklahoma,1986,400230,893666,DEMOCRAT
Arkansas,2014,16797,847505,OTHER
Alaska,1992,127163,239714,REPUBLICAN
Illinois,2002,57382,3486851,LIBERTARIAN
Michigan,1984,1915831,3700938,DEMOCRAT
Vermont,1994,1376,211672,OTHER
Oregon,2014,6672,1461618,OTHER
New Hampshire,1980,46,375060,OTHER
Colorado,2010,822731,1772286,REPUBLICAN
California,1992,372817,10799703,OTHER
Wisconsin,1992,1290662,2455124,DEMOCRAT
Georgia,2010,52,2555258,OTHER
North Carolina,2016,2128165,4691133,DEMOCRAT
Kansas,2020,68263,1367755,LIBERTARIAN
Kansas,1998,11334,727236,OTHER
Hawaii,2012,269489,437159,DEMOCRAT
Kentucky,1984,644990,1292407,REPUBLICAN
West Virginia,1984,344680,722212,REPUBLICAN
Minnesota,1984,5351,2066143,OTHER
Michigan,2014,1704936,3121771,DEMOCRAT
New York,1994,276548,5328486,OTHER
Missouri,1998,15368,1576857,OTHER
Virginia,1994,1437,2057463,OTHER
New Jersey,1982,9934,2193945,LIBERTARIAN
Maryland,1988,617537,1617065,REPUBLICAN
Arizona,1980,3266,874238,OTHER
Kentucky,1990,437976,916010,DEMOCRAT
North Dakota,1986,3269,289013,OTHER
Nevada,2012,446080,997805,DEMOCRAT
Delaware,2014,4560,234038,OTHER
South Carolina,2014,757215,1238982,REPUBLICAN
Massachusetts,2018,91710,2707090,OTHER
South Dakota,1992,217095,334495,DEMOCRAT
Vermont,1998,1238,214036,OTHER
Connecticut,2016,16713,1596276,OTHER
South Carolina,2016,11923,2049893,OTHER
Florida,2010,7397,5411106,OTHER
Michigan,1984,22882,3700938,OTHER
Nebraska,2006,213928,592316,REPUBLICAN
Colorado,1978,480801,819256,REPUBLICAN
New York,1992,143199,7078805,OTHER
Rhode Island,2012,933,418189,OTHER
North Carolina,2002,33807,2331181,LIBERTARIAN
Maryland,2016,89970,2726170,OTHER
Pennsylvania,1988,1416764,4366598,DEMOCRAT
Nebraska,1990,243013,593828,REPUBLICAN
Minnesota,2018,940437,2596879,REPUBLICAN
Alaska,1996,29037,231916,OTHER
Minnesota,1994,2428,1772929,OTHER
Minnesota,1994,869653,1772929,REPUBLICAN
Connecticut,2012,19,1511764,OTHER
New Hampshire,1984,157447,384369,DEMOCRAT
Georgia,1978,108808,645128,REPUBLICAN
Hawaii,2006,210330,342842,DEMOCRAT
Connecticut,1992,10741,1500661,LIBERTARIAN
California,2004,81224,12053295,OTHER
Wisconsin,2010,638,2171331,OTHER
Georgia,2020,36176,4914361,REPUBLICAN
Kansas,1980,598686,938957,REPUBLICAN
Idaho,2004,499796,503932,REPUBLICAN
Illinois,2010,87247,3704473,LIBERTARIAN
Kansas,2010,17922,837692,LIBERTARIAN
Illinois,2020,6,5968901,OTHER
New Mexico,1996,6064,551821,LIBERTARIAN
New Jersey,2018,19897,3169310,OTHER
Delaware,2006,69734,242972,REPUBLICAN
Michigan,1988,27116,3505985,LIBERTARIAN
Maryland,1982,707356,1114690,DEMOCRAT
New York,1992,16724,7078805,OTHER
Pennsylvania,2004,580,5559105,OTHER
Pennsylvania,1988,4569,4366598,OTHER
Alabama,1980,15989,1296757,OTHER
North Carolina,1990,681,2069585,OTHER
Montana,2012,218051,486066,REPUBLICAN
Oklahoma,2020,11371,1556361,OTHER
Connecticut,2006,450844,1134777,DEMOCRAT
Idaho,1996,283532,497233,REPUBLICAN
Tennessee,2012,18620,2321477,OTHER
Virginia,1988,1159,2068897,OTHER
Illinois,1984,2308039,4787335,REPUBLICAN
Colorado,1990,15432,1022027,OTHER
Maine,1996,70,606777,OTHER
Washington,2004,1204584,2818651,REPUBLICAN
Louisiana,2010,8167,1264994,OTHER
Vermont,1982,897,168002,OTHER
Oregon,2008,864392,1767504,DEMOCRAT
New Hampshire,1978,133745,263760,REPUBLICAN
Utah,1994,9550,519304,OTHER
Alabama,1978,6006,729842,LIBERTARIAN
Tennessee,2000,1255444,1928613,REPUBLICAN
Hawaii,1992,49921,363662,OTHER
Alaska,2002,16608,229548,OTHER
Nevada,2016,521994,1108294,DEMOCRAT
Wisconsin,2012,16455,3009411,OTHER
Utah,1982,219482,530802,DEMOCRAT
Indiana,1980,1182414,2198376,REPUBLICAN
Nevada,1998,208220,435864,REPUBLICAN
Iowa,1978,395066,824576,DEMOCRAT
Wyoming,2012,417,250700,OTHER
New Jersey,2002,12558,2112604,LIBERTARIAN
Illinois,1978,15922,3184764,OTHER
Minnesota,1996,901194,2182905,REPUBLICAN
Virginia,2020,2466500,4405087,DEMOCRAT
Michigan,1996,2195738,3762575,DEMOCRAT
Vermont,2006,84924,262419,REPUBLICAN
Michigan,2006,1559597,3780142,REPUBLICAN
Tennessee,2006,879976,1833695,DEMOCRAT
Wisconsin,1976,7354,1935183,OTHER
Virginia,1996,1235744,2354715,REPUBLICAN
Louisiana,2016,1483,1997218,OTHER
Tennessee,1994,3087,1480391,OTHER
Arkansas,2004,212,1039349,OTHER
Wisconsin,1988,1128625,2168190,DEMOCRAT
Michigan,1978,272,2846630,OTHER
Maine,2008,279510,724430,DEMOCRAT
Alaska,1998,5046,221807,LIBERTARIAN
Vermont,2000,3843,288500,LIBERTARIAN
Oregon,2004,1536,1780550,OTHER
Wisconsin,1986,2234,1483174,OTHER
Wyoming,2006,60,196215,OTHER
Florida,2012,82089,8189946,OTHER
Oklahoma,2004,763433,1446846,REPUBLICAN
New York,1992,23747,7078805,OTHER
Iowa,2020,864,1700130,OTHER
Wisconsin,2012,62240,3009411,LIBERTARIAN
Illinois,2016,3012940,5491878,DEMOCRAT
Rhode Island,1988,180717,397990,DEMOCRAT
Oregon,2008,92565,1767504,OTHER
Kentucky,1992,836888,1330858,DEMOCRAT
Oregon,1996,677336,1360230,REPUBLICAN
Minnesota,1978,45402,1558376,OTHER
Indiana,1982,10586,1817287,OTHER
Tennessee,2020,4160,2959761,OTHER
Alaska,2002,24133,229548,DEMOCRAT
Vermont,2000,361,288500,OTHER
Louisiana,2014,202556,3523183,REPUBLICAN
Arizona,2004,51798,1961677,LIBERTARIAN
North Carolina,1986,780967,1534848,DEMOCRAT
New Mexico,2014,229097,515506,REPUBLICAN
Colorado,1980,571295,1173142,REPUBLICAN
Wisconsin,2004,1632697,2949743,DEMOCRAT
Massachusetts,1988,15208,2606225,OTHER
Nevada,2010,2119,721404,OTHER
Nevada,1998,8113,435864,OTHER
South Carolina,2014,459583,1238982,DEMOCRAT
California,1994,140567,8514089,OTHER
Colorado,2020,8971,3235790,OTHER
Delaware,2020,7833,490935,OTHER
Mississippi,1988,436339,946719,DEMOCRAT
Maine,2012,92900,724720,DEMOCRAT
New Jersey,1994,3249,2054887,OTHER
Nevada,1998,208621,435864,DEMOCRAT
Arizona,2020,17,3355307,OTHER
Oklahoma,1984,906131,1197937,DEMOCRAT
Oregon,1996,4425,1360230,OTHER
Nebraska,2000,337977,692350,REPUBLICAN
Wisconsin,1992,1129599,2455124,REPUBLICAN
Vermont,2006,1735,262419,OTHER
California,2000,134598,10623608,OTHER
Connecticut,2016,12,1596276,OTHER
Delaware,2020,291804,490935,DEMOCRAT
New York,2010,18414,4757635,LIBERTARIAN
New Jersey,2012,2066,3376649,OTHER
Missouri,2012,6,2725793,OTHER
California,1992,247799,10782743,LIBERTARIAN
New York,2000,2724589,6959662,REPUBLICAN
California,1980,196260,8324012,OTHER
Iowa,2004,15218,1479228,LIBERTARIAN
New Jersey,2000,6061,3015662,OTHER
Wyoming,2006,291,196215,OTHER
Alaska,1992,92065,239714,DEMOCRAT
Virginia,2014,1073667,2184473,DEMOCRAT
Nevada,1976,2307,201899,LIBERTARIAN
Hawaii,1976,122724,302092,REPUBLICAN
Montana,1978,160353,287942,DEMOCRAT
Alaska,2014,1376,282400,OTHER
New Jersey,2002,928439,2112604,REPUBLICAN
New York,2012,42442,7116628,OTHER
Vermont,1992,5121,285739,OTHER
Maine,2006,179,545128,OTHER
Idaho,1978,89635,284047,DEMOCRAT
Michigan,2020,7,5479720,OTHER
Minnesota,1978,9856,1580622,OTHER
Iowa,2008,941665,1502918,DEMOCRAT
Pennsylvania,2004,220056,5559105,OTHER
Michigan,1984,1745302,3700938,REPUBLICAN
California,1994,179100,8514089,LIBERTARIAN
Nebraska,2000,1280,692350,OTHER
Louisiana,2002,10442,2481629,OTHER
West Virginia,1982,387170,565314,DEMOCRAT
Louisiana,2008,8780,1896574,OTHER
New Jersey,1982,1117549,2193945,DEMOCRAT
Illinois,1996,1728824,4250722,REPUBLICAN
Massachusetts,2006,78345,2243835,OTHER
Tennessee,2012,705882,2321477,DEMOCRAT
Indiana,1998,1012244,1588617,DEMOCRAT
Massachusetts,2018,1633371,2707090,DEMOCRAT
Kansas,1990,207491,786235,DEMOCRAT
Montana,2002,103611,326537,REPUBLICAN
Maryland,2012,21,2633234,OTHER
Vermont,1998,154567,214036,DEMOCRAT
Texas,1996,51516,5527441,LIBERTARIAN
South Carolina,1992,703,1180438,OTHER
Michigan,2014,67,3121771,OTHER
New Mexico,2002,168863,483056,DEMOCRAT
New Hampshire,1990,189792,291393,REPUBLICAN
Arizona,1998,275224,1013280,DEMOCRAT
Hawaii,1976,14226,302092,OTHER
Oregon,1992,717455,1376033,REPUBLICAN
Nevada,2006,7774,582572,OTHER
Iowa,1990,1089,983933,OTHER
Oklahoma,2016,40405,1448047,OTHER
Louisiana,1998,306616,969165,REPUBLICAN
Mississippi,2012,13194,1241568,OTHER
New York,1988,12064,6040980,LIBERTARIAN
Connecticut,2000,25509,1311261,OTHER
Michigan,2014,62897,3121771,LIBERTARIAN
Utah,2010,360403,585230,REPUBLICAN
California,1992,305697,10782743,OTHER
Missouri,2006,47792,2128459,LIBERTARIAN
South Carolina,1986,262886,737962,REPUBLICAN
Montana,2018,253876,504384,DEMOCRAT
Alaska,2016,2609,311441,OTHER
New Hampshire,2008,21516,694787,LIBERTARIAN
Kansas,1978,5386,748839,OTHER
Pennsylvania,1994,249,3513361,OTHER
Florida,2010,18,5411106,OTHER
North Carolina,1996,25396,2556456,LIBERTARIAN
New Hampshire,1984,225828,384369,REPUBLICAN
Florida,2016,22236,9301820,OTHER
Illinois,1996,17563,4250722,OTHER
Michigan,2008,1641070,4848620,REPUBLICAN
New Hampshire,2002,197,447135,OTHER
Nevada,2018,15303,972132,OTHER
Nebraska,2002,5066,480217,OTHER
Maryland,2018,85964,2299889,OTHER
Ohio,1976,36979,3920613,OTHER
Wisconsin,1986,702963,1483174,DEMOCRAT
Tennessee,1984,1000607,1648036,DEMOCRAT
Vermont,1994,12465,211672,OTHER
Louisiana,2008,867177,1896574,REPUBLICAN
Illinois,2010,33,3704473,OTHER
Delaware,2010,2101,307402,LIBERTARIAN
Michigan,1994,1578770,3043385,REPUBLICAN
Michigan,1996,5975,3762575,OTHER
New York,1998,3513,4989877,OTHER
Maine,1994,242,511733,OTHER
Alabama,1980,2649,1296757,OTHER
Wyoming,2012,185250,250700,REPUBLICAN
Vermont,1992,154762,285739,DEMOCRAT
Massachusetts,1994,1265997,2179945,DEMOCRAT
Oklahoma,2004,86663,1446846,OTHER
New Hampshire,1992,234982,518170,DEMOCRAT
Georgia,1980,803686,1579829,REPUBLICAN
Tennessee,2012,23,2321477,OTHER
New Hampshire,2004,434847,657086,REPUBLICAN
Texas,1988,3149806,5323606,DEMOCRAT
Illinois,2016,2184692,5491878,REPUBLICAN
New York,1976,3238511,6666875,DEMOCRAT
Utah,2012,657608,1006901,REPUBLICAN
Hawaii,2016,92653,437664,REPUBLICAN
Missouri,2012,9,2725793,OTHER
Iowa,2016,41794,1541036,LIBERTARIAN
Illinois,2016,175988,5491878,LIBERTARIAN
Vermont,2012,2511,292762,OTHER
Oklahoma,1996,15092,1183150,OTHER
New York,2010,3047880,4763899,DEMOCRAT
Minnesota,1978,11397,1558376,OTHER
Ohio,2016,93041,5374164,OTHER
New York,2012,455963,7116628,OTHER
Alaska,2004,1240,308315,OTHER
South Carolina,2010,364598,1318794,DEMOCRAT
Colorado,2004,6481,2107472,OTHER
Massachusetts,2006,661532,2243835,REPUBLICAN
New York,2012,250580,7116628,OTHER
Kentucky,1990,478034,916010,REPUBLICAN
Florida,2006,16628,4793534,OTHER
Wyoming,2008,293,249619,OTHER
Washington,1976,7402,1491111,OTHER
Nevada,2000,5395,600776,LIBERTARIAN
North Carolina,2004,362,3472082,OTHER
Delaware,2020,186054,490935,REPUBLICAN
Nebraska,1990,1036,593828,OTHER
Illinois,1984,273,4787335,OTHER
West Virginia,2008,83,702308,OTHER
South Carolina,2002,600010,1102912,REPUBLICAN
Iowa,1998,275,947907,OTHER
Alaska,2010,927,255503,OTHER
Minnesota,1978,957908,1558376,REPUBLICAN
New Jersey,2014,4513,1869535,OTHER
Iowa,2004,1874,1479228,OTHER
Oklahoma,1980,587252,1098294,REPUBLICAN
Oregon,1990,1417,1099255,OTHER
Arizona,2000,70724,1397076,LIBERTARIAN
Alaska,2010,101091,255503,OTHER
Minnesota,1988,4039,2093953,LIBERTARIAN
Virginia,2002,8371,1489422,OTHER
West Virginia,1994,130441,420936,REPUBLICAN
New Hampshire,2002,227229,447135,REPUBLICAN
Tennessee,1978,71,1157094,OTHER
Arizona,2018,566,2384308,OTHER
Maryland,2016,7,2726170,OTHER
Virginia,1996,1115982,2354715,DEMOCRAT
Minnesota,2000,8915,2419520,OTHER
New York,2006,6967,4700632,OTHER
South Carolina,1998,488238,1069063,REPUBLICAN
Alaska,1996,23977,231916,DEMOCRAT
Illinois,1984,4802,4787335,OTHER
Michigan,2002,10366,3129287,OTHER
Oregon,1980,594290,1140494,REPUBLICAN
New Hampshire,2014,251184,488159,DEMOCRAT
New Jersey,2012,2249,3376649,OTHER
Virginia,2012,2010067,3802196,DEMOCRAT
South Carolina,2014,33839,1240075,LIBERTARIAN
Maryland,2018,2351,2299889,OTHER
Massachusetts,2000,1889494,2734048,DEMOCRAT
Arizona,1994,58,1119060,OTHER
Iowa,2004,11121,1479228,OTHER
Massachusetts,1994,4776,2179945,OTHER
Kentucky,2014,64,1435868,OTHER
Oregon,1990,590095,1099255,REPUBLICAN
Vermont,1992,1780,285739,OTHER
Louisiana,2004,943014,1848056,REPUBLICAN
Oklahoma,2020,979140,1556361,REPUBLICAN
Iowa,1992,6277,1292494,OTHER
Tennessee,2014,2386,1374065,OTHER
Arizona,1988,32,1164539,OTHER
Iowa,1980,683014,1276986,REPUBLICAN
Utah,2006,4428,571252,LIBERTARIAN
New York,1976,348498,6666875,OTHER
Connecticut,2012,792983,1511764,DEMOCRAT
Nebraska,2014,446,540337,OTHER
Ohio,1998,1482054,3404351,DEMOCRAT
West Virginia,2010,10152,529948,OTHER
Arizona,2010,80097,1708484,LIBERTARIAN
Oklahoma,2002,583579,1018424,REPUBLICAN
Ohio,1976,1941113,3920613,DEMOCRAT
Louisiana,2016,536191,1997218,REPUBLICAN
Maine,1982,14,459715,OTHER
Utah,2012,31905,1006901,OTHER
New Hampshire,2016,353632,739140,REPUBLICAN
Massachusetts,2008,108748,3102995,OTHER
Utah,2004,18,911726,OTHER
Georgia,1996,81262,2259224,LIBERTARIAN
Tennessee,1978,2243,1157094,OTHER
Washington,1988,904183,1848542,DEMOCRAT
North Carolina,2020,171571,5474952,LIBERTARIAN
Texas,1996,19469,5527441,OTHER
Illinois,2016,42,5491878,OTHER
California,2000,187718,10623608,LIBERTARIAN
Utah,1980,437675,594298,REPUBLICAN
North Carolina,2008,133430,4271970,LIBERTARIAN
Alabama,1980,13098,1296757,LIBERTARIAN
Utah,1986,1863,435111,OTHER
Oregon,2002,21703,1267221,OTHER
Indiana,2016,127,2732546,OTHER
West Virginia,2002,275281,436183,DEMOCRAT
New Hampshire,2020,486,795914,OTHER
Michigan,2006,18341,3780142,OTHER
Maryland,1988,362,1617065,OTHER
Ohio,2004,296,5425823,OTHER
Michigan,1994,128393,3043385,LIBERTARIAN
Massachusetts,2014,101817,2186789,OTHER
Massachusetts,2020,2357809,3658005,DEMOCRAT
Louisiana,2010,7474,1264994,OTHER
Massachusetts,2012,27643,3184196,OTHER
Alaska,1978,384,122741,OTHER
Arkansas,2008,804678,1011754,DEMOCRAT
Missouri,1986,699624,1477327,DEMOCRAT
Nevada,2010,16197,721404,OTHER
Colorado,1984,11077,1297809,LIBERTARIAN
Tennessee,1984,87234,1648036,OTHER
Mississippi,2012,709626,1241568,REPUBLICAN
Nebraska,2018,25349,698883,LIBERTARIAN
New York,2018,99325,6055151,OTHER
Florida,1982,1637667,2653419,DEMOCRAT
New Hampshire,2014,235347,488159,REPUBLICAN
Ohio,2016,88246,5374164,OTHER
Arizona,1986,340965,862921,DEMOCRAT
Indiana,1988,1430525,2099303,REPUBLICAN
South Dakota,2020,143987,420219,DEMOCRAT
Utah,2016,27339,1115583,OTHER
Hawaii,2004,87172,415347,REPUBLICAN
Pennsylvania,1976,2097,4546353,OTHER
Illinois,2014,1,3603519,OTHER
Florida,2010,4301,5411106,OTHER
Kentucky,2020,1233315,2135057,REPUBLICAN
Massachusetts,2002,369807,2220301,LIBERTARIAN
Missouri,2004,1158261,2706402,DEMOCRAT
Utah,1986,314608,435111,REPUBLICAN
Rhode Island,1990,225105,364062,DEMOCRAT
Maryland,2006,120,1781139,OTHER
Tennessee,2002,356,1642432,OTHER
Utah,2012,7172,1006901,OTHER
Wisconsin,2004,834,2949743,OTHER
Idaho,2014,285596,437170,REPUBLICAN
Alaska,1984,715,206438,OTHER
Minnesota,2000,1047474,2419520,REPUBLICAN
Illinois,2014,12,3603519,OTHER
New York,2006,2698931,4700632,DEMOCRAT
Connecticut,2006,564095,1134777,OTHER
New Hampshire,2010,9194,454710,OTHER
New Hampshire,2020,326229,795914,REPUBLICAN
Kentucky,1986,503775,677280,DEMOCRAT
Montana,2008,129369,477658,REPUBLICAN
Georgia,2020,324118,4914361,DEMOCRAT
Vermont,2010,2356,235178,OTHER
Minnesota,2020,57174,3214256,OTHER
Louisiana,2016,4927,1997218,DEMOCRAT
Utah,2010,191732,585230,DEMOCRAT
Colorado,2002,717893,1416082,REPUBLICAN
Tennessee,2000,25815,1928613,OTHER
Alaska,1980,72007,156762,DEMOCRAT
Colorado,1992,22846,1552289,OTHER
Arizona,2020,58,3355307,DEMOCRAT
New Jersey,2000,1420267,3015662,REPUBLICAN
Washington,1986,650931,1337367,REPUBLICAN
New Jersey,1988,20091,2987634,OTHER
Wisconsin,2016,1479471,2948741,REPUBLICAN
Florida,2000,2705348,5856731,REPUBLICAN
New York,2010,1338308,4757635,REPUBLICAN
Michigan,2012,11229,4652918,OTHER
